campaign,index,run_id,lr,beta1,beta2,seed,scheme,directory,job_id,loss,seconds
initial,0,packed4-atc-lr0.008-beta2-0.98-seed42,0.008,0.9,0.98,42,atc,runs/packed4-atc-20m-batch128k-lr016-20260911/experiments/packed4-atc-lr0.008-beta2-0.98-seed42,2316716_0,3.6023106166067063,439.99463148298673
initial,1,packed4-atc-lr0.0024-beta2-0.95-seed42,0.0024,0.9,0.95,42,atc,runs/packed4-atc-20m-batch128k-lr016-20260911/experiments/packed4-atc-lr0.0024-beta2-0.95-seed42,2316717_1,3.668551664657166,437.5634840779967
initial,2,packed4-atc-lr0.0024-beta2-0.95-seed43,0.0024,0.9,0.95,43,atc,runs/packed4-atc-20m-batch128k-lr016-20260911/experiments/packed4-atc-lr0.0024-beta2-0.95-seed43,2316717_2,3.672473807723182,442.9010064040049
initial,3,packed4-atc-lr0.0024-beta2-0.95-seed44,0.0024,0.9,0.95,44,atc,runs/packed4-atc-20m-batch128k-lr016-20260911/experiments/packed4-atc-lr0.0024-beta2-0.95-seed44,2316717_3,3.6663603927601964,442.53608894000354
initial,4,packed4-atc-lr0.0024-beta2-0.98-seed42,0.0024,0.9,0.98,42,atc,runs/packed4-atc-20m-batch128k-lr016-20260911/experiments/packed4-atc-lr0.0024-beta2-0.98-seed42,2316717_4,3.6487233754346327,445.96765701600816
initial,5,packed4-atc-lr0.0024-beta2-0.98-seed43,0.0024,0.9,0.98,43,atc,runs/packed4-atc-20m-batch128k-lr016-20260911/experiments/packed4-atc-lr0.0024-beta2-0.98-seed43,2316717_5,3.6447935408069427,432.89523026393726
initial,6,packed4-atc-lr0.0024-beta2-0.98-seed44,0.0024,0.9,0.98,44,atc,runs/packed4-atc-20m-batch128k-lr016-20260911/experiments/packed4-atc-lr0.0024-beta2-0.98-seed44,2316717_6,3.6434717882830263,442.5619482861366
initial,7,packed4-atc-lr0.0024-beta2-0.99-seed42,0.0024,0.9,0.99,42,atc,runs/packed4-atc-20m-batch128k-lr016-20260911/experiments/packed4-atc-lr0.0024-beta2-0.99-seed42,2316717_7,3.63637615539024,446.880743029993
initial,8,packed4-atc-lr0.0024-beta2-0.99-seed43,0.0024,0.9,0.99,43,atc,runs/packed4-atc-20m-batch128k-lr016-20260911/experiments/packed4-atc-lr0.0024-beta2-0.99-seed43,2316717_8,3.636385361570581,447.20424664998427
initial,9,packed4-atc-lr0.0024-beta2-0.99-seed44,0.0024,0.9,0.99,44,atc,runs/packed4-atc-20m-batch128k-lr016-20260911/experiments/packed4-atc-lr0.0024-beta2-0.99-seed44,2316717_9,3.6440651899246235,447.093603999936
initial,10,packed4-atc-lr0.004-beta2-0.95-seed42,0.004,0.9,0.95,42,atc,runs/packed4-atc-20m-batch128k-lr016-20260911/experiments/packed4-atc-lr0.004-beta2-0.95-seed42,2316717_10,3.643235118212866,438.5953970529372
initial,11,packed4-atc-lr0.004-beta2-0.95-seed43,0.004,0.9,0.95,43,atc,runs/packed4-atc-20m-batch128k-lr016-20260911/experiments/packed4-atc-lr0.004-beta2-0.95-seed43,2316717_11,3.6293699512521163,444.4911925611086
initial,12,packed4-atc-lr0.004-beta2-0.95-seed44,0.004,0.9,0.95,44,atc,runs/packed4-atc-20m-batch128k-lr016-20260911/experiments/packed4-atc-lr0.004-beta2-0.95-seed44,2316717_12,3.644072414202108,445.5053603600245
initial,13,packed4-atc-lr0.004-beta2-0.98-seed42,0.004,0.9,0.98,42,atc,runs/packed4-atc-20m-batch128k-lr016-20260911/experiments/packed4-atc-lr0.004-beta2-0.98-seed42,2316717_13,3.607501137093882,443.113717730972
initial,14,packed4-atc-lr0.004-beta2-0.98-seed43,0.004,0.9,0.98,43,atc,runs/packed4-atc-20m-batch128k-lr016-20260911/experiments/packed4-atc-lr0.004-beta2-0.98-seed43,2316717_14,3.6115651653933387,440.3133668549126
initial,15,packed4-atc-lr0.004-beta2-0.98-seed44,0.004,0.9,0.98,44,atc,runs/packed4-atc-20m-batch128k-lr016-20260911/experiments/packed4-atc-lr0.004-beta2-0.98-seed44,2316717_15,3.6144892461962783,434.073191454052
initial,16,packed4-atc-lr0.004-beta2-0.99-seed42,0.004,0.9,0.99,42,atc,runs/packed4-atc-20m-batch128k-lr016-20260911/experiments/packed4-atc-lr0.004-beta2-0.99-seed42,2316717_16,3.5967322503666557,430.7581900819205
initial,17,packed4-atc-lr0.004-beta2-0.99-seed43,0.004,0.9,0.99,43,atc,runs/packed4-atc-20m-batch128k-lr016-20260911/experiments/packed4-atc-lr0.004-beta2-0.99-seed43,2316717_17,3.605096366510449,431.1644904119894
initial,18,packed4-atc-lr0.004-beta2-0.99-seed44,0.004,0.9,0.99,44,atc,runs/packed4-atc-20m-batch128k-lr016-20260911/experiments/packed4-atc-lr0.004-beta2-0.99-seed44,2316717_18,3.6075897087515627,440.898779110983
initial,19,packed4-atc-lr0.0056-beta2-0.95-seed42,0.0056,0.9,0.95,42,atc,runs/packed4-atc-20m-batch128k-lr016-20260911/experiments/packed4-atc-lr0.0056-beta2-0.95-seed42,2316717_19,3.622994233540128,429.6851372800302
initial,20,packed4-atc-lr0.0056-beta2-0.95-seed43,0.0056,0.9,0.95,43,atc,runs/packed4-atc-20m-batch128k-lr016-20260911/experiments/packed4-atc-lr0.0056-beta2-0.95-seed43,2316717_20,3.615094860403663,438.9485487159109
initial,21,packed4-atc-lr0.0056-beta2-0.95-seed44,0.0056,0.9,0.95,44,atc,runs/packed4-atc-20m-batch128k-lr016-20260911/experiments/packed4-atc-lr0.0056-beta2-0.95-seed44,2316717_21,3.627434853639914,434.6825272650458
initial,22,packed4-atc-lr0.0056-beta2-0.98-seed42,0.0056,0.9,0.98,42,atc,runs/packed4-atc-20m-batch128k-lr016-20260911/experiments/packed4-atc-lr0.0056-beta2-0.98-seed42,2316717_22,3.595724139449476,414.70344011695124
initial,23,packed4-atc-lr0.0056-beta2-0.98-seed43,0.0056,0.9,0.98,43,atc,runs/packed4-atc-20m-batch128k-lr016-20260911/experiments/packed4-atc-lr0.0056-beta2-0.98-seed43,2316717_23,3.5879094403643697,435.96943121899676
initial,24,packed4-atc-lr0.0056-beta2-0.98-seed44,0.0056,0.9,0.98,44,atc,runs/packed4-atc-20m-batch128k-lr016-20260911/experiments/packed4-atc-lr0.0056-beta2-0.98-seed44,2316717_24,3.6056860878580195,441.7312290420523
initial,25,packed4-atc-lr0.0056-beta2-0.99-seed42,0.0056,0.9,0.99,42,atc,runs/packed4-atc-20m-batch128k-lr016-20260911/experiments/packed4-atc-lr0.0056-beta2-0.99-seed42,2316717_25,3.591908325306062,435.4292826199671
initial,26,packed4-atc-lr0.0056-beta2-0.99-seed43,0.0056,0.9,0.99,43,atc,runs/packed4-atc-20m-batch128k-lr016-20260911/experiments/packed4-atc-lr0.0056-beta2-0.99-seed43,2316717_26,3.5964881009270746,440.2588768049609
initial,27,packed4-atc-lr0.0056-beta2-0.99-seed44,0.0056,0.9,0.99,44,atc,runs/packed4-atc-20m-batch128k-lr016-20260911/experiments/packed4-atc-lr0.0056-beta2-0.99-seed44,2316717_27,3.598121208327377,434.97735931198986
initial,28,packed4-atc-lr0.008-beta2-0.95-seed42,0.008,0.9,0.95,42,atc,runs/packed4-atc-20m-batch128k-lr016-20260911/experiments/packed4-atc-lr0.008-beta2-0.95-seed42,2316717_28,3.6422942244216565,431.48452590801753
initial,29,packed4-atc-lr0.008-beta2-0.95-seed43,0.008,0.9,0.95,43,atc,runs/packed4-atc-20m-batch128k-lr016-20260911/experiments/packed4-atc-lr0.008-beta2-0.95-seed43,2316717_29,3.61841742557816,438.4034255430015
initial,30,packed4-atc-lr0.008-beta2-0.95-seed44,0.008,0.9,0.95,44,atc,runs/packed4-atc-20m-batch128k-lr016-20260911/experiments/packed4-atc-lr0.008-beta2-0.95-seed44,2316717_30,3.612764758544758,442.87116255
initial,31,packed4-atc-lr0.008-beta2-0.98-seed43,0.008,0.9,0.98,43,atc,runs/packed4-atc-20m-batch128k-lr016-20260911/experiments/packed4-atc-lr0.008-beta2-0.98-seed43,2316717_31,3.6541158212011857,440.33732079800393
initial,32,packed4-atc-lr0.008-beta2-0.98-seed44,0.008,0.9,0.98,44,atc,runs/packed4-atc-20m-batch128k-lr016-20260911/experiments/packed4-atc-lr0.008-beta2-0.98-seed44,2316717_32,3.659334892981028,445.4282557980041
initial,33,packed4-atc-lr0.008-beta2-0.99-seed42,0.008,0.9,0.99,42,atc,runs/packed4-atc-20m-batch128k-lr016-20260911/experiments/packed4-atc-lr0.008-beta2-0.99-seed42,2316717_33,3.6393310356495006,438.9646298410371
initial,34,packed4-atc-lr0.008-beta2-0.99-seed43,0.008,0.9,0.99,43,atc,runs/packed4-atc-20m-batch128k-lr016-20260911/experiments/packed4-atc-lr0.008-beta2-0.99-seed43,2316717_34,3.603673759474627,431.78218938806094
initial,35,packed4-atc-lr0.008-beta2-0.99-seed44,0.008,0.9,0.99,44,atc,runs/packed4-atc-20m-batch128k-lr016-20260911/experiments/packed4-atc-lr0.008-beta2-0.99-seed44,2316717_35,3.646113846666067,438.28153412998654
initial,36,packed4-atc-lr0.0112-beta2-0.95-seed42,0.0112,0.9,0.95,42,atc,runs/packed4-atc-20m-batch128k-lr016-20260911/experiments/packed4-atc-lr0.0112-beta2-0.95-seed42,2316717_36,3.697024920172007,440.74021391011775
initial,37,packed4-atc-lr0.0112-beta2-0.95-seed43,0.0112,0.9,0.95,43,atc,runs/packed4-atc-20m-batch128k-lr016-20260911/experiments/packed4-atc-lr0.0112-beta2-0.95-seed43,2316717_37,3.66770012866389,444.5258158619981
initial,38,packed4-atc-lr0.0112-beta2-0.95-seed44,0.0112,0.9,0.95,44,atc,runs/packed4-atc-20m-batch128k-lr016-20260911/experiments/packed4-atc-lr0.0112-beta2-0.95-seed44,2316717_38,3.745016805033478,445.7399551020062
initial,39,packed4-atc-lr0.0112-beta2-0.98-seed42,0.0112,0.9,0.98,42,atc,runs/packed4-atc-20m-batch128k-lr016-20260911/experiments/packed4-atc-lr0.0112-beta2-0.98-seed42,2316717_39,3.7472444669032137,433.96648970013484
initial,40,packed4-atc-lr0.0112-beta2-0.98-seed43,0.0112,0.9,0.98,43,atc,runs/packed4-atc-20m-batch128k-lr016-20260911/experiments/packed4-atc-lr0.0112-beta2-0.98-seed43,2316717_40,3.6984016116044667,431.5160778469872
initial,41,packed4-atc-lr0.0112-beta2-0.98-seed44,0.0112,0.9,0.98,44,atc,runs/packed4-atc-20m-batch128k-lr016-20260911/experiments/packed4-atc-lr0.0112-beta2-0.98-seed44,2316717_41,3.692844950151379,429.6860469529638
initial,42,packed4-atc-lr0.0112-beta2-0.99-seed42,0.0112,0.9,0.99,42,atc,runs/packed4-atc-20m-batch128k-lr016-20260911/experiments/packed4-atc-lr0.0112-beta2-0.99-seed42,2316717_42,3.749785357807661,427.33404762204736
initial,43,packed4-atc-lr0.0112-beta2-0.99-seed43,0.0112,0.9,0.99,43,atc,runs/packed4-atc-20m-batch128k-lr016-20260911/experiments/packed4-atc-lr0.0112-beta2-0.99-seed43,2316717_43,3.808607473466425,439.8850880151149
initial,44,packed4-atc-lr0.0112-beta2-0.99-seed44,0.0112,0.9,0.99,44,atc,runs/packed4-atc-20m-batch128k-lr016-20260911/experiments/packed4-atc-lr0.0112-beta2-0.99-seed44,2316717_44,3.7368083818629847,434.6200729509583
initial,45,packed4-atc-lr0.016-beta2-0.95-seed42,0.016,0.9,0.95,42,atc,runs/packed4-atc-20m-batch128k-lr016-20260911/experiments/packed4-atc-lr0.016-beta2-0.95-seed42,2316717_45,3.821945347708454,436.2588754679309
initial,46,packed4-atc-lr0.016-beta2-0.95-seed43,0.016,0.9,0.95,43,atc,runs/packed4-atc-20m-batch128k-lr016-20260911/experiments/packed4-atc-lr0.016-beta2-0.95-seed43,2316717_46,3.8257566329388646,444.83627243700903
initial,47,packed4-atc-lr0.016-beta2-0.95-seed44,0.016,0.9,0.95,44,atc,runs/packed4-atc-20m-batch128k-lr016-20260911/experiments/packed4-atc-lr0.016-beta2-0.95-seed44,2316717_47,3.823424482019471,435.8552582510165
initial,48,packed4-atc-lr0.016-beta2-0.98-seed42,0.016,0.9,0.98,42,atc,runs/packed4-atc-20m-batch128k-lr016-20260911/experiments/packed4-atc-lr0.016-beta2-0.98-seed42,2316717_48,3.9220025405666394,438.02862988307606
initial,49,packed4-atc-lr0.016-beta2-0.98-seed43,0.016,0.9,0.98,43,atc,runs/packed4-atc-20m-batch128k-lr016-20260911/experiments/packed4-atc-lr0.016-beta2-0.98-seed43,2316717_49,3.889992597390567,439.16667229600716
initial,50,packed4-atc-lr0.016-beta2-0.98-seed44,0.016,0.9,0.98,44,atc,runs/packed4-atc-20m-batch128k-lr016-20260911/experiments/packed4-atc-lr0.016-beta2-0.98-seed44,2316717_50,3.9033004455424205,444.86203858896624
initial,51,packed4-atc-lr0.016-beta2-0.99-seed42,0.016,0.9,0.99,42,atc,runs/packed4-atc-20m-batch128k-lr016-20260911/experiments/packed4-atc-lr0.016-beta2-0.99-seed42,2316717_51,4.006088001961236,432.8361412989907
initial,52,packed4-atc-lr0.016-beta2-0.99-seed43,0.016,0.9,0.99,43,atc,runs/packed4-atc-20m-batch128k-lr016-20260911/experiments/packed4-atc-lr0.016-beta2-0.99-seed43,2316717_52,4.142379910207099,438.44286149798427
initial,53,packed4-atc-lr0.016-beta2-0.99-seed44,0.016,0.9,0.99,44,atc,runs/packed4-atc-20m-batch128k-lr016-20260911/experiments/packed4-atc-lr0.016-beta2-0.99-seed44,2316717_53,4.127176118414989,438.9067654249957
beta999,0,packed4-atc-lr0.008-beta2-0.999-seed42,0.008,0.9,0.999,42,atc,runs/packed4-atc-20m-beta999-lr016-20260911/experiments/packed4-atc-lr0.008-beta2-0.999-seed42,2317246_0,4.01432850821585,435.14332712301984
beta999,1,packed4-atc-lr0.0024-beta2-0.999-seed42,0.0024,0.9,0.999,42,atc,runs/packed4-atc-20m-beta999-lr016-20260911/experiments/packed4-atc-lr0.0024-beta2-0.999-seed42,2317246_1,3.6241348681028143,442.51265862805303
beta999,2,packed4-atc-lr0.0024-beta2-0.999-seed43,0.0024,0.9,0.999,43,atc,runs/packed4-atc-20m-beta999-lr016-20260911/experiments/packed4-atc-lr0.0024-beta2-0.999-seed43,2317246_2,3.6267138667416874,442.2799617530545
beta999,3,packed4-atc-lr0.0024-beta2-0.999-seed44,0.0024,0.9,0.999,44,atc,runs/packed4-atc-20m-beta999-lr016-20260911/experiments/packed4-atc-lr0.0024-beta2-0.999-seed44,2317246_3,3.62684586290792,443.7325041029835
beta999,4,packed4-atc-lr0.004-beta2-0.999-seed42,0.004,0.9,0.999,42,atc,runs/packed4-atc-20m-beta999-lr016-20260911/experiments/packed4-atc-lr0.004-beta2-0.999-seed42,2317246_4,3.60000966224167,437.74425447999965
beta999,5,packed4-atc-lr0.004-beta2-0.999-seed43,0.004,0.9,0.999,43,atc,runs/packed4-atc-20m-beta999-lr016-20260911/experiments/packed4-atc-lr0.004-beta2-0.999-seed43,2317246_5,3.603286474494961,443.762149275979
beta999,6,packed4-atc-lr0.004-beta2-0.999-seed44,0.004,0.9,0.999,44,atc,runs/packed4-atc-20m-beta999-lr016-20260911/experiments/packed4-atc-lr0.004-beta2-0.999-seed44,2317246_6,3.607745250061078,444.6953906370327
beta999,7,packed4-atc-lr0.0056-beta2-0.999-seed42,0.0056,0.9,0.999,42,atc,runs/packed4-atc-20m-beta999-lr016-20260911/experiments/packed4-atc-lr0.0056-beta2-0.999-seed42,2317246_7,3.5948159386182352,437.0731172579981
beta999,8,packed4-atc-lr0.0056-beta2-0.999-seed43,0.0056,0.9,0.999,43,atc,runs/packed4-atc-20m-beta999-lr016-20260911/experiments/packed4-atc-lr0.0056-beta2-0.999-seed43,2317246_8,3.6048496770291556,443.0206349360524
beta999,9,packed4-atc-lr0.0056-beta2-0.999-seed44,0.0056,0.9,0.999,44,atc,runs/packed4-atc-20m-beta999-lr016-20260911/experiments/packed4-atc-lr0.0056-beta2-0.999-seed44,2317246_9,3.602827320791389,449.39936743397266
beta999,10,packed4-atc-lr0.008-beta2-0.999-seed43,0.008,0.9,0.999,43,atc,runs/packed4-atc-20m-beta999-lr016-20260911/experiments/packed4-atc-lr0.008-beta2-0.999-seed43,2317246_10,3.774273879426971,443.35929809499066
beta999,11,packed4-atc-lr0.008-beta2-0.999-seed44,0.008,0.9,0.999,44,atc,runs/packed4-atc-20m-beta999-lr016-20260911/experiments/packed4-atc-lr0.008-beta2-0.999-seed44,2317246_11,3.7536564984442875,447.8894955969881
beta999,12,packed4-atc-lr0.0112-beta2-0.999-seed42,0.0112,0.9,0.999,42,atc,runs/packed4-atc-20m-beta999-lr016-20260911/experiments/packed4-atc-lr0.0112-beta2-0.999-seed42,2317246_12,4.0483096937708,435.4216909951065
beta999,13,packed4-atc-lr0.0112-beta2-0.999-seed43,0.0112,0.9,0.999,43,atc,runs/packed4-atc-20m-beta999-lr016-20260911/experiments/packed4-atc-lr0.0112-beta2-0.999-seed43,2317246_13,3.9470067029021103,434.653593783034
beta999,14,packed4-atc-lr0.0112-beta2-0.999-seed44,0.0112,0.9,0.999,44,atc,runs/packed4-atc-20m-beta999-lr016-20260911/experiments/packed4-atc-lr0.0112-beta2-0.999-seed44,2317246_14,4.20024432917068,440.51164154091384
beta999,15,packed4-atc-lr0.016-beta2-0.999-seed42,0.016,0.9,0.999,42,atc,runs/packed4-atc-20m-beta999-lr016-20260911/experiments/packed4-atc-lr0.016-beta2-0.999-seed42,2317246_15,4.440730173645417,437.40200502309017
beta999,16,packed4-atc-lr0.016-beta2-0.999-seed43,0.016,0.9,0.999,43,atc,runs/packed4-atc-20m-beta999-lr016-20260911/experiments/packed4-atc-lr0.016-beta2-0.999-seed43,2317246_16,4.5221865742121405,433.6807243860094
beta999,17,packed4-atc-lr0.016-beta2-0.999-seed44,0.016,0.9,0.999,44,atc,runs/packed4-atc-20m-beta999-lr016-20260911/experiments/packed4-atc-lr0.016-beta2-0.999-seed44,2317246_17,4.524730323608251,420.59779714094475
