index,run_id,lr,beta2,seed,directory,job_id,loss,seconds
0,sync-lr0.0056-beta2-0.999-seed42,0.0056,0.999,42,experiments/sync-lr0.0056-beta2-0.999-seed42,2309169_0,3.604161738933793,400.20465396496
1,sync-lr0.0014-beta2-0.95-seed42,0.0014,0.95,42,experiments/sync-lr0.0014-beta2-0.95-seed42,2309171_1,3.636277887449773,387.5564414219698
2,sync-lr0.0014-beta2-0.95-seed43,0.0014,0.95,43,experiments/sync-lr0.0014-beta2-0.95-seed43,2309171_2,3.628163892034913,385.500117967953
3,sync-lr0.0014-beta2-0.95-seed44,0.0014,0.95,44,experiments/sync-lr0.0014-beta2-0.95-seed44,2309171_3,3.6375625961975997,414.7916536720004
4,sync-lr0.0014-beta2-0.98-seed42,0.0014,0.98,42,experiments/sync-lr0.0014-beta2-0.98-seed42,2309171_4,3.6288249244391237,413.94307978998404
5,sync-lr0.0014-beta2-0.98-seed43,0.0014,0.98,43,experiments/sync-lr0.0014-beta2-0.98-seed43,2309171_5,3.629206617306904,408.18199703400023
6,sync-lr0.0014-beta2-0.98-seed44,0.0014,0.98,44,experiments/sync-lr0.0014-beta2-0.98-seed44,2309171_6,3.623668569231974,414.92536617908627
7,sync-lr0.0014-beta2-0.999-seed42,0.0014,0.999,42,experiments/sync-lr0.0014-beta2-0.999-seed42,2309171_7,3.6217390851782545,417.69806110090576
8,sync-lr0.0014-beta2-0.999-seed43,0.0014,0.999,43,experiments/sync-lr0.0014-beta2-0.999-seed43,2309171_8,3.6457900544307087,412.21881946211215
9,sync-lr0.0014-beta2-0.999-seed44,0.0014,0.999,44,experiments/sync-lr0.0014-beta2-0.999-seed44,2309171_9,3.6441862929713045,415.7068172519794
10,sync-lr0.0028-beta2-0.95-seed42,0.0028,0.95,42,experiments/sync-lr0.0028-beta2-0.95-seed42,2309171_10,3.5872157479470483,408.36507332208566
11,sync-lr0.0028-beta2-0.95-seed43,0.0028,0.95,43,experiments/sync-lr0.0028-beta2-0.95-seed43,2309171_11,3.5763198318289677,406.25544158509
12,sync-lr0.0028-beta2-0.95-seed44,0.0028,0.95,44,experiments/sync-lr0.0028-beta2-0.95-seed44,2309171_12,3.584165378163221,410.0477051079506
13,sync-lr0.0028-beta2-0.98-seed42,0.0028,0.98,42,experiments/sync-lr0.0028-beta2-0.98-seed42,2309171_13,3.5852961626658044,406.14007804193534
14,sync-lr0.0028-beta2-0.98-seed43,0.0028,0.98,43,experiments/sync-lr0.0028-beta2-0.98-seed43,2309171_14,3.584590922902246,407.02636859798804
15,sync-lr0.0028-beta2-0.98-seed44,0.0028,0.98,44,experiments/sync-lr0.0028-beta2-0.98-seed44,2309171_15,3.5832473363710298,408.5422437239904
16,sync-lr0.0028-beta2-0.999-seed42,0.0028,0.999,42,experiments/sync-lr0.0028-beta2-0.999-seed42,2309171_16,3.593366214869782,412.79942919302266
17,sync-lr0.0028-beta2-0.999-seed43,0.0028,0.999,43,experiments/sync-lr0.0028-beta2-0.999-seed43,2309171_17,3.59718920375052,417.9461483490886
18,sync-lr0.0028-beta2-0.999-seed44,0.0028,0.999,44,experiments/sync-lr0.0028-beta2-0.999-seed44,2309171_18,3.593042210890475,425.7305402238853
19,sync-lr0.004-beta2-0.95-seed42,0.004,0.95,42,experiments/sync-lr0.004-beta2-0.95-seed42,2309171_19,3.573144072662422,430.40076340083033
20,sync-lr0.004-beta2-0.95-seed43,0.004,0.95,43,experiments/sync-lr0.004-beta2-0.95-seed43,2309171_20,3.5662502043357978,407.78216305794194
21,sync-lr0.004-beta2-0.95-seed44,0.004,0.95,44,experiments/sync-lr0.004-beta2-0.95-seed44,2309171_21,3.5678784355125663,409.87976982886903
22,sync-lr0.004-beta2-0.98-seed42,0.004,0.98,42,experiments/sync-lr0.004-beta2-0.98-seed42,2309171_22,3.5671379531597625,411.4645437739091
23,sync-lr0.004-beta2-0.98-seed43,0.004,0.98,43,experiments/sync-lr0.004-beta2-0.98-seed43,2309171_23,3.5585409775871013,408.46191829512827
24,sync-lr0.004-beta2-0.98-seed44,0.004,0.98,44,experiments/sync-lr0.004-beta2-0.98-seed44,2309171_24,3.562833245788928,406.6111799739301
25,sync-lr0.004-beta2-0.999-seed42,0.004,0.999,42,experiments/sync-lr0.004-beta2-0.999-seed42,2309171_25,3.5750732495239617,413.9834138250444
26,sync-lr0.004-beta2-0.999-seed43,0.004,0.999,43,experiments/sync-lr0.004-beta2-0.999-seed43,2309171_26,3.5742767729819813,412.47199171606917
27,sync-lr0.004-beta2-0.999-seed44,0.004,0.999,44,experiments/sync-lr0.004-beta2-0.999-seed44,2309171_27,3.5792689342394937,402.4294773499714
28,sync-lr0.0056-beta2-0.95-seed42,0.0056,0.95,42,experiments/sync-lr0.0056-beta2-0.95-seed42,2309171_28,3.5676273667514233,403.7977267259266
29,sync-lr0.0056-beta2-0.95-seed43,0.0056,0.95,43,experiments/sync-lr0.0056-beta2-0.95-seed43,2309171_29,3.5629870071201295,409.7527318808716
30,sync-lr0.0056-beta2-0.95-seed44,0.0056,0.95,44,experiments/sync-lr0.0056-beta2-0.95-seed44,2309171_30,3.5663745052897555,402.72821879805997
31,sync-lr0.0056-beta2-0.98-seed42,0.0056,0.98,42,experiments/sync-lr0.0056-beta2-0.98-seed42,2309171_31,3.5535064305116237,421.16772247699555
32,sync-lr0.0056-beta2-0.98-seed43,0.0056,0.98,43,experiments/sync-lr0.0056-beta2-0.98-seed43,2309171_32,3.5593463385898336,413.7033181160223
33,sync-lr0.0056-beta2-0.98-seed44,0.0056,0.98,44,experiments/sync-lr0.0056-beta2-0.98-seed44,2309171_33,3.563214287300409,411.59149710205384
34,sync-lr0.0056-beta2-0.999-seed43,0.0056,0.999,43,experiments/sync-lr0.0056-beta2-0.999-seed43,2309171_34,3.808341492543859,404.8546493209433
35,sync-lr0.0056-beta2-0.999-seed44,0.0056,0.999,44,experiments/sync-lr0.0056-beta2-0.999-seed44,2309171_35,3.6602563864681947,407.98054813197814
36,sync-lr0.008-beta2-0.95-seed42,0.008,0.95,42,experiments/sync-lr0.008-beta2-0.95-seed42,2309171_36,3.62000827067278,413.43899783398956
37,sync-lr0.008-beta2-0.95-seed43,0.008,0.95,43,experiments/sync-lr0.008-beta2-0.95-seed43,2309171_37,3.5731639551648193,405.82850169797894
38,sync-lr0.008-beta2-0.95-seed44,0.008,0.95,44,experiments/sync-lr0.008-beta2-0.95-seed44,2309171_38,3.573308291664289,402.2623947690008
39,sync-lr0.008-beta2-0.98-seed42,0.008,0.98,42,experiments/sync-lr0.008-beta2-0.98-seed42,2309171_39,3.742013251705526,406.53734051890206
40,sync-lr0.008-beta2-0.98-seed43,0.008,0.98,43,experiments/sync-lr0.008-beta2-0.98-seed43,2309171_40,4.022291932838654,409.0824563310016
41,sync-lr0.008-beta2-0.98-seed44,0.008,0.98,44,experiments/sync-lr0.008-beta2-0.98-seed44,2309171_41,3.9327716617507313,410.0246624420397
42,sync-lr0.008-beta2-0.999-seed42,0.008,0.999,42,experiments/sync-lr0.008-beta2-0.999-seed42,2309171_42,4.775959981304514,416.2145760949934
43,sync-lr0.008-beta2-0.999-seed43,0.008,0.999,43,experiments/sync-lr0.008-beta2-0.999-seed43,2309171_43,4.633524559044304,403.642987213796
44,sync-lr0.008-beta2-0.999-seed44,0.008,0.999,44,experiments/sync-lr0.008-beta2-0.999-seed44,2309171_44,4.608172727663375,404.197563390946
45,sync-lr0.0112-beta2-0.95-seed42,0.0112,0.95,42,experiments/sync-lr0.0112-beta2-0.95-seed42,2309171_45,4.382821600001977,415.6191476449603
46,sync-lr0.0112-beta2-0.95-seed43,0.0112,0.95,43,experiments/sync-lr0.0112-beta2-0.95-seed43,2309171_46,4.282306515989841,400.5160363580799
47,sync-lr0.0112-beta2-0.95-seed44,0.0112,0.95,44,experiments/sync-lr0.0112-beta2-0.95-seed44,2309171_47,4.450816026445941,400.8488117000088
48,sync-lr0.0112-beta2-0.98-seed42,0.0112,0.98,42,experiments/sync-lr0.0112-beta2-0.98-seed42,2309171_48,4.608426368864175,404.352907413966
49,sync-lr0.0112-beta2-0.98-seed43,0.0112,0.98,43,experiments/sync-lr0.0112-beta2-0.98-seed43,2309171_49,4.491623007670998,404.00524656602647
50,sync-lr0.0112-beta2-0.98-seed44,0.0112,0.98,44,experiments/sync-lr0.0112-beta2-0.98-seed44,2309171_50,4.562222169849707,408.264430655865
51,sync-lr0.0112-beta2-0.999-seed42,0.0112,0.999,42,experiments/sync-lr0.0112-beta2-0.999-seed42,2309171_51,5.915986905387606,413.2238289571833
52,sync-lr0.0112-beta2-0.999-seed43,0.0112,0.999,43,experiments/sync-lr0.0112-beta2-0.999-seed43,2309171_52,5.148465389781165,416.7875842710491
53,sync-lr0.0112-beta2-0.999-seed44,0.0112,0.999,44,experiments/sync-lr0.0112-beta2-0.999-seed44,2309171_53,5.041553196645007,418.9129877560772
54,sync-lr0.016-beta2-0.95-seed42,0.016,0.95,42,experiments/sync-lr0.016-beta2-0.95-seed42,2309171_54,4.721448523874784,403.98425430292264
55,sync-lr0.016-beta2-0.95-seed43,0.016,0.95,43,experiments/sync-lr0.016-beta2-0.95-seed43,2309171_55,4.726241085018957,409.64015496103093
56,sync-lr0.016-beta2-0.95-seed44,0.016,0.95,44,experiments/sync-lr0.016-beta2-0.95-seed44,2309171_56,4.667974673806938,413.1410101670772
57,sync-lr0.016-beta2-0.98-seed42,0.016,0.98,42,experiments/sync-lr0.016-beta2-0.98-seed42,2309171_57,5.548741163689531,407.0946415789658
58,sync-lr0.016-beta2-0.98-seed43,0.016,0.98,43,experiments/sync-lr0.016-beta2-0.98-seed43,2309171_58,4.852649007905244,403.688740894082
59,sync-lr0.016-beta2-0.98-seed44,0.016,0.98,44,experiments/sync-lr0.016-beta2-0.98-seed44,2309171_59,5.812859083387857,576.1987602770096
60,sync-lr0.016-beta2-0.999-seed42,0.016,0.999,42,experiments/sync-lr0.016-beta2-0.999-seed42,2309171_60,6.081893662571647,412.0697612889344
61,sync-lr0.016-beta2-0.999-seed43,0.016,0.999,43,experiments/sync-lr0.016-beta2-0.999-seed43,2309171_61,5.306657748892265,407.9301355360076
62,sync-lr0.016-beta2-0.999-seed44,0.016,0.999,44,experiments/sync-lr0.016-beta2-0.999-seed44,2309171_62,5.9678668598921725,409.5850466840202
63,sync-lr0.0224-beta2-0.95-seed42,0.0224,0.95,42,experiments/sync-lr0.0224-beta2-0.95-seed42,2309171_63,5.147090416398743,407.9217443600064
64,sync-lr0.0224-beta2-0.95-seed43,0.0224,0.95,43,experiments/sync-lr0.0224-beta2-0.95-seed43,2309171_64,4.940409150585305,405.0149166909978
65,sync-lr0.0224-beta2-0.95-seed44,0.0224,0.95,44,experiments/sync-lr0.0224-beta2-0.95-seed44,2309171_65,5.669474177915018,412.4399669090053
66,sync-lr0.0224-beta2-0.98-seed42,0.0224,0.98,42,experiments/sync-lr0.0224-beta2-0.98-seed42,2309171_66,5.127341423999677,412.70743778091855
67,sync-lr0.0224-beta2-0.98-seed43,0.0224,0.98,43,experiments/sync-lr0.0224-beta2-0.98-seed43,2309171_67,5.889107730953773,409.7377273909515
68,sync-lr0.0224-beta2-0.98-seed44,0.0224,0.98,44,experiments/sync-lr0.0224-beta2-0.98-seed44,2309171_68,5.793006085806796,404.9852296030149
69,sync-lr0.0224-beta2-0.999-seed42,0.0224,0.999,42,experiments/sync-lr0.0224-beta2-0.999-seed42,2309171_69,6.292228662050512,404.68028054898605
70,sync-lr0.0224-beta2-0.999-seed43,0.0224,0.999,43,experiments/sync-lr0.0224-beta2-0.999-seed43,2309171_70,6.200817163273424,407.8594408920035
71,sync-lr0.0224-beta2-0.999-seed44,0.0224,0.999,44,experiments/sync-lr0.0224-beta2-0.999-seed44,2309171_71,5.461407872460134,408.6558513229247
