index,run_id,job_id,lr,beta1,beta2,seed,loss,seconds,training_seconds,peak_memory_bytes,directory
0,packed4-awc-noclip-lr0.0056-beta1-0.9-beta2-0.95-seed42,2341796_0,0.0056,0.9,0.95,42,3.7041138326042233,429.4870646999916,304.1717476034537,63208612864,runs/packed4-awc-noclip-20m-batch128k-20260912/experiments/packed4-awc-noclip-lr0.0056-beta1-0.9-beta2-0.95-seed42
1,packed4-awc-noclip-lr0.0056-beta1-0.9-beta2-0.95-seed43,2341796_1,0.0056,0.9,0.95,43,3.7066826286739927,429.9854718018323,305.05974881723523,63208612864,runs/packed4-awc-noclip-20m-batch128k-20260912/experiments/packed4-awc-noclip-lr0.0056-beta1-0.9-beta2-0.95-seed43
2,packed4-awc-noclip-lr0.0056-beta1-0.9-beta2-0.95-seed44,2341796_2,0.0056,0.9,0.95,44,3.6937339171556256,431.63506013085134,304.5139187036548,63208612864,runs/packed4-awc-noclip-20m-batch128k-20260912/experiments/packed4-awc-noclip-lr0.0056-beta1-0.9-beta2-0.95-seed44
3,packed4-awc-noclip-lr0.0056-beta1-0.9-beta2-0.98-seed42,2341796_3,0.0056,0.9,0.98,42,3.6899800325197973,434.7946344949305,306.5121659755241,63208612864,runs/packed4-awc-noclip-20m-batch128k-20260912/experiments/packed4-awc-noclip-lr0.0056-beta1-0.9-beta2-0.98-seed42
4,packed4-awc-noclip-lr0.0056-beta1-0.9-beta2-0.98-seed43,2341796_4,0.0056,0.9,0.98,43,3.6150332748986327,435.4175619999878,306.5406483395491,63208612864,runs/packed4-awc-noclip-20m-batch128k-20260912/experiments/packed4-awc-noclip-lr0.0056-beta1-0.9-beta2-0.98-seed43
5,packed4-awc-noclip-lr0.0056-beta1-0.9-beta2-0.98-seed44,2341796_5,0.0056,0.9,0.98,44,3.7001994500104773,429.0548610090045,305.26723041781224,63208612864,runs/packed4-awc-noclip-20m-batch128k-20260912/experiments/packed4-awc-noclip-lr0.0056-beta1-0.9-beta2-0.98-seed44
6,packed4-awc-noclip-lr0.0056-beta1-0.9-beta2-0.99-seed42,2341796_6,0.0056,0.9,0.99,42,3.750102472635661,431.090438021929,305.5769599082414,63208612864,runs/packed4-awc-noclip-20m-batch128k-20260912/experiments/packed4-awc-noclip-lr0.0056-beta1-0.9-beta2-0.99-seed42
7,packed4-awc-noclip-lr0.0056-beta1-0.9-beta2-0.99-seed43,2341796_7,0.0056,0.9,0.99,43,3.7810388647709563,432.34078597906046,306.63814900047146,63208612864,runs/packed4-awc-noclip-20m-batch128k-20260912/experiments/packed4-awc-noclip-lr0.0056-beta1-0.9-beta2-0.99-seed43
8,packed4-awc-noclip-lr0.0056-beta1-0.9-beta2-0.99-seed44,2341796_8,0.0056,0.9,0.99,44,3.595197512008627,442.1781900608912,308.97794327139854,63208612864,runs/packed4-awc-noclip-20m-batch128k-20260912/experiments/packed4-awc-noclip-lr0.0056-beta1-0.9-beta2-0.99-seed44
9,packed4-awc-noclip-lr0.0056-beta1-0.9-beta2-0.999-seed42,2341796_9,0.0056,0.9,0.999,42,3.704067632604476,436.11866266606376,306.23734468291514,63208612864,runs/packed4-awc-noclip-20m-batch128k-20260912/experiments/packed4-awc-noclip-lr0.0056-beta1-0.9-beta2-0.999-seed42
10,packed4-awc-noclip-lr0.0056-beta1-0.9-beta2-0.999-seed43,2341796_10,0.0056,0.9,0.999,43,3.6389566431809572,450.22275338904,309.2261234559119,63208612864,runs/packed4-awc-noclip-20m-batch128k-20260912/experiments/packed4-awc-noclip-lr0.0056-beta1-0.9-beta2-0.999-seed43
11,packed4-awc-noclip-lr0.0056-beta1-0.9-beta2-0.999-seed44,2341796_11,0.0056,0.9,0.999,44,3.7391540799854712,444.38157176505774,304.8377285785973,63208612864,runs/packed4-awc-noclip-20m-batch128k-20260912/experiments/packed4-awc-noclip-lr0.0056-beta1-0.9-beta2-0.999-seed44
12,packed4-awc-noclip-lr0.0056-beta1-0.925-beta2-0.95-seed42,2341796_12,0.0056,0.925,0.95,42,3.6292355399560505,435.69788878492545,305.9975502935704,63208612864,runs/packed4-awc-noclip-20m-batch128k-20260912/experiments/packed4-awc-noclip-lr0.0056-beta1-0.925-beta2-0.95-seed42
13,packed4-awc-noclip-lr0.0056-beta1-0.925-beta2-0.95-seed43,2341796_13,0.0056,0.925,0.95,43,3.619699018975955,441.5618283209624,308.4550517840544,63208612864,runs/packed4-awc-noclip-20m-batch128k-20260912/experiments/packed4-awc-noclip-lr0.0056-beta1-0.925-beta2-0.95-seed43
14,packed4-awc-noclip-lr0.0056-beta1-0.925-beta2-0.95-seed44,2341796_14,0.0056,0.925,0.95,44,3.7631435200648156,443.1880631990498,308.9415569654666,63208612864,runs/packed4-awc-noclip-20m-batch128k-20260912/experiments/packed4-awc-noclip-lr0.0056-beta1-0.925-beta2-0.95-seed44
15,packed4-awc-noclip-lr0.0056-beta1-0.925-beta2-0.98-seed42,2341796_15,0.0056,0.925,0.98,42,3.676786109830657,429.4496731640538,302.64591817895416,63208612864,runs/packed4-awc-noclip-20m-batch128k-20260912/experiments/packed4-awc-noclip-lr0.0056-beta1-0.925-beta2-0.98-seed42
16,packed4-awc-noclip-lr0.0056-beta1-0.925-beta2-0.98-seed43,2341796_16,0.0056,0.925,0.98,43,3.6960041766309706,433.1697751779575,305.0484350459883,63208612864,runs/packed4-awc-noclip-20m-batch128k-20260912/experiments/packed4-awc-noclip-lr0.0056-beta1-0.925-beta2-0.98-seed43
17,packed4-awc-noclip-lr0.0056-beta1-0.925-beta2-0.98-seed44,2341796_17,0.0056,0.925,0.98,44,3.7270599495138126,435.63509222795255,308.9926441377029,63208612864,runs/packed4-awc-noclip-20m-batch128k-20260912/experiments/packed4-awc-noclip-lr0.0056-beta1-0.925-beta2-0.98-seed44
18,packed4-awc-noclip-lr0.0056-beta1-0.925-beta2-0.99-seed42,2341796_18,0.0056,0.925,0.99,42,3.6838046845141514,431.3144757709233,305.5290466368897,63208612864,runs/packed4-awc-noclip-20m-batch128k-20260912/experiments/packed4-awc-noclip-lr0.0056-beta1-0.925-beta2-0.99-seed42
19,packed4-awc-noclip-lr0.0056-beta1-0.925-beta2-0.99-seed43,2341796_19,0.0056,0.925,0.99,43,3.6026649500038346,432.6500641060993,303.71162316633854,63208612864,runs/packed4-awc-noclip-20m-batch128k-20260912/experiments/packed4-awc-noclip-lr0.0056-beta1-0.925-beta2-0.99-seed43
20,packed4-awc-noclip-lr0.0056-beta1-0.925-beta2-0.99-seed44,2341796_20,0.0056,0.925,0.99,44,3.734507387241229,480.19817316904664,337.37794728856534,63208612864,runs/packed4-awc-noclip-20m-batch128k-20260912/experiments/packed4-awc-noclip-lr0.0056-beta1-0.925-beta2-0.99-seed44
21,packed4-awc-noclip-lr0.0056-beta1-0.925-beta2-0.999-seed42,2341796_21,0.0056,0.925,0.999,42,3.795776454325076,441.3754133519833,314.677546095103,63208612864,runs/packed4-awc-noclip-20m-batch128k-20260912/experiments/packed4-awc-noclip-lr0.0056-beta1-0.925-beta2-0.999-seed42
22,packed4-awc-noclip-lr0.0056-beta1-0.925-beta2-0.999-seed43,2341796_22,0.0056,0.925,0.999,43,3.6762541661315162,434.25282369198976,308.99419248398044,63208612864,runs/packed4-awc-noclip-20m-batch128k-20260912/experiments/packed4-awc-noclip-lr0.0056-beta1-0.925-beta2-0.999-seed43
23,packed4-awc-noclip-lr0.0056-beta1-0.925-beta2-0.999-seed44,2341796_23,0.0056,0.925,0.999,44,3.7722914746241405,441.02466613287106,305.2977679509204,63208612864,runs/packed4-awc-noclip-20m-batch128k-20260912/experiments/packed4-awc-noclip-lr0.0056-beta1-0.925-beta2-0.999-seed44
24,packed4-awc-noclip-lr0.0056-beta1-0.95-beta2-0.95-seed42,2341796_24,0.0056,0.95,0.95,42,3.7223633672213796,427.29249458096456,301.66019759199116,63208612864,runs/packed4-awc-noclip-20m-batch128k-20260912/experiments/packed4-awc-noclip-lr0.0056-beta1-0.95-beta2-0.95-seed42
25,packed4-awc-noclip-lr0.0056-beta1-0.95-beta2-0.95-seed43,2341796_25,0.0056,0.95,0.95,43,3.7944598793912823,428.2168874689378,303.4665721289348,63208612864,runs/packed4-awc-noclip-20m-batch128k-20260912/experiments/packed4-awc-noclip-lr0.0056-beta1-0.95-beta2-0.95-seed43
26,packed4-awc-noclip-lr0.0056-beta1-0.95-beta2-0.95-seed44,2341796_26,0.0056,0.95,0.95,44,3.754601975279163,431.0560344008263,305.7498620953411,63208612864,runs/packed4-awc-noclip-20m-batch128k-20260912/experiments/packed4-awc-noclip-lr0.0056-beta1-0.95-beta2-0.95-seed44
27,packed4-awc-noclip-lr0.0056-beta1-0.95-beta2-0.98-seed42,2341796_27,0.0056,0.95,0.98,42,3.7678418230291726,442.03565672109835,305.21319695957936,63208612864,runs/packed4-awc-noclip-20m-batch128k-20260912/experiments/packed4-awc-noclip-lr0.0056-beta1-0.95-beta2-0.98-seed42
28,packed4-awc-noclip-lr0.0056-beta1-0.95-beta2-0.98-seed43,2341796_28,0.0056,0.95,0.98,43,3.811624598304415,437.2916442010319,307.5142352062976,63208612864,runs/packed4-awc-noclip-20m-batch128k-20260912/experiments/packed4-awc-noclip-lr0.0056-beta1-0.95-beta2-0.98-seed43
29,packed4-awc-noclip-lr0.0056-beta1-0.95-beta2-0.98-seed44,2341796_29,0.0056,0.95,0.98,44,3.7102813922194717,439.32841622596607,308.4895338213537,63208612864,runs/packed4-awc-noclip-20m-batch128k-20260912/experiments/packed4-awc-noclip-lr0.0056-beta1-0.95-beta2-0.98-seed44
30,packed4-awc-noclip-lr0.0056-beta1-0.95-beta2-0.99-seed42,2341796_30,0.0056,0.95,0.99,42,3.820600093294917,426.31997713493183,301.9396608736133,63208612864,runs/packed4-awc-noclip-20m-batch128k-20260912/experiments/packed4-awc-noclip-lr0.0056-beta1-0.95-beta2-0.99-seed42
31,packed4-awc-noclip-lr0.0056-beta1-0.95-beta2-0.99-seed43,2341796_31,0.0056,0.95,0.99,43,3.8045618501090837,428.1789347040467,302.6965119673405,63208612864,runs/packed4-awc-noclip-20m-batch128k-20260912/experiments/packed4-awc-noclip-lr0.0056-beta1-0.95-beta2-0.99-seed43
32,packed4-awc-noclip-lr0.0056-beta1-0.95-beta2-0.99-seed44,2341796_32,0.0056,0.95,0.99,44,3.7378365077422395,433.5645837050397,306.5193494799314,63208612864,runs/packed4-awc-noclip-20m-batch128k-20260912/experiments/packed4-awc-noclip-lr0.0056-beta1-0.95-beta2-0.99-seed44
33,packed4-awc-noclip-lr0.0056-beta1-0.95-beta2-0.999-seed42,2341796_33,0.0056,0.95,0.999,42,3.867277442837251,429.747863010969,303.7810697410023,63208612864,runs/packed4-awc-noclip-20m-batch128k-20260912/experiments/packed4-awc-noclip-lr0.0056-beta1-0.95-beta2-0.999-seed42
34,packed4-awc-noclip-lr0.0056-beta1-0.95-beta2-0.999-seed43,2341796_34,0.0056,0.95,0.999,43,3.7023861900768473,429.8348385359859,301.82208657008596,63208612864,runs/packed4-awc-noclip-20m-batch128k-20260912/experiments/packed4-awc-noclip-lr0.0056-beta1-0.95-beta2-0.999-seed43
35,packed4-awc-noclip-lr0.0056-beta1-0.95-beta2-0.999-seed44,2341796_35,0.0056,0.95,0.999,44,3.683124511806647,436.5880643900018,304.6580152948445,63208612864,runs/packed4-awc-noclip-20m-batch128k-20260912/experiments/packed4-awc-noclip-lr0.0056-beta1-0.95-beta2-0.999-seed44
36,packed4-awc-noclip-lr0.0056-beta1-0.975-beta2-0.95-seed42,2341796_36,0.0056,0.975,0.95,42,4.018170366797552,428.1686526470003,298.3764179061691,63208612864,runs/packed4-awc-noclip-20m-batch128k-20260912/experiments/packed4-awc-noclip-lr0.0056-beta1-0.975-beta2-0.95-seed42
37,packed4-awc-noclip-lr0.0056-beta1-0.975-beta2-0.95-seed43,2341796_37,0.0056,0.975,0.95,43,3.793910648951998,436.2049266230315,305.10118784941733,63208612864,runs/packed4-awc-noclip-20m-batch128k-20260912/experiments/packed4-awc-noclip-lr0.0056-beta1-0.975-beta2-0.95-seed43
38,packed4-awc-noclip-lr0.0056-beta1-0.975-beta2-0.95-seed44,2341796_38,0.0056,0.975,0.95,44,4.018829034414354,429.08333041216247,302.5867112239357,63208612864,runs/packed4-awc-noclip-20m-batch128k-20260912/experiments/packed4-awc-noclip-lr0.0056-beta1-0.975-beta2-0.95-seed44
39,packed4-awc-noclip-lr0.0056-beta1-0.975-beta2-0.98-seed42,2341796_39,0.0056,0.975,0.98,42,3.8881002200088566,431.80178085016087,305.295528461691,63208612864,runs/packed4-awc-noclip-20m-batch128k-20260912/experiments/packed4-awc-noclip-lr0.0056-beta1-0.975-beta2-0.98-seed42
40,packed4-awc-noclip-lr0.0056-beta1-0.975-beta2-0.98-seed43,2341796_40,0.0056,0.975,0.98,43,3.7423086690667913,429.7680463460274,303.61537038278766,63208612864,runs/packed4-awc-noclip-20m-batch128k-20260912/experiments/packed4-awc-noclip-lr0.0056-beta1-0.975-beta2-0.98-seed43
41,packed4-awc-noclip-lr0.0056-beta1-0.975-beta2-0.98-seed44,2341796_41,0.0056,0.975,0.98,44,3.8934542248809745,427.22090827394277,302.7800190707203,63208612864,runs/packed4-awc-noclip-20m-batch128k-20260912/experiments/packed4-awc-noclip-lr0.0056-beta1-0.975-beta2-0.98-seed44
42,packed4-awc-noclip-lr0.0056-beta1-0.975-beta2-0.99-seed42,2341796_42,0.0056,0.975,0.99,42,3.872880739199292,425.7562414960703,301.91849524213467,63208612864,runs/packed4-awc-noclip-20m-batch128k-20260912/experiments/packed4-awc-noclip-lr0.0056-beta1-0.975-beta2-0.99-seed42
43,packed4-awc-noclip-lr0.0056-beta1-0.975-beta2-0.99-seed43,2341796_43,0.0056,0.975,0.99,43,3.7471294581762438,426.9040064619621,302.7160605400568,63208612864,runs/packed4-awc-noclip-20m-batch128k-20260912/experiments/packed4-awc-noclip-lr0.0056-beta1-0.975-beta2-0.99-seed43
44,packed4-awc-noclip-lr0.0056-beta1-0.975-beta2-0.99-seed44,2341796_44,0.0056,0.975,0.99,44,3.8283235924705794,429.40679257002193,304.384373855195,63208612864,runs/packed4-awc-noclip-20m-batch128k-20260912/experiments/packed4-awc-noclip-lr0.0056-beta1-0.975-beta2-0.99-seed44
45,packed4-awc-noclip-lr0.0056-beta1-0.975-beta2-0.999-seed42,2341796_45,0.0056,0.975,0.999,42,3.926096131246294,430.25112990499474,303.77833643369377,63208612864,runs/packed4-awc-noclip-20m-batch128k-20260912/experiments/packed4-awc-noclip-lr0.0056-beta1-0.975-beta2-0.999-seed42
46,packed4-awc-noclip-lr0.0056-beta1-0.975-beta2-0.999-seed43,2341796_46,0.0056,0.975,0.999,43,3.794571720097685,436.56091589690186,307.69943205965683,63208612864,runs/packed4-awc-noclip-20m-batch128k-20260912/experiments/packed4-awc-noclip-lr0.0056-beta1-0.975-beta2-0.999-seed43
47,packed4-awc-noclip-lr0.0056-beta1-0.975-beta2-0.999-seed44,2341796_47,0.0056,0.975,0.999,44,3.8840770228139885,421.7062241069507,294.4868522119941,63208612864,runs/packed4-awc-noclip-20m-batch128k-20260912/experiments/packed4-awc-noclip-lr0.0056-beta1-0.975-beta2-0.999-seed44
48,packed4-awc-noclip-lr0.008-beta1-0.9-beta2-0.95-seed42,2341796_48,0.008,0.9,0.95,42,3.780645098838506,427.08736173505895,301.4371407000581,63208612864,runs/packed4-awc-noclip-20m-batch128k-20260912/experiments/packed4-awc-noclip-lr0.008-beta1-0.9-beta2-0.95-seed42
49,packed4-awc-noclip-lr0.008-beta1-0.9-beta2-0.95-seed43,2341796_49,0.008,0.9,0.95,43,3.767291706039712,426.9152286190074,302.9283658871427,63208612864,runs/packed4-awc-noclip-20m-batch128k-20260912/experiments/packed4-awc-noclip-lr0.008-beta1-0.9-beta2-0.95-seed43
50,packed4-awc-noclip-lr0.008-beta1-0.9-beta2-0.95-seed44,2341796_50,0.008,0.9,0.95,44,3.7426938784090407,427.5523882600246,302.81900721695274,63208612864,runs/packed4-awc-noclip-20m-batch128k-20260912/experiments/packed4-awc-noclip-lr0.008-beta1-0.9-beta2-0.95-seed44
51,packed4-awc-noclip-lr0.008-beta1-0.9-beta2-0.98-seed42,2341796_51,0.008,0.9,0.98,42,3.759918324245581,436.20668859395664,306.43547413207125,63208612864,runs/packed4-awc-noclip-20m-batch128k-20260912/experiments/packed4-awc-noclip-lr0.008-beta1-0.9-beta2-0.98-seed42
52,packed4-awc-noclip-lr0.008-beta1-0.9-beta2-0.98-seed43,2341796_52,0.008,0.9,0.98,43,3.799662302350933,430.62601585593075,304.73720852751285,63208612864,runs/packed4-awc-noclip-20m-batch128k-20260912/experiments/packed4-awc-noclip-lr0.008-beta1-0.9-beta2-0.98-seed43
53,packed4-awc-noclip-lr0.008-beta1-0.9-beta2-0.98-seed44,2341796_53,0.008,0.9,0.98,44,3.6542549781741456,446.21551053004805,308.73119270137977,63208612864,runs/packed4-awc-noclip-20m-batch128k-20260912/experiments/packed4-awc-noclip-lr0.008-beta1-0.9-beta2-0.98-seed44
54,packed4-awc-noclip-lr0.008-beta1-0.9-beta2-0.99-seed42,2341796_54,0.008,0.9,0.99,42,3.811367647569368,421.8604342599865,298.55327881046105,63208612864,runs/packed4-awc-noclip-20m-batch128k-20260912/experiments/packed4-awc-noclip-lr0.008-beta1-0.9-beta2-0.99-seed42
55,packed4-awc-noclip-lr0.008-beta1-0.9-beta2-0.99-seed43,2341796_55,0.008,0.9,0.99,43,3.8393379083715233,434.6182246620301,306.6042174815666,63208612864,runs/packed4-awc-noclip-20m-batch128k-20260912/experiments/packed4-awc-noclip-lr0.008-beta1-0.9-beta2-0.99-seed43
56,packed4-awc-noclip-lr0.008-beta1-0.9-beta2-0.99-seed44,2341796_56,0.008,0.9,0.99,44,3.6927778310695647,435.45031072595157,307.80477390019223,63208612864,runs/packed4-awc-noclip-20m-batch128k-20260912/experiments/packed4-awc-noclip-lr0.008-beta1-0.9-beta2-0.99-seed44
57,packed4-awc-noclip-lr0.008-beta1-0.9-beta2-0.999-seed42,2341796_57,0.008,0.9,0.999,42,4.040000007051054,425.2238136079395,300.22300135414116,63208612864,runs/packed4-awc-noclip-20m-batch128k-20260912/experiments/packed4-awc-noclip-lr0.008-beta1-0.9-beta2-0.999-seed42
58,packed4-awc-noclip-lr0.008-beta1-0.9-beta2-0.999-seed43,2341796_58,0.008,0.9,0.999,43,3.826106598151257,428.95752330799587,302.54049846041016,63208612864,runs/packed4-awc-noclip-20m-batch128k-20260912/experiments/packed4-awc-noclip-lr0.008-beta1-0.9-beta2-0.999-seed43
59,packed4-awc-noclip-lr0.008-beta1-0.9-beta2-0.999-seed44,2341796_59,0.008,0.9,0.999,44,3.850089050699714,433.2466495248955,305.74032550666016,63208612864,runs/packed4-awc-noclip-20m-batch128k-20260912/experiments/packed4-awc-noclip-lr0.008-beta1-0.9-beta2-0.999-seed44
60,packed4-awc-noclip-lr0.008-beta1-0.925-beta2-0.95-seed42,2341796_60,0.008,0.925,0.95,42,3.8255722875301377,436.44289377506357,309.1716494481079,63208612864,runs/packed4-awc-noclip-20m-batch128k-20260912/experiments/packed4-awc-noclip-lr0.008-beta1-0.925-beta2-0.95-seed42
61,packed4-awc-noclip-lr0.008-beta1-0.925-beta2-0.95-seed43,2341796_61,0.008,0.925,0.95,43,3.822247937712168,434.2784730999265,307.07704436732456,63208612864,runs/packed4-awc-noclip-20m-batch128k-20260912/experiments/packed4-awc-noclip-lr0.008-beta1-0.925-beta2-0.95-seed43
62,packed4-awc-noclip-lr0.008-beta1-0.925-beta2-0.95-seed44,2341796_62,0.008,0.925,0.95,44,3.7422580747357643,429.28512093704194,301.4935613126727,63208612864,runs/packed4-awc-noclip-20m-batch128k-20260912/experiments/packed4-awc-noclip-lr0.008-beta1-0.925-beta2-0.95-seed44
63,packed4-awc-noclip-lr0.008-beta1-0.925-beta2-0.98-seed42,2341796_63,0.008,0.925,0.98,42,3.8510466158466286,437.77019330399344,310.0773713917006,63208612864,runs/packed4-awc-noclip-20m-batch128k-20260912/experiments/packed4-awc-noclip-lr0.008-beta1-0.925-beta2-0.98-seed42
64,packed4-awc-noclip-lr0.008-beta1-0.925-beta2-0.98-seed43,2341796_64,0.008,0.925,0.98,43,3.755436226091744,429.18835379500524,303.5828656099329,63208612864,runs/packed4-awc-noclip-20m-batch128k-20260912/experiments/packed4-awc-noclip-lr0.008-beta1-0.925-beta2-0.98-seed43
65,packed4-awc-noclip-lr0.008-beta1-0.925-beta2-0.98-seed44,2341796_65,0.008,0.925,0.98,44,3.742282443789282,429.34802982304245,304.0756838696543,63208612864,runs/packed4-awc-noclip-20m-batch128k-20260912/experiments/packed4-awc-noclip-lr0.008-beta1-0.925-beta2-0.98-seed44
66,packed4-awc-noclip-lr0.008-beta1-0.925-beta2-0.99-seed42,2341796_66,0.008,0.925,0.99,42,3.6973560517072057,422.134005100932,298.98040146392304,63208612864,runs/packed4-awc-noclip-20m-batch128k-20260912/experiments/packed4-awc-noclip-lr0.008-beta1-0.925-beta2-0.99-seed42
67,packed4-awc-noclip-lr0.008-beta1-0.925-beta2-0.99-seed43,2341796_67,0.008,0.925,0.99,43,3.609332567325115,433.6716612880118,304.9383279173635,63208612864,runs/packed4-awc-noclip-20m-batch128k-20260912/experiments/packed4-awc-noclip-lr0.008-beta1-0.925-beta2-0.99-seed43
68,packed4-awc-noclip-lr0.008-beta1-0.925-beta2-0.99-seed44,2341796_68,0.008,0.925,0.99,44,3.7500335440091273,429.0967341619544,302.8297470039688,63208612864,runs/packed4-awc-noclip-20m-batch128k-20260912/experiments/packed4-awc-noclip-lr0.008-beta1-0.925-beta2-0.99-seed44
69,packed4-awc-noclip-lr0.008-beta1-0.925-beta2-0.999-seed42,2341796_69,0.008,0.925,0.999,42,3.9884658461534506,433.9351909609977,305.06806194013916,63208612864,runs/packed4-awc-noclip-20m-batch128k-20260912/experiments/packed4-awc-noclip-lr0.008-beta1-0.925-beta2-0.999-seed42
70,packed4-awc-noclip-lr0.008-beta1-0.925-beta2-0.999-seed43,2341796_70,0.008,0.925,0.999,43,3.791518414212971,429.76665449817665,303.63053260883316,63208612864,runs/packed4-awc-noclip-20m-batch128k-20260912/experiments/packed4-awc-noclip-lr0.008-beta1-0.925-beta2-0.999-seed43
71,packed4-awc-noclip-lr0.008-beta1-0.925-beta2-0.999-seed44,2341796_71,0.008,0.925,0.999,44,4.026513321273011,428.62110789492726,301.60840443894267,63208612864,runs/packed4-awc-noclip-20m-batch128k-20260912/experiments/packed4-awc-noclip-lr0.008-beta1-0.925-beta2-0.999-seed44
72,packed4-awc-noclip-lr0.008-beta1-0.95-beta2-0.95-seed42,2341796_72,0.008,0.95,0.95,42,3.7833762152877193,453.9870745949447,324.9784023629036,63208612864,runs/packed4-awc-noclip-20m-batch128k-20260912/experiments/packed4-awc-noclip-lr0.008-beta1-0.95-beta2-0.95-seed42
73,packed4-awc-noclip-lr0.008-beta1-0.95-beta2-0.95-seed43,2341796_73,0.008,0.95,0.95,43,3.7900400616573475,459.15859086601995,326.91338338004425,63208612864,runs/packed4-awc-noclip-20m-batch128k-20260912/experiments/packed4-awc-noclip-lr0.008-beta1-0.95-beta2-0.95-seed43
74,packed4-awc-noclip-lr0.008-beta1-0.95-beta2-0.95-seed44,2341796_74,0.008,0.95,0.95,44,3.757922760174461,454.634943991201,325.0314486764837,63208612864,runs/packed4-awc-noclip-20m-batch128k-20260912/experiments/packed4-awc-noclip-lr0.008-beta1-0.95-beta2-0.95-seed44
75,packed4-awc-noclip-lr0.008-beta1-0.95-beta2-0.98-seed42,2341796_75,0.008,0.95,0.98,42,3.748650511807065,431.22845290997066,302.733093198156,63208612864,runs/packed4-awc-noclip-20m-batch128k-20260912/experiments/packed4-awc-noclip-lr0.008-beta1-0.95-beta2-0.98-seed42
76,packed4-awc-noclip-lr0.008-beta1-0.95-beta2-0.98-seed43,2341796_76,0.008,0.95,0.98,43,3.7393433734916037,426.9223294040421,297.8102889943402,63208612864,runs/packed4-awc-noclip-20m-batch128k-20260912/experiments/packed4-awc-noclip-lr0.008-beta1-0.95-beta2-0.98-seed43
77,packed4-awc-noclip-lr0.008-beta1-0.95-beta2-0.98-seed44,2341796_77,0.008,0.95,0.98,44,3.7547548579962493,431.24988670801395,301.22752931021387,63208612864,runs/packed4-awc-noclip-20m-batch128k-20260912/experiments/packed4-awc-noclip-lr0.008-beta1-0.95-beta2-0.98-seed44
78,packed4-awc-noclip-lr0.008-beta1-0.95-beta2-0.99-seed42,2341796_78,0.008,0.95,0.99,42,3.8126833150681154,421.86886158399284,293.3905511418707,63208612864,runs/packed4-awc-noclip-20m-batch128k-20260912/experiments/packed4-awc-noclip-lr0.008-beta1-0.95-beta2-0.99-seed42
79,packed4-awc-noclip-lr0.008-beta1-0.95-beta2-0.99-seed43,2341796_79,0.008,0.95,0.99,43,3.8856205504906467,434.0201983990846,302.85979092796333,63208612864,runs/packed4-awc-noclip-20m-batch128k-20260912/experiments/packed4-awc-noclip-lr0.008-beta1-0.95-beta2-0.99-seed43
80,packed4-awc-noclip-lr0.008-beta1-0.95-beta2-0.99-seed44,2341796_80,0.008,0.95,0.99,44,3.754091211529644,426.549533336889,298.6985894476529,63208612864,runs/packed4-awc-noclip-20m-batch128k-20260912/experiments/packed4-awc-noclip-lr0.008-beta1-0.95-beta2-0.99-seed44
81,packed4-awc-noclip-lr0.008-beta1-0.95-beta2-0.999-seed42,2341796_81,0.008,0.95,0.999,42,4.029081280762682,425.92448525398504,297.5254060084699,63208612864,runs/packed4-awc-noclip-20m-batch128k-20260912/experiments/packed4-awc-noclip-lr0.008-beta1-0.95-beta2-0.999-seed42
82,packed4-awc-noclip-lr0.008-beta1-0.95-beta2-0.999-seed43,2341796_82,0.008,0.95,0.999,43,3.9183992846868816,418.5505053360248,282.49341205111705,63208612864,runs/packed4-awc-noclip-20m-batch128k-20260912/experiments/packed4-awc-noclip-lr0.008-beta1-0.95-beta2-0.999-seed43
83,packed4-awc-noclip-lr0.008-beta1-0.95-beta2-0.999-seed44,2341796_83,0.008,0.95,0.999,44,3.8578815149245114,410.8508833628148,283.3619434153661,63208612864,runs/packed4-awc-noclip-20m-batch128k-20260912/experiments/packed4-awc-noclip-lr0.008-beta1-0.95-beta2-0.999-seed44
84,packed4-awc-noclip-lr0.008-beta1-0.975-beta2-0.95-seed42,2341796_84,0.008,0.975,0.95,42,4.093791344774857,415.52777640498243,284.8982768745627,63208612864,runs/packed4-awc-noclip-20m-batch128k-20260912/experiments/packed4-awc-noclip-lr0.008-beta1-0.975-beta2-0.95-seed42
85,packed4-awc-noclip-lr0.008-beta1-0.975-beta2-0.95-seed43,2341796_85,0.008,0.975,0.95,43,4.04325383499412,425.923401924083,297.40181031939574,63208612864,runs/packed4-awc-noclip-20m-batch128k-20260912/experiments/packed4-awc-noclip-lr0.008-beta1-0.975-beta2-0.95-seed43
86,packed4-awc-noclip-lr0.008-beta1-0.975-beta2-0.95-seed44,2341796_86,0.008,0.975,0.95,44,4.08451585205336,419.7634298631456,291.56102344440296,63208612864,runs/packed4-awc-noclip-20m-batch128k-20260912/experiments/packed4-awc-noclip-lr0.008-beta1-0.975-beta2-0.95-seed44
87,packed4-awc-noclip-lr0.008-beta1-0.975-beta2-0.98-seed42,2341796_87,0.008,0.975,0.98,42,3.9453931484768443,411.28409962693695,282.78181007364765,63208612864,runs/packed4-awc-noclip-20m-batch128k-20260912/experiments/packed4-awc-noclip-lr0.008-beta1-0.975-beta2-0.98-seed42
88,packed4-awc-noclip-lr0.008-beta1-0.975-beta2-0.98-seed43,2341796_88,0.008,0.975,0.98,43,4.001340177067351,417.92001643707044,283.5700068916194,63208612864,runs/packed4-awc-noclip-20m-batch128k-20260912/experiments/packed4-awc-noclip-lr0.008-beta1-0.975-beta2-0.98-seed43
89,packed4-awc-noclip-lr0.008-beta1-0.975-beta2-0.98-seed44,2341796_89,0.008,0.975,0.98,44,4.010749422560386,418.6653697269503,284.95790092856623,63208612864,runs/packed4-awc-noclip-20m-batch128k-20260912/experiments/packed4-awc-noclip-lr0.008-beta1-0.975-beta2-0.98-seed44
90,packed4-awc-noclip-lr0.008-beta1-0.975-beta2-0.99-seed42,2341796_90,0.008,0.975,0.99,42,3.965949614707933,416.94170667999424,284.5147402988514,63208612864,runs/packed4-awc-noclip-20m-batch128k-20260912/experiments/packed4-awc-noclip-lr0.008-beta1-0.975-beta2-0.99-seed42
91,packed4-awc-noclip-lr0.008-beta1-0.975-beta2-0.99-seed43,2341796_91,0.008,0.975,0.99,43,3.7683483210504503,413.8944459989434,281.14487668161746,63208612864,runs/packed4-awc-noclip-20m-batch128k-20260912/experiments/packed4-awc-noclip-lr0.008-beta1-0.975-beta2-0.99-seed43
92,packed4-awc-noclip-lr0.008-beta1-0.975-beta2-0.99-seed44,2341796_92,0.008,0.975,0.99,44,3.8749612851991952,413.0539127300726,280.12499873607885,63208612864,runs/packed4-awc-noclip-20m-batch128k-20260912/experiments/packed4-awc-noclip-lr0.008-beta1-0.975-beta2-0.99-seed44
93,packed4-awc-noclip-lr0.008-beta1-0.975-beta2-0.999-seed42,2341796_93,0.008,0.975,0.999,42,4.413119512408323,410.34011008008383,277.7295837975107,63208612864,runs/packed4-awc-noclip-20m-batch128k-20260912/experiments/packed4-awc-noclip-lr0.008-beta1-0.975-beta2-0.999-seed42
94,packed4-awc-noclip-lr0.008-beta1-0.975-beta2-0.999-seed43,2341796_94,0.008,0.975,0.999,43,3.9754078127131534,426.0808536509285,295.7290003426606,63208612864,runs/packed4-awc-noclip-20m-batch128k-20260912/experiments/packed4-awc-noclip-lr0.008-beta1-0.975-beta2-0.999-seed43
95,packed4-awc-noclip-lr0.008-beta1-0.975-beta2-0.999-seed44,2341796_95,0.008,0.975,0.999,44,4.394154831328676,434.3453241819516,303.07052370510064,63208612864,runs/packed4-awc-noclip-20m-batch128k-20260912/experiments/packed4-awc-noclip-lr0.008-beta1-0.975-beta2-0.999-seed44
96,packed4-awc-noclip-lr0.01-beta1-0.9-beta2-0.95-seed42,2341796_96,0.01,0.9,0.95,42,3.76019856268065,432.51764459197875,303.0235608393559,63208612864,runs/packed4-awc-noclip-20m-batch128k-20260912/experiments/packed4-awc-noclip-lr0.01-beta1-0.9-beta2-0.95-seed42
97,packed4-awc-noclip-lr0.01-beta1-0.9-beta2-0.95-seed43,2341796_97,0.01,0.9,0.95,43,3.7724137897629944,436.5688304868527,307.9847514440771,63208612864,runs/packed4-awc-noclip-20m-batch128k-20260912/experiments/packed4-awc-noclip-lr0.01-beta1-0.9-beta2-0.95-seed43
98,packed4-awc-noclip-lr0.01-beta1-0.9-beta2-0.95-seed44,2341796_98,0.01,0.9,0.95,44,3.7561521834688505,424.4185914749978,299.9581159725785,63208612864,runs/packed4-awc-noclip-20m-batch128k-20260912/experiments/packed4-awc-noclip-lr0.01-beta1-0.9-beta2-0.95-seed44
99,packed4-awc-noclip-lr0.01-beta1-0.9-beta2-0.98-seed42,2341796_99,0.01,0.9,0.98,42,3.795621016093968,437.4399869060144,301.28440734907053,63208612864,runs/packed4-awc-noclip-20m-batch128k-20260912/experiments/packed4-awc-noclip-lr0.01-beta1-0.9-beta2-0.98-seed42
100,packed4-awc-noclip-lr0.01-beta1-0.9-beta2-0.98-seed43,2341796_100,0.01,0.9,0.98,43,3.7327448123841296,432.35113723401446,306.680169230327,63208612864,runs/packed4-awc-noclip-20m-batch128k-20260912/experiments/packed4-awc-noclip-lr0.01-beta1-0.9-beta2-0.98-seed43
101,packed4-awc-noclip-lr0.01-beta1-0.9-beta2-0.98-seed44,2341796_101,0.01,0.9,0.98,44,3.7998971116501203,427.34095109882765,302.2241448350251,63208612864,runs/packed4-awc-noclip-20m-batch128k-20260912/experiments/packed4-awc-noclip-lr0.01-beta1-0.9-beta2-0.98-seed44
102,packed4-awc-noclip-lr0.01-beta1-0.9-beta2-0.99-seed42,2341796_102,0.01,0.9,0.99,42,3.8339396336511324,427.173089475953,302.21656659361906,63208612864,runs/packed4-awc-noclip-20m-batch128k-20260912/experiments/packed4-awc-noclip-lr0.01-beta1-0.9-beta2-0.99-seed42
103,packed4-awc-noclip-lr0.01-beta1-0.9-beta2-0.99-seed43,2341796_103,0.01,0.9,0.99,43,3.8068659147836805,428.7950829800684,301.6935352910077,63208612864,runs/packed4-awc-noclip-20m-batch128k-20260912/experiments/packed4-awc-noclip-lr0.01-beta1-0.9-beta2-0.99-seed43
104,packed4-awc-noclip-lr0.01-beta1-0.9-beta2-0.99-seed44,2341796_104,0.01,0.9,0.99,44,3.7331950656830175,412.3473719069734,286.0477486765012,63208612864,runs/packed4-awc-noclip-20m-batch128k-20260912/experiments/packed4-awc-noclip-lr0.01-beta1-0.9-beta2-0.99-seed44
105,packed4-awc-noclip-lr0.01-beta1-0.9-beta2-0.999-seed42,2341796_105,0.01,0.9,0.999,42,4.147488450727815,430.32692234698334,290.3064473589475,63208612864,runs/packed4-awc-noclip-20m-batch128k-20260912/experiments/packed4-awc-noclip-lr0.01-beta1-0.9-beta2-0.999-seed42
106,packed4-awc-noclip-lr0.01-beta1-0.9-beta2-0.999-seed43,2341796_106,0.01,0.9,0.999,43,4.397186354788054,423.0635451969865,284.8923746199871,63208612864,runs/packed4-awc-noclip-20m-batch128k-20260912/experiments/packed4-awc-noclip-lr0.01-beta1-0.9-beta2-0.999-seed43
107,packed4-awc-noclip-lr0.01-beta1-0.9-beta2-0.999-seed44,2341796_107,0.01,0.9,0.999,44,3.8913347378881533,423.8553119499702,290.74331167771015,63208612864,runs/packed4-awc-noclip-20m-batch128k-20260912/experiments/packed4-awc-noclip-lr0.01-beta1-0.9-beta2-0.999-seed44
108,packed4-awc-noclip-lr0.01-beta1-0.925-beta2-0.95-seed42,2341796_108,0.01,0.925,0.95,42,3.7862096660997215,413.591591003933,286.955392390606,63208612864,runs/packed4-awc-noclip-20m-batch128k-20260912/experiments/packed4-awc-noclip-lr0.01-beta1-0.925-beta2-0.95-seed42
109,packed4-awc-noclip-lr0.01-beta1-0.925-beta2-0.95-seed43,2341796_109,0.01,0.925,0.95,43,3.81137476165198,420.24446496902965,286.1398624978028,63208612864,runs/packed4-awc-noclip-20m-batch128k-20260912/experiments/packed4-awc-noclip-lr0.01-beta1-0.925-beta2-0.95-seed43
110,packed4-awc-noclip-lr0.01-beta1-0.925-beta2-0.95-seed44,2341796_110,0.01,0.925,0.95,44,3.7168096465547973,409.65621440601535,284.1884646619437,63208612864,runs/packed4-awc-noclip-20m-batch128k-20260912/experiments/packed4-awc-noclip-lr0.01-beta1-0.925-beta2-0.95-seed44
111,packed4-awc-noclip-lr0.01-beta1-0.925-beta2-0.98-seed42,2341796_111,0.01,0.925,0.98,42,3.821683732545409,412.7023956188932,285.6898041132372,63208612864,runs/packed4-awc-noclip-20m-batch128k-20260912/experiments/packed4-awc-noclip-lr0.01-beta1-0.925-beta2-0.98-seed42
112,packed4-awc-noclip-lr0.01-beta1-0.925-beta2-0.98-seed43,2341796_112,0.01,0.925,0.98,43,3.797828363768577,412.9957787320018,283.9984088782221,63208612864,runs/packed4-awc-noclip-20m-batch128k-20260912/experiments/packed4-awc-noclip-lr0.01-beta1-0.925-beta2-0.98-seed43
113,packed4-awc-noclip-lr0.01-beta1-0.925-beta2-0.98-seed44,2341796_113,0.01,0.925,0.98,44,3.765199703364601,407.09440103103407,281.35742029349785,63208612864,runs/packed4-awc-noclip-20m-batch128k-20260912/experiments/packed4-awc-noclip-lr0.01-beta1-0.925-beta2-0.98-seed44
114,packed4-awc-noclip-lr0.01-beta1-0.925-beta2-0.99-seed42,2341796_114,0.01,0.925,0.99,42,3.796018790676923,436.75268429890275,309.23254511971027,63208612864,runs/packed4-awc-noclip-20m-batch128k-20260912/experiments/packed4-awc-noclip-lr0.01-beta1-0.925-beta2-0.99-seed42
115,packed4-awc-noclip-lr0.01-beta1-0.925-beta2-0.99-seed43,2341796_115,0.01,0.925,0.99,43,3.851755118215782,413.0352334360359,286.19529672781937,63208612864,runs/packed4-awc-noclip-20m-batch128k-20260912/experiments/packed4-awc-noclip-lr0.01-beta1-0.925-beta2-0.99-seed43
116,packed4-awc-noclip-lr0.01-beta1-0.925-beta2-0.99-seed44,2341796_116,0.01,0.925,0.99,44,3.7923770375830053,406.22006624902133,279.6211278701667,63208612864,runs/packed4-awc-noclip-20m-batch128k-20260912/experiments/packed4-awc-noclip-lr0.01-beta1-0.925-beta2-0.99-seed44
117,packed4-awc-noclip-lr0.01-beta1-0.925-beta2-0.999-seed42,2341796_117,0.01,0.925,0.999,42,4.237502291041887,420.55043509299867,288.15991461928934,63208612864,runs/packed4-awc-noclip-20m-batch128k-20260912/experiments/packed4-awc-noclip-lr0.01-beta1-0.925-beta2-0.999-seed42
118,packed4-awc-noclip-lr0.01-beta1-0.925-beta2-0.999-seed43,2341796_118,0.01,0.925,0.999,43,3.989536130695577,425.2341784669552,297.5332187014865,63208612864,runs/packed4-awc-noclip-20m-batch128k-20260912/experiments/packed4-awc-noclip-lr0.01-beta1-0.925-beta2-0.999-seed43
119,packed4-awc-noclip-lr0.01-beta1-0.925-beta2-0.999-seed44,2341796_119,0.01,0.925,0.999,44,4.1724710621843215,432.07816133112647,303.2565744041931,63208612864,runs/packed4-awc-noclip-20m-batch128k-20260912/experiments/packed4-awc-noclip-lr0.01-beta1-0.925-beta2-0.999-seed44
120,packed4-awc-noclip-lr0.01-beta1-0.95-beta2-0.95-seed42,2341796_120,0.01,0.95,0.95,42,3.8452514727807134,427.85989024699666,299.7724815038964,63208612864,runs/packed4-awc-noclip-20m-batch128k-20260912/experiments/packed4-awc-noclip-lr0.01-beta1-0.95-beta2-0.95-seed42
121,packed4-awc-noclip-lr0.01-beta1-0.95-beta2-0.95-seed43,2341796_121,0.01,0.95,0.95,43,3.8448547418904364,437.11262486409396,306.01458143536,63208612864,runs/packed4-awc-noclip-20m-batch128k-20260912/experiments/packed4-awc-noclip-lr0.01-beta1-0.95-beta2-0.95-seed43
122,packed4-awc-noclip-lr0.01-beta1-0.95-beta2-0.95-seed44,2341796_122,0.01,0.95,0.95,44,3.8408781957990747,407.25824122398626,278.80661585205235,63208612864,runs/packed4-awc-noclip-20m-batch128k-20260912/experiments/packed4-awc-noclip-lr0.01-beta1-0.95-beta2-0.95-seed44
123,packed4-awc-noclip-lr0.01-beta1-0.95-beta2-0.98-seed42,2341796_123,0.01,0.95,0.98,42,3.741870621200899,428.9019333560718,303.3100860295817,63208612864,runs/packed4-awc-noclip-20m-batch128k-20260912/experiments/packed4-awc-noclip-lr0.01-beta1-0.95-beta2-0.98-seed42
124,packed4-awc-noclip-lr0.01-beta1-0.95-beta2-0.98-seed43,2341796_124,0.01,0.95,0.98,43,3.849289703469525,433.4626607269747,306.29640300385654,63208612864,runs/packed4-awc-noclip-20m-batch128k-20260912/experiments/packed4-awc-noclip-lr0.01-beta1-0.95-beta2-0.98-seed43
125,packed4-awc-noclip-lr0.01-beta1-0.95-beta2-0.98-seed44,2341796_125,0.01,0.95,0.98,44,3.725848520988444,436.4069478249876,307.90255799901206,63208612864,runs/packed4-awc-noclip-20m-batch128k-20260912/experiments/packed4-awc-noclip-lr0.01-beta1-0.95-beta2-0.98-seed44
126,packed4-awc-noclip-lr0.01-beta1-0.95-beta2-0.99-seed42,2341796_126,0.01,0.95,0.99,42,3.977305923711632,427.8779682010645,301.08328944677487,63208612864,runs/packed4-awc-noclip-20m-batch128k-20260912/experiments/packed4-awc-noclip-lr0.01-beta1-0.95-beta2-0.99-seed42
127,packed4-awc-noclip-lr0.01-beta1-0.95-beta2-0.99-seed43,2341796_127,0.01,0.95,0.99,43,3.802267500666155,427.9648587569827,303.2029271334177,63208612864,runs/packed4-awc-noclip-20m-batch128k-20260912/experiments/packed4-awc-noclip-lr0.01-beta1-0.95-beta2-0.99-seed43
128,packed4-awc-noclip-lr0.01-beta1-0.95-beta2-0.99-seed44,2341796_128,0.01,0.95,0.99,44,3.7550564302274463,430.1616332340054,302.4136304416461,63208612864,runs/packed4-awc-noclip-20m-batch128k-20260912/experiments/packed4-awc-noclip-lr0.01-beta1-0.95-beta2-0.99-seed44
129,packed4-awc-noclip-lr0.01-beta1-0.95-beta2-0.999-seed42,2341796_129,0.01,0.95,0.999,42,4.091393799975976,422.8991226119688,298.85511334543116,63208612864,runs/packed4-awc-noclip-20m-batch128k-20260912/experiments/packed4-awc-noclip-lr0.01-beta1-0.95-beta2-0.999-seed42
130,packed4-awc-noclip-lr0.01-beta1-0.95-beta2-0.999-seed43,2341796_130,0.01,0.95,0.999,43,4.4293575470997055,440.2187982550822,298.52868383866735,63208612864,runs/packed4-awc-noclip-20m-batch128k-20260912/experiments/packed4-awc-noclip-lr0.01-beta1-0.95-beta2-0.999-seed43
131,packed4-awc-noclip-lr0.01-beta1-0.95-beta2-0.999-seed44,2341796_131,0.01,0.95,0.999,44,4.278875333179855,451.37247571197804,305.53497537819203,63208612864,runs/packed4-awc-noclip-20m-batch128k-20260912/experiments/packed4-awc-noclip-lr0.01-beta1-0.95-beta2-0.999-seed44
132,packed4-awc-noclip-lr0.01-beta1-0.975-beta2-0.95-seed42,2341796_132,0.01,0.975,0.95,42,4.095721003215539,431.6213522190228,300.6225258328486,63208612864,runs/packed4-awc-noclip-20m-batch128k-20260912/experiments/packed4-awc-noclip-lr0.01-beta1-0.975-beta2-0.95-seed42
133,packed4-awc-noclip-lr0.01-beta1-0.975-beta2-0.95-seed43,2341796_133,0.01,0.975,0.95,43,3.817828029637337,436.9727109420346,300.70903423812706,63208612864,runs/packed4-awc-noclip-20m-batch128k-20260912/experiments/packed4-awc-noclip-lr0.01-beta1-0.975-beta2-0.95-seed43
134,packed4-awc-noclip-lr0.01-beta1-0.975-beta2-0.95-seed44,2341796_134,0.01,0.975,0.95,44,4.042158834205448,443.486013644957,304.80884450580925,63208612864,runs/packed4-awc-noclip-20m-batch128k-20260912/experiments/packed4-awc-noclip-lr0.01-beta1-0.975-beta2-0.95-seed44
135,packed4-awc-noclip-lr0.01-beta1-0.975-beta2-0.98-seed42,2341796_135,0.01,0.975,0.98,42,4.02637283114398,427.4554675600957,301.7074983394705,63208612864,runs/packed4-awc-noclip-20m-batch128k-20260912/experiments/packed4-awc-noclip-lr0.01-beta1-0.975-beta2-0.98-seed42
136,packed4-awc-noclip-lr0.01-beta1-0.975-beta2-0.98-seed43,2341796_136,0.01,0.975,0.98,43,3.797221599832528,425.72755080999923,301.33568085115985,63208612864,runs/packed4-awc-noclip-20m-batch128k-20260912/experiments/packed4-awc-noclip-lr0.01-beta1-0.975-beta2-0.98-seed43
137,packed4-awc-noclip-lr0.01-beta1-0.975-beta2-0.98-seed44,2341796_137,0.01,0.975,0.98,44,3.9207364438695396,430.7591588009964,304.19717752194265,63208612864,runs/packed4-awc-noclip-20m-batch128k-20260912/experiments/packed4-awc-noclip-lr0.01-beta1-0.975-beta2-0.98-seed44
138,packed4-awc-noclip-lr0.01-beta1-0.975-beta2-0.99-seed42,2341796_138,0.01,0.975,0.99,42,3.8961540587373236,427.2204364950012,300.9926238921471,63208612864,runs/packed4-awc-noclip-20m-batch128k-20260912/experiments/packed4-awc-noclip-lr0.01-beta1-0.975-beta2-0.99-seed42
139,packed4-awc-noclip-lr0.01-beta1-0.975-beta2-0.99-seed43,2341796_139,0.01,0.975,0.99,43,3.8276437852268947,429.0096373530105,301.9158350918442,63208612864,runs/packed4-awc-noclip-20m-batch128k-20260912/experiments/packed4-awc-noclip-lr0.01-beta1-0.975-beta2-0.99-seed43
140,packed4-awc-noclip-lr0.01-beta1-0.975-beta2-0.99-seed44,2341796_140,0.01,0.975,0.99,44,3.939327766477422,425.70436771400273,300.7322327073198,63208612864,runs/packed4-awc-noclip-20m-batch128k-20260912/experiments/packed4-awc-noclip-lr0.01-beta1-0.975-beta2-0.99-seed44
141,packed4-awc-noclip-lr0.01-beta1-0.975-beta2-0.999-seed42,2341796_141,0.01,0.975,0.999,42,4.552546878050162,427.18975407397375,300.32799054542556,63208612864,runs/packed4-awc-noclip-20m-batch128k-20260912/experiments/packed4-awc-noclip-lr0.01-beta1-0.975-beta2-0.999-seed42
142,packed4-awc-noclip-lr0.01-beta1-0.975-beta2-0.999-seed43,2341796_142,0.01,0.975,0.999,43,4.290378755258602,430.85507138899993,298.03659280517604,63208612864,runs/packed4-awc-noclip-20m-batch128k-20260912/experiments/packed4-awc-noclip-lr0.01-beta1-0.975-beta2-0.999-seed43
143,packed4-awc-noclip-lr0.01-beta1-0.975-beta2-0.999-seed44,2341796_143,0.01,0.975,0.999,44,4.339315256111217,433.20253619295545,298.77817148098256,63208612864,runs/packed4-awc-noclip-20m-batch128k-20260912/experiments/packed4-awc-noclip-lr0.01-beta1-0.975-beta2-0.999-seed44
144,packed4-awc-noclip-lr0.0112-beta1-0.9-beta2-0.95-seed42,2341796_144,0.0112,0.9,0.95,42,3.7701014391752508,420.66868021991104,293.2183490189491,63208612864,runs/packed4-awc-noclip-20m-batch128k-20260912/experiments/packed4-awc-noclip-lr0.0112-beta1-0.9-beta2-0.95-seed42
145,packed4-awc-noclip-lr0.0112-beta1-0.9-beta2-0.95-seed43,2341796_145,0.0112,0.9,0.95,43,3.8075617468117917,426.3465333189815,295.6937883439241,63208612864,runs/packed4-awc-noclip-20m-batch128k-20260912/experiments/packed4-awc-noclip-lr0.0112-beta1-0.9-beta2-0.95-seed43
146,packed4-awc-noclip-lr0.0112-beta1-0.9-beta2-0.95-seed44,2341796_146,0.0112,0.9,0.95,44,3.7581642354264186,426.5574506690027,295.8883185707964,63208612864,runs/packed4-awc-noclip-20m-batch128k-20260912/experiments/packed4-awc-noclip-lr0.0112-beta1-0.9-beta2-0.95-seed44
147,packed4-awc-noclip-lr0.0112-beta1-0.9-beta2-0.98-seed42,2341796_147,0.0112,0.9,0.98,42,3.770130657118757,430.681389409001,301.36562144965865,63208612864,runs/packed4-awc-noclip-20m-batch128k-20260912/experiments/packed4-awc-noclip-lr0.0112-beta1-0.9-beta2-0.98-seed42
148,packed4-awc-noclip-lr0.0112-beta1-0.9-beta2-0.98-seed43,2341796_148,0.0112,0.9,0.98,43,3.842146753740414,435.93532360100653,304.2606099200202,63208612864,runs/packed4-awc-noclip-20m-batch128k-20260912/experiments/packed4-awc-noclip-lr0.0112-beta1-0.9-beta2-0.98-seed43
149,packed4-awc-noclip-lr0.0112-beta1-0.9-beta2-0.98-seed44,2341796_149,0.0112,0.9,0.98,44,3.7921631030040075,431.99905140697956,301.4006629885407,63208612864,runs/packed4-awc-noclip-20m-batch128k-20260912/experiments/packed4-awc-noclip-lr0.0112-beta1-0.9-beta2-0.98-seed44
150,packed4-awc-noclip-lr0.0112-beta1-0.9-beta2-0.99-seed42,2341796_150,0.0112,0.9,0.99,42,3.84892189562662,430.8619194109924,302.458287695772,63208612864,runs/packed4-awc-noclip-20m-batch128k-20260912/experiments/packed4-awc-noclip-lr0.0112-beta1-0.9-beta2-0.99-seed42
151,packed4-awc-noclip-lr0.0112-beta1-0.9-beta2-0.99-seed43,2341796_151,0.0112,0.9,0.99,43,3.807426590979558,427.12711513601243,301.22512248845305,63208612864,runs/packed4-awc-noclip-20m-batch128k-20260912/experiments/packed4-awc-noclip-lr0.0112-beta1-0.9-beta2-0.99-seed43
152,packed4-awc-noclip-lr0.0112-beta1-0.9-beta2-0.99-seed44,2341796_152,0.0112,0.9,0.99,44,3.787344771060828,423.2362693110481,299.6069451501826,63208612864,runs/packed4-awc-noclip-20m-batch128k-20260912/experiments/packed4-awc-noclip-lr0.0112-beta1-0.9-beta2-0.99-seed44
153,packed4-awc-noclip-lr0.0112-beta1-0.9-beta2-0.999-seed42,2341796_153,0.0112,0.9,0.999,42,4.422860523901076,432.71932426001877,304.5300072210375,63208612864,runs/packed4-awc-noclip-20m-batch128k-20260912/experiments/packed4-awc-noclip-lr0.0112-beta1-0.9-beta2-0.999-seed42
154,packed4-awc-noclip-lr0.0112-beta1-0.9-beta2-0.999-seed43,2341796_154,0.0112,0.9,0.999,43,4.3921653869484425,422.14754466398153,298.00754310772754,63208612864,runs/packed4-awc-noclip-20m-batch128k-20260912/experiments/packed4-awc-noclip-lr0.0112-beta1-0.9-beta2-0.999-seed43
155,packed4-awc-noclip-lr0.0112-beta1-0.9-beta2-0.999-seed44,2341796_155,0.0112,0.9,0.999,44,4.03122486201238,435.2998972260393,305.97178584430367,63208612864,runs/packed4-awc-noclip-20m-batch128k-20260912/experiments/packed4-awc-noclip-lr0.0112-beta1-0.9-beta2-0.999-seed44
156,packed4-awc-noclip-lr0.0112-beta1-0.925-beta2-0.95-seed42,2341796_156,0.0112,0.925,0.95,42,3.8288755311938063,433.75737047498114,305.4584554787725,63208612864,runs/packed4-awc-noclip-20m-batch128k-20260912/experiments/packed4-awc-noclip-lr0.0112-beta1-0.925-beta2-0.95-seed42
157,packed4-awc-noclip-lr0.0112-beta1-0.925-beta2-0.95-seed43,2341796_157,0.0112,0.925,0.95,43,3.7918408160810335,432.36916539492086,303.2565168989822,63208612864,runs/packed4-awc-noclip-20m-batch128k-20260912/experiments/packed4-awc-noclip-lr0.0112-beta1-0.925-beta2-0.95-seed43
158,packed4-awc-noclip-lr0.0112-beta1-0.925-beta2-0.95-seed44,2341796_158,0.0112,0.925,0.95,44,3.779927119416959,431.5373540610308,303.6336001176387,63208612864,runs/packed4-awc-noclip-20m-batch128k-20260912/experiments/packed4-awc-noclip-lr0.0112-beta1-0.925-beta2-0.95-seed44
159,packed4-awc-noclip-lr0.0112-beta1-0.925-beta2-0.98-seed42,2341796_159,0.0112,0.925,0.98,42,3.8320787569117702,438.2680219609756,304.97234706929885,63208612864,runs/packed4-awc-noclip-20m-batch128k-20260912/experiments/packed4-awc-noclip-lr0.0112-beta1-0.925-beta2-0.98-seed42
160,packed4-awc-noclip-lr0.0112-beta1-0.925-beta2-0.98-seed43,2341796_160,0.0112,0.925,0.98,43,3.7028790486306393,430.0047968450235,304.97129043366294,63208612864,runs/packed4-awc-noclip-20m-batch128k-20260912/experiments/packed4-awc-noclip-lr0.0112-beta1-0.925-beta2-0.98-seed43
161,packed4-awc-noclip-lr0.0112-beta1-0.925-beta2-0.98-seed44,2341796_161,0.0112,0.925,0.98,44,3.762554208792835,427.66593134612776,300.66508829942904,63208612864,runs/packed4-awc-noclip-20m-batch128k-20260912/experiments/packed4-awc-noclip-lr0.0112-beta1-0.925-beta2-0.98-seed44
162,packed4-awc-noclip-lr0.0112-beta1-0.925-beta2-0.99-seed42,2341796_162,0.0112,0.925,0.99,42,3.925897541847622,427.7312103479635,301.526503524743,63208612864,runs/packed4-awc-noclip-20m-batch128k-20260912/experiments/packed4-awc-noclip-lr0.0112-beta1-0.925-beta2-0.99-seed42
163,packed4-awc-noclip-lr0.0112-beta1-0.925-beta2-0.99-seed43,2341796_163,0.0112,0.925,0.99,43,3.758065549733757,426.25004331197124,302.4020160463406,63208612864,runs/packed4-awc-noclip-20m-batch128k-20260912/experiments/packed4-awc-noclip-lr0.0112-beta1-0.925-beta2-0.99-seed43
164,packed4-awc-noclip-lr0.0112-beta1-0.925-beta2-0.99-seed44,2341796_164,0.0112,0.925,0.99,44,3.8083906422935083,429.7096285870066,304.3803970651934,63208612864,runs/packed4-awc-noclip-20m-batch128k-20260912/experiments/packed4-awc-noclip-lr0.0112-beta1-0.925-beta2-0.99-seed44
165,packed4-awc-noclip-lr0.0112-beta1-0.925-beta2-0.999-seed42,2341796_165,0.0112,0.925,0.999,42,4.55290381500916,432.9401092589833,306.0714927059598,63208612864,runs/packed4-awc-noclip-20m-batch128k-20260912/experiments/packed4-awc-noclip-lr0.0112-beta1-0.925-beta2-0.999-seed42
166,packed4-awc-noclip-lr0.0112-beta1-0.925-beta2-0.999-seed43,2341796_166,0.0112,0.925,0.999,43,4.032282291088705,395.4842580520781,271.1789865051396,63208612864,runs/packed4-awc-noclip-20m-batch128k-20260912/experiments/packed4-awc-noclip-lr0.0112-beta1-0.925-beta2-0.999-seed43
167,packed4-awc-noclip-lr0.0112-beta1-0.925-beta2-0.999-seed44,2341796_167,0.0112,0.925,0.999,44,4.43147125492373,425.91770968498895,297.7711695569451,63208612864,runs/packed4-awc-noclip-20m-batch128k-20260912/experiments/packed4-awc-noclip-lr0.0112-beta1-0.925-beta2-0.999-seed44
168,packed4-awc-noclip-lr0.0112-beta1-0.95-beta2-0.95-seed42,2341796_168,0.0112,0.95,0.95,42,3.890754914056824,419.23255200101994,293.3585166557459,63208612864,runs/packed4-awc-noclip-20m-batch128k-20260912/experiments/packed4-awc-noclip-lr0.0112-beta1-0.95-beta2-0.95-seed42
169,packed4-awc-noclip-lr0.0112-beta1-0.95-beta2-0.95-seed43,2341796_169,0.0112,0.95,0.95,43,3.8862971297402855,423.73246647114865,298.3040231259074,63208612864,runs/packed4-awc-noclip-20m-batch128k-20260912/experiments/packed4-awc-noclip-lr0.0112-beta1-0.95-beta2-0.95-seed43
170,packed4-awc-noclip-lr0.0112-beta1-0.95-beta2-0.95-seed44,2341796_170,0.0112,0.95,0.95,44,3.8042631986788624,420.92720788391307,296.2256728945067,63208612864,runs/packed4-awc-noclip-20m-batch128k-20260912/experiments/packed4-awc-noclip-lr0.0112-beta1-0.95-beta2-0.95-seed44
171,packed4-awc-noclip-lr0.0112-beta1-0.95-beta2-0.98-seed42,2341796_171,0.0112,0.95,0.98,42,3.8354516548770925,428.42020607506856,301.4973336090334,63208612864,runs/packed4-awc-noclip-20m-batch128k-20260912/experiments/packed4-awc-noclip-lr0.0112-beta1-0.95-beta2-0.98-seed42
172,packed4-awc-noclip-lr0.0112-beta1-0.95-beta2-0.98-seed43,2341796_172,0.0112,0.95,0.98,43,3.862789848045107,430.3498743979726,301.7033433051547,63208612864,runs/packed4-awc-noclip-20m-batch128k-20260912/experiments/packed4-awc-noclip-lr0.0112-beta1-0.95-beta2-0.98-seed43
173,packed4-awc-noclip-lr0.0112-beta1-0.95-beta2-0.98-seed44,2341796_173,0.0112,0.95,0.98,44,3.810798975941918,426.50470468297135,301.24428849993274,63208612864,runs/packed4-awc-noclip-20m-batch128k-20260912/experiments/packed4-awc-noclip-lr0.0112-beta1-0.95-beta2-0.98-seed44
174,packed4-awc-noclip-lr0.0112-beta1-0.95-beta2-0.99-seed42,2341796_174,0.0112,0.95,0.99,42,3.885344808321772,429.64608412608504,304.7171515855007,63208612864,runs/packed4-awc-noclip-20m-batch128k-20260912/experiments/packed4-awc-noclip-lr0.0112-beta1-0.95-beta2-0.99-seed42
175,packed4-awc-noclip-lr0.0112-beta1-0.95-beta2-0.99-seed43,2341796_175,0.0112,0.95,0.99,43,3.9902014300799773,438.4148250659928,309.226757458644,63208612864,runs/packed4-awc-noclip-20m-batch128k-20260912/experiments/packed4-awc-noclip-lr0.0112-beta1-0.95-beta2-0.99-seed43
176,packed4-awc-noclip-lr0.0112-beta1-0.95-beta2-0.99-seed44,2341796_176,0.0112,0.95,0.99,44,3.762410789836688,426.3643665370764,300.97956259397324,63208612864,runs/packed4-awc-noclip-20m-batch128k-20260912/experiments/packed4-awc-noclip-lr0.0112-beta1-0.95-beta2-0.99-seed44
177,packed4-awc-noclip-lr0.0112-beta1-0.95-beta2-0.999-seed42,2341796_177,0.0112,0.95,0.999,42,4.005819314473018,430.7560361440992,304.2609694234561,63208612864,runs/packed4-awc-noclip-20m-batch128k-20260912/experiments/packed4-awc-noclip-lr0.0112-beta1-0.95-beta2-0.999-seed42
178,packed4-awc-noclip-lr0.0112-beta1-0.95-beta2-0.999-seed43,2341796_178,0.0112,0.95,0.999,43,4.247742965372228,428.76680830598343,302.9689789104741,63208612864,runs/packed4-awc-noclip-20m-batch128k-20260912/experiments/packed4-awc-noclip-lr0.0112-beta1-0.95-beta2-0.999-seed43
179,packed4-awc-noclip-lr0.0112-beta1-0.95-beta2-0.999-seed44,2341796_179,0.0112,0.95,0.999,44,4.221818080006558,435.8837155769579,308.00746103643905,63208612864,runs/packed4-awc-noclip-20m-batch128k-20260912/experiments/packed4-awc-noclip-lr0.0112-beta1-0.95-beta2-0.999-seed44
180,packed4-awc-noclip-lr0.0112-beta1-0.975-beta2-0.95-seed42,2341796_180,0.0112,0.975,0.95,42,4.007210413298414,430.3211440150626,302.94159453944303,63208612864,runs/packed4-awc-noclip-20m-batch128k-20260912/experiments/packed4-awc-noclip-lr0.0112-beta1-0.975-beta2-0.95-seed42
181,packed4-awc-noclip-lr0.0112-beta1-0.975-beta2-0.95-seed43,2341796_181,0.0112,0.975,0.95,43,4.117729207069567,434.87942422903143,304.4495144484099,63208612864,runs/packed4-awc-noclip-20m-batch128k-20260912/experiments/packed4-awc-noclip-lr0.0112-beta1-0.975-beta2-0.95-seed43
182,packed4-awc-noclip-lr0.0112-beta1-0.975-beta2-0.95-seed44,2341796_182,0.0112,0.975,0.95,44,4.092317839632599,431.32193652703427,302.98520535510033,63208612864,runs/packed4-awc-noclip-20m-batch128k-20260912/experiments/packed4-awc-noclip-lr0.0112-beta1-0.975-beta2-0.95-seed44
183,packed4-awc-noclip-lr0.0112-beta1-0.975-beta2-0.98-seed42,2341796_183,0.0112,0.975,0.98,42,3.9274052029916837,431.82119646004867,305.82549684960395,63208612864,runs/packed4-awc-noclip-20m-batch128k-20260912/experiments/packed4-awc-noclip-lr0.0112-beta1-0.975-beta2-0.98-seed42
184,packed4-awc-noclip-lr0.0112-beta1-0.975-beta2-0.98-seed43,2341796_184,0.0112,0.975,0.98,43,3.928263608957725,445.04219778394327,303.0015370280016,63208612864,runs/packed4-awc-noclip-20m-batch128k-20260912/experiments/packed4-awc-noclip-lr0.0112-beta1-0.975-beta2-0.98-seed43
185,packed4-awc-noclip-lr0.0112-beta1-0.975-beta2-0.98-seed44,2341796_185,0.0112,0.975,0.98,44,3.905911317380715,446.1820713500492,302.7714364910498,63208612864,runs/packed4-awc-noclip-20m-batch128k-20260912/experiments/packed4-awc-noclip-lr0.0112-beta1-0.975-beta2-0.98-seed44
186,packed4-awc-noclip-lr0.0112-beta1-0.975-beta2-0.99-seed42,2341796_186,0.0112,0.975,0.99,42,3.983222863990924,427.77324638096616,302.49845285364427,63208612864,runs/packed4-awc-noclip-20m-batch128k-20260912/experiments/packed4-awc-noclip-lr0.0112-beta1-0.975-beta2-0.99-seed42
187,packed4-awc-noclip-lr0.0112-beta1-0.975-beta2-0.99-seed43,2341796_187,0.0112,0.975,0.99,43,3.9287747337813634,426.5410209239926,301.42442668951117,63208612864,runs/packed4-awc-noclip-20m-batch128k-20260912/experiments/packed4-awc-noclip-lr0.0112-beta1-0.975-beta2-0.99-seed43
188,packed4-awc-noclip-lr0.0112-beta1-0.975-beta2-0.99-seed44,2341796_188,0.0112,0.975,0.99,44,3.9350877885344198,432.2467037809547,305.40235829143785,63208612864,runs/packed4-awc-noclip-20m-batch128k-20260912/experiments/packed4-awc-noclip-lr0.0112-beta1-0.975-beta2-0.99-seed44
189,packed4-awc-noclip-lr0.0112-beta1-0.975-beta2-0.999-seed42,2341796_189,0.0112,0.975,0.999,42,4.4963861694427125,433.15376195893623,304.32963206013665,63208612864,runs/packed4-awc-noclip-20m-batch128k-20260912/experiments/packed4-awc-noclip-lr0.0112-beta1-0.975-beta2-0.999-seed42
190,packed4-awc-noclip-lr0.0112-beta1-0.975-beta2-0.999-seed43,2341796_190,0.0112,0.975,0.999,43,4.789926235844956,417.31314122490585,294.36320176906884,63208612864,runs/packed4-awc-noclip-20m-batch128k-20260912/experiments/packed4-awc-noclip-lr0.0112-beta1-0.975-beta2-0.999-seed43
191,packed4-awc-noclip-lr0.0112-beta1-0.975-beta2-0.999-seed44,2341796_191,0.0112,0.975,0.999,44,4.439636789149576,423.00383589905687,296.7080456078984,63208612864,runs/packed4-awc-noclip-20m-batch128k-20260912/experiments/packed4-awc-noclip-lr0.0112-beta1-0.975-beta2-0.999-seed44
192,packed4-awc-noclip-lr0.016-beta1-0.9-beta2-0.95-seed42,2341796_192,0.016,0.9,0.95,42,3.8451791208892576,423.13658385607414,294.8993223325815,63208612864,runs/packed4-awc-noclip-20m-batch128k-20260912/experiments/packed4-awc-noclip-lr0.016-beta1-0.9-beta2-0.95-seed42
193,packed4-awc-noclip-lr0.016-beta1-0.9-beta2-0.95-seed43,2341796_193,0.016,0.9,0.95,43,3.922651657069677,423.14902727492154,296.0608653763775,63208612864,runs/packed4-awc-noclip-20m-batch128k-20260912/experiments/packed4-awc-noclip-lr0.016-beta1-0.9-beta2-0.95-seed43
194,packed4-awc-noclip-lr0.016-beta1-0.9-beta2-0.95-seed44,2341796_194,0.016,0.9,0.95,44,3.933763176485622,421.0247196110431,296.2227199007757,63208612864,runs/packed4-awc-noclip-20m-batch128k-20260912/experiments/packed4-awc-noclip-lr0.016-beta1-0.9-beta2-0.95-seed44
195,packed4-awc-noclip-lr0.016-beta1-0.9-beta2-0.98-seed42,2341796_195,0.016,0.9,0.98,42,4.078025384589683,436.5559143710416,308.8989795827074,63208612864,runs/packed4-awc-noclip-20m-batch128k-20260912/experiments/packed4-awc-noclip-lr0.016-beta1-0.9-beta2-0.98-seed42
196,packed4-awc-noclip-lr0.016-beta1-0.9-beta2-0.98-seed43,2341796_196,0.016,0.9,0.98,43,3.8858557490157293,430.1233777970774,301.5494512405712,63208612864,runs/packed4-awc-noclip-20m-batch128k-20260912/experiments/packed4-awc-noclip-lr0.016-beta1-0.9-beta2-0.98-seed43
197,packed4-awc-noclip-lr0.016-beta1-0.9-beta2-0.98-seed44,2341796_197,0.016,0.9,0.98,44,3.965255629058864,427.9937869820278,301.86580810532905,63208612864,runs/packed4-awc-noclip-20m-batch128k-20260912/experiments/packed4-awc-noclip-lr0.016-beta1-0.9-beta2-0.98-seed44
198,packed4-awc-noclip-lr0.016-beta1-0.9-beta2-0.99-seed42,2341796_198,0.016,0.9,0.99,42,4.079825997008054,425.5759016980883,300.5534475770546,63208612864,runs/packed4-awc-noclip-20m-batch128k-20260912/experiments/packed4-awc-noclip-lr0.016-beta1-0.9-beta2-0.99-seed42
199,packed4-awc-noclip-lr0.016-beta1-0.9-beta2-0.99-seed43,2341796_199,0.016,0.9,0.99,43,4.170403581396933,433.48495536192786,305.0965324784629,63208612864,runs/packed4-awc-noclip-20m-batch128k-20260912/experiments/packed4-awc-noclip-lr0.016-beta1-0.9-beta2-0.99-seed43
200,packed4-awc-noclip-lr0.016-beta1-0.9-beta2-0.99-seed44,2341796_200,0.016,0.9,0.99,44,4.029649518161895,422.9677904729033,299.0927202970488,63208612864,runs/packed4-awc-noclip-20m-batch128k-20260912/experiments/packed4-awc-noclip-lr0.016-beta1-0.9-beta2-0.99-seed44
201,packed4-awc-noclip-lr0.016-beta1-0.9-beta2-0.999-seed42,2341796_201,0.016,0.9,0.999,42,4.831569338562953,435.47605471196584,306.20793765457347,63208612864,runs/packed4-awc-noclip-20m-batch128k-20260912/experiments/packed4-awc-noclip-lr0.016-beta1-0.9-beta2-0.999-seed42
202,packed4-awc-noclip-lr0.016-beta1-0.9-beta2-0.999-seed43,2341796_202,0.016,0.9,0.999,43,4.524001316934845,451.0035446798429,323.80329358181916,63208612864,runs/packed4-awc-noclip-20m-batch128k-20260912/experiments/packed4-awc-noclip-lr0.016-beta1-0.9-beta2-0.999-seed43
203,packed4-awc-noclip-lr0.016-beta1-0.9-beta2-0.999-seed44,2341796_203,0.016,0.9,0.999,44,5.025804293638293,456.99063105811365,305.0626650576014,63208612864,runs/packed4-awc-noclip-20m-batch128k-20260912/experiments/packed4-awc-noclip-lr0.016-beta1-0.9-beta2-0.999-seed44
204,packed4-awc-noclip-lr0.016-beta1-0.925-beta2-0.95-seed42,2341796_204,0.016,0.925,0.95,42,4.036097865660958,434.9059929798823,308.4952332756948,63208612864,runs/packed4-awc-noclip-20m-batch128k-20260912/experiments/packed4-awc-noclip-lr0.016-beta1-0.925-beta2-0.95-seed42
205,packed4-awc-noclip-lr0.016-beta1-0.925-beta2-0.95-seed43,2341796_205,0.016,0.925,0.95,43,3.960220314036156,438.25149991712533,308.1731657118071,63208612864,runs/packed4-awc-noclip-20m-batch128k-20260912/experiments/packed4-awc-noclip-lr0.016-beta1-0.925-beta2-0.95-seed43
206,packed4-awc-noclip-lr0.016-beta1-0.925-beta2-0.95-seed44,2341796_206,0.016,0.925,0.95,44,3.844882754371657,422.8398135600146,299.1917887297459,63208612864,runs/packed4-awc-noclip-20m-batch128k-20260912/experiments/packed4-awc-noclip-lr0.016-beta1-0.925-beta2-0.95-seed44
207,packed4-awc-noclip-lr0.016-beta1-0.925-beta2-0.98-seed42,2341796_207,0.016,0.925,0.98,42,3.931937388547177,426.3034467410762,300.05786836124025,63208612864,runs/packed4-awc-noclip-20m-batch128k-20260912/experiments/packed4-awc-noclip-lr0.016-beta1-0.925-beta2-0.98-seed42
208,packed4-awc-noclip-lr0.016-beta1-0.925-beta2-0.98-seed43,2341796_208,0.016,0.925,0.98,43,3.950519570736623,431.63335343205836,304.0397802890511,63208612864,runs/packed4-awc-noclip-20m-batch128k-20260912/experiments/packed4-awc-noclip-lr0.016-beta1-0.925-beta2-0.98-seed43
209,packed4-awc-noclip-lr0.016-beta1-0.925-beta2-0.98-seed44,2341796_209,0.016,0.925,0.98,44,3.8983213445705953,433.15693208388984,304.36218168004416,63208612864,runs/packed4-awc-noclip-20m-batch128k-20260912/experiments/packed4-awc-noclip-lr0.016-beta1-0.925-beta2-0.98-seed44
210,packed4-awc-noclip-lr0.016-beta1-0.925-beta2-0.99-seed42,2341796_210,0.016,0.925,0.99,42,4.1836320629406085,436.0198025100399,307.4407511029858,63208612864,runs/packed4-awc-noclip-20m-batch128k-20260912/experiments/packed4-awc-noclip-lr0.016-beta1-0.925-beta2-0.99-seed42
211,packed4-awc-noclip-lr0.016-beta1-0.925-beta2-0.99-seed43,2341796_211,0.016,0.925,0.99,43,4.397924191920279,425.84422758594155,300.21494182094466,63208612864,runs/packed4-awc-noclip-20m-batch128k-20260912/experiments/packed4-awc-noclip-lr0.016-beta1-0.925-beta2-0.99-seed43
212,packed4-awc-noclip-lr0.016-beta1-0.925-beta2-0.99-seed44,2341796_212,0.016,0.925,0.99,44,4.007898045917417,425.49918602604885,299.8794215042144,63208612864,runs/packed4-awc-noclip-20m-batch128k-20260912/experiments/packed4-awc-noclip-lr0.016-beta1-0.925-beta2-0.99-seed44
213,packed4-awc-noclip-lr0.016-beta1-0.925-beta2-0.999-seed42,2341796_213,0.016,0.925,0.999,42,4.64933004838484,426.35005355998874,299.7671093712561,63208612864,runs/packed4-awc-noclip-20m-batch128k-20260912/experiments/packed4-awc-noclip-lr0.016-beta1-0.925-beta2-0.999-seed42
214,packed4-awc-noclip-lr0.016-beta1-0.925-beta2-0.999-seed43,2341796_214,0.016,0.925,0.999,43,5.034175867800174,425.3031961210072,298.9179265075363,63208612864,runs/packed4-awc-noclip-20m-batch128k-20260912/experiments/packed4-awc-noclip-lr0.016-beta1-0.925-beta2-0.999-seed43
215,packed4-awc-noclip-lr0.016-beta1-0.925-beta2-0.999-seed44,2341796_215,0.016,0.925,0.999,44,4.574061980926246,438.00862972601317,312.70467369409744,63208612864,runs/packed4-awc-noclip-20m-batch128k-20260912/experiments/packed4-awc-noclip-lr0.016-beta1-0.925-beta2-0.999-seed44
216,packed4-awc-noclip-lr0.016-beta1-0.95-beta2-0.95-seed42,2341796_216,0.016,0.95,0.95,42,3.9106337584478146,422.1083541549742,292.0480853479821,63208612864,runs/packed4-awc-noclip-20m-batch128k-20260912/experiments/packed4-awc-noclip-lr0.016-beta1-0.95-beta2-0.95-seed42
217,packed4-awc-noclip-lr0.016-beta1-0.95-beta2-0.95-seed43,2341796_217,0.016,0.95,0.95,43,3.8309831908548113,416.01041177101433,291.5526215741411,63208612864,runs/packed4-awc-noclip-20m-batch128k-20260912/experiments/packed4-awc-noclip-lr0.016-beta1-0.95-beta2-0.95-seed43
218,packed4-awc-noclip-lr0.016-beta1-0.95-beta2-0.95-seed44,2341796_218,0.016,0.95,0.95,44,4.098324199154572,426.29977150191553,297.4935240633786,63208612864,runs/packed4-awc-noclip-20m-batch128k-20260912/experiments/packed4-awc-noclip-lr0.016-beta1-0.95-beta2-0.95-seed44
219,packed4-awc-noclip-lr0.016-beta1-0.95-beta2-0.98-seed42,2341796_219,0.016,0.95,0.98,42,3.9549364456081233,440.0096328490181,303.29285519756377,63208612864,runs/packed4-awc-noclip-20m-batch128k-20260912/experiments/packed4-awc-noclip-lr0.016-beta1-0.95-beta2-0.98-seed42
220,packed4-awc-noclip-lr0.016-beta1-0.95-beta2-0.98-seed43,2341796_220,0.016,0.95,0.98,43,3.942172545449667,427.4860999768134,298.79507826291956,63208612864,runs/packed4-awc-noclip-20m-batch128k-20260912/experiments/packed4-awc-noclip-lr0.016-beta1-0.95-beta2-0.98-seed43
221,packed4-awc-noclip-lr0.016-beta1-0.95-beta2-0.98-seed44,2341796_221,0.016,0.95,0.98,44,3.92818689847278,422.44080781098455,294.56665041999076,63208612864,runs/packed4-awc-noclip-20m-batch128k-20260912/experiments/packed4-awc-noclip-lr0.016-beta1-0.95-beta2-0.98-seed44
222,packed4-awc-noclip-lr0.016-beta1-0.95-beta2-0.99-seed42,2341796_222,0.016,0.95,0.99,42,3.994504080803657,430.99415250704624,302.75341325916816,63208612864,runs/packed4-awc-noclip-20m-batch128k-20260912/experiments/packed4-awc-noclip-lr0.016-beta1-0.95-beta2-0.99-seed42
223,packed4-awc-noclip-lr0.016-beta1-0.95-beta2-0.99-seed43,2341796_223,0.016,0.95,0.99,43,3.7911064494805125,430.1045129880076,301.97122974076774,63208612864,runs/packed4-awc-noclip-20m-batch128k-20260912/experiments/packed4-awc-noclip-lr0.016-beta1-0.95-beta2-0.99-seed43
224,packed4-awc-noclip-lr0.016-beta1-0.95-beta2-0.99-seed44,2341796_224,0.016,0.95,0.99,44,4.0392172835995,425.85343615105376,299.030726214638,63208612864,runs/packed4-awc-noclip-20m-batch128k-20260912/experiments/packed4-awc-noclip-lr0.016-beta1-0.95-beta2-0.99-seed44
225,packed4-awc-noclip-lr0.016-beta1-0.95-beta2-0.999-seed42,2341796_225,0.016,0.95,0.999,42,4.748425557595286,435.26214595511556,303.60847117286175,63208612864,runs/packed4-awc-noclip-20m-batch128k-20260912/experiments/packed4-awc-noclip-lr0.016-beta1-0.95-beta2-0.999-seed42
226,packed4-awc-noclip-lr0.016-beta1-0.95-beta2-0.999-seed43,2341796_226,0.016,0.95,0.999,43,4.467221016673779,423.9281421150081,298.8221830895636,63208612864,runs/packed4-awc-noclip-20m-batch128k-20260912/experiments/packed4-awc-noclip-lr0.016-beta1-0.95-beta2-0.999-seed43
227,packed4-awc-noclip-lr0.016-beta1-0.95-beta2-0.999-seed44,2341796_227,0.016,0.95,0.999,44,4.500619875562073,434.10534042003565,305.40463549643755,63208612864,runs/packed4-awc-noclip-20m-batch128k-20260912/experiments/packed4-awc-noclip-lr0.016-beta1-0.95-beta2-0.999-seed44
228,packed4-awc-noclip-lr0.016-beta1-0.975-beta2-0.95-seed42,2341796_228,0.016,0.975,0.95,42,4.5629863007648925,420.93851464695763,296.09082149656024,63208612864,runs/packed4-awc-noclip-20m-batch128k-20260912/experiments/packed4-awc-noclip-lr0.016-beta1-0.975-beta2-0.95-seed42
229,packed4-awc-noclip-lr0.016-beta1-0.975-beta2-0.95-seed43,2341796_229,0.016,0.975,0.95,43,4.29792623629489,426.99407245998736,298.5462083067978,63208612864,runs/packed4-awc-noclip-20m-batch128k-20260912/experiments/packed4-awc-noclip-lr0.016-beta1-0.975-beta2-0.95-seed43
230,packed4-awc-noclip-lr0.016-beta1-0.975-beta2-0.95-seed44,2341796_230,0.016,0.975,0.95,44,4.122826580452629,432.30967707105447,301.1371627973858,63208612864,runs/packed4-awc-noclip-20m-batch128k-20260912/experiments/packed4-awc-noclip-lr0.016-beta1-0.975-beta2-0.95-seed44
231,packed4-awc-noclip-lr0.016-beta1-0.975-beta2-0.98-seed42,2341796_231,0.016,0.975,0.98,42,4.377992554834941,435.90481422492303,303.8657901599072,63208612864,runs/packed4-awc-noclip-20m-batch128k-20260912/experiments/packed4-awc-noclip-lr0.016-beta1-0.975-beta2-0.98-seed42
232,packed4-awc-noclip-lr0.016-beta1-0.975-beta2-0.98-seed43,2341796_232,0.016,0.975,0.98,43,4.232235715616072,433.41934291203506,306.41050832916517,63208612864,runs/packed4-awc-noclip-20m-batch128k-20260912/experiments/packed4-awc-noclip-lr0.016-beta1-0.975-beta2-0.98-seed43
233,packed4-awc-noclip-lr0.016-beta1-0.975-beta2-0.98-seed44,2341796_233,0.016,0.975,0.98,44,4.245013986320254,424.25226409803145,296.81942747707944,63208612864,runs/packed4-awc-noclip-20m-batch128k-20260912/experiments/packed4-awc-noclip-lr0.016-beta1-0.975-beta2-0.98-seed44
234,packed4-awc-noclip-lr0.016-beta1-0.975-beta2-0.99-seed42,2341796_234,0.016,0.975,0.99,42,4.199517501850467,423.1958191699814,297.3246678132564,63208612864,runs/packed4-awc-noclip-20m-batch128k-20260912/experiments/packed4-awc-noclip-lr0.016-beta1-0.975-beta2-0.99-seed42
235,packed4-awc-noclip-lr0.016-beta1-0.975-beta2-0.99-seed43,2341796_235,0.016,0.975,0.99,43,4.414929407552156,446.0354363590013,312.08251243573613,63208612864,runs/packed4-awc-noclip-20m-batch128k-20260912/experiments/packed4-awc-noclip-lr0.016-beta1-0.975-beta2-0.99-seed43
236,packed4-awc-noclip-lr0.016-beta1-0.975-beta2-0.99-seed44,2341796_236,0.016,0.975,0.99,44,4.012608926767806,418.1475437580375,294.329804538982,63208612864,runs/packed4-awc-noclip-20m-batch128k-20260912/experiments/packed4-awc-noclip-lr0.016-beta1-0.975-beta2-0.99-seed44
237,packed4-awc-noclip-lr0.016-beta1-0.975-beta2-0.999-seed42,2341796_237,0.016,0.975,0.999,42,4.8950844236606414,424.8721202960005,299.07137423567474,63208612864,runs/packed4-awc-noclip-20m-batch128k-20260912/experiments/packed4-awc-noclip-lr0.016-beta1-0.975-beta2-0.999-seed42
238,packed4-awc-noclip-lr0.016-beta1-0.975-beta2-0.999-seed43,2341796_238,0.016,0.975,0.999,43,4.76538069160197,424.26578039396554,298.78813720680773,63208612864,runs/packed4-awc-noclip-20m-batch128k-20260912/experiments/packed4-awc-noclip-lr0.016-beta1-0.975-beta2-0.999-seed43
239,packed4-awc-noclip-lr0.016-beta1-0.975-beta2-0.999-seed44,2341796_239,0.016,0.975,0.999,44,4.5115413354585145,416.1930670100264,290.10124793474097,63208612864,runs/packed4-awc-noclip-20m-batch128k-20260912/experiments/packed4-awc-noclip-lr0.016-beta1-0.975-beta2-0.999-seed44
