id,method,horizon,beta1,beta2,lr,mean,sd,rank,lossSeed42,lossSeed43,lossSeed44
sync-wsd-h20--0.004--0.95--0.98,sync,20,0.95,0.98,0.004,3.556698765636138,0.002044938356603904,1,3.5544962947525507,3.557062698977349,3.5585373031785137
sync-wsd-h20--0.003--0.95--0.98,sync,20,0.95,0.98,0.003,3.5607535200769647,0.0027488731045386835,2,3.558380087390087,3.560115019637252,3.563765453203556
sync-wsd-h20--0.006--0.95--0.98,sync,20,0.95,0.98,0.006,3.5632401564167995,0.0032954454595648724,3,3.559489830036192,3.564557421940719,3.565673217273487
sync-wsd-h20--0.004--0.95--0.999,sync,20,0.95,0.999,0.004,3.5671117826270273,0.0037908864570847123,4,3.5627517779599316,3.568954754386764,3.5696288155343874
sync-wsd-h20--0.004--0.95--0.9,sync,20,0.95,0.9,0.004,3.5675711783836754,0.0031766587952355013,5,3.56448257767416,3.5674018363182567,3.570829121158611
sync-wsd-h20--0.008--0.95--0.98,sync,20,0.95,0.98,0.008,3.568472040815575,0.0010330457340278056,6,3.567332756965113,3.5687355655742645,3.5693477999073466
sync-wsd-h20--0.006--0.9--0.98,sync,20,0.9,0.98,0.006,3.568825719571572,0.0045621365437968275,7,3.568652845270944,3.5643524773799378,3.573471836063833
sync-wsd-h20--0.003--0.95--0.999,sync,20,0.95,0.999,0.003,3.5691903441903174,0.0016634101556294596,8,3.56926195266135,3.5674922862088256,3.570816793700776
sync-wsd-h20--0.002--0.95--0.98,sync,20,0.95,0.98,0.002,3.569788631168317,0.005406357635826518,9,3.567208347256614,3.576001709655114,3.5661558365932238
sync-wsd-h20--0.003--0.95--0.9,sync,20,0.95,0.9,0.003,3.571310644788585,0.005112498215633976,10,3.565451243638595,3.5748634036493634,3.5736172870777962
sync-wsd-h20--0.004--0.9--0.98,sync,20,0.9,0.98,0.004,3.5713257516192685,0.00989185757714876,11,3.5599536061188073,3.5779362573653644,3.576087391373635
sync-wsd-h20--0.006--0.95--0.9,sync,20,0.95,0.9,0.006,3.5726387713741605,0.004136704168110747,12,3.569095058628378,3.577184415113812,3.571636840380292
sync-wsd-h20--0.008--0.9--0.98,sync,20,0.9,0.98,0.008,3.573613416915214,0.005794783184094161,13,3.571040624847379,3.5802491183136085,3.569550507584654
sync-wsd-h20--0.006--0.9--0.9,sync,20,0.9,0.9,0.006,3.5747856606512656,0.004726287536454467,14,3.5710420365123547,3.580096477316119,3.5732184681253227
sync-wsd-h20--0.002--0.95--0.999,sync,20,0.95,0.999,0.002,3.5753698804127048,0.0030797209326802917,15,3.5726546033636044,3.578716270790343,3.5747387670841677
sync-wsd-h20--0.002--0.95--0.9,sync,20,0.95,0.9,0.002,3.5761158519774603,0.005343426401222924,16,3.5702033761528265,3.577544288226398,3.580599891553157
sync-wsd-h20--0.006--0.95--0.999,sync,20,0.95,0.999,0.006,3.576976036348702,0.003081124407809606,17,3.5781384521506574,3.579306858623379,3.5734827982720696
sync-wsd-h20--0.004--0.9--0.999,sync,20,0.9,0.999,0.004,3.5798042481897347,0.003976068572041483,18,3.5796302724512543,3.5838644489429505,3.575918023174999
sync-wsd-h20--0.008--0.95--0.9,sync,20,0.95,0.9,0.008,3.5810848116479477,0.002121372804643615,19,3.5809341788065727,3.5790427700718372,3.583277486065434
sync-wsd-h20--0.004--0.9--0.9,sync,20,0.9,0.9,0.004,3.582076265351548,0.0025112394512316416,20,3.584592103854237,3.5795696503595553,3.5820670418408516
sync-wsd-h20--0.003--0.9--0.98,sync,20,0.9,0.98,0.003,3.5832357813677245,0.004056696274724739,21,3.584645328549556,3.5786623300670466,3.5863996854865703
sync-wsd-h20--0.008--0.9--0.9,sync,20,0.9,0.9,0.008,3.585790230542006,0.008824424217717857,22,3.577678713712776,3.5845053023134006,3.5951866755998427
sync-wsd-h20--0.003--0.9--0.9,sync,20,0.9,0.9,0.003,3.5881402153144726,0.005512756401871713,23,3.590969326333108,3.581787281399286,3.5916640382110243
sync-wsd-h20--0.002--0.9--0.98,sync,20,0.9,0.98,0.002,3.5902139011810994,0.007162049199791701,24,3.594647453114633,3.5819512454868043,3.5940430049418595
sync-wsd-h20--0.003--0.9--0.999,sync,20,0.9,0.999,0.003,3.592575014428235,0.015831461614575347,25,3.574305882349551,3.6011489677024087,3.6022701932327457
sync-wsd-h20--0.006--0.9--0.999,sync,20,0.9,0.999,0.006,3.597925708677097,0.040194154486176546,26,3.576374475218168,3.5731031750731845,3.644299475739938
sync-wsd-h20--0.002--0.9--0.999,sync,20,0.9,0.999,0.002,3.600229910539466,0.00412226752112897,27,3.6048555121924224,3.5988897075367965,3.5969445118891783
sync-wsd-h20--0.002--0.9--0.9,sync,20,0.9,0.9,0.002,3.602495590842191,0.008980378249572811,28,3.612617613381496,3.595483762233382,3.599385396911696
sync-wsd-h20--0.008--0.95--0.999,sync,20,0.95,0.999,0.008,3.6039802145560977,0.028663118257957795,29,3.6366870581997817,3.592016682530186,3.583236902938327
sync-wsd-h20--0.008--0.9--0.999,sync,20,0.9,0.999,0.008,3.823773669880571,0.3934565021785336,30,4.278052927002443,3.6021826013279674,3.5910854813113016
sync-wsd-h40--0.004--0.95--0.98,sync,40,0.95,0.98,0.004,3.4528001664434735,0.003135828008909997,1,3.4492329075080965,3.4551217690214986,3.4540458228008246
sync-wsd-h40--0.003--0.95--0.98,sync,40,0.95,0.98,0.003,3.4532896057274303,0.0028464816034197283,2,3.4501401313581113,3.454050054316837,3.4556786315073427
sync-wsd-h40--0.003--0.95--0.999,sync,40,0.95,0.999,0.003,3.4546716336530547,0.0020455858607605413,3,3.452309710920177,3.455872899370765,3.455832290668222
sync-wsd-h40--0.004--0.95--0.999,sync,40,0.95,0.999,0.004,3.455179279965129,0.0029772094093164707,4,3.4520953789037487,3.4580368830143953,3.4554055779772432
sync-wsd-h40--0.002--0.95--0.98,sync,40,0.95,0.98,0.002,3.457884661836341,0.006094890839684514,5,3.453656531049864,3.464871085681808,3.45512636877735
sync-wsd-h40--0.002--0.95--0.999,sync,40,0.95,0.999,0.002,3.4586715671120305,0.004315819287052254,6,3.4549467369817295,3.4634011282309762,3.4576668361233858
sync-wsd-h40--0.004--0.95--0.9,sync,40,0.95,0.9,0.004,3.4616216790455865,0.0034244156675208837,7,3.457830407098489,3.4625445275647917,3.464490102473478
sync-wsd-h40--0.003--0.95--0.9,sync,40,0.95,0.9,0.003,3.4630259848628913,0.004604541840619019,8,3.4577991555613536,3.4647956002771982,3.4664831987501215
sync-wsd-h40--0.004--0.9--0.98,sync,40,0.9,0.98,0.004,3.4633824264297144,0.007431979195698837,9,3.4548085307638963,3.4679864698303144,3.4673522786949325
sync-wsd-h40--0.002--0.95--0.9,sync,40,0.95,0.9,0.002,3.466277856722092,0.004361711714607193,10,3.4613947454175875,3.4676512611340207,3.4697875636146684
sync-wsd-h40--0.003--0.9--0.999,sync,40,0.9,0.999,0.003,3.471652064386942,0.007335404724981006,11,3.4631896312463604,3.476197257843589,3.4755693040708757
sync-wsd-h40--0.003--0.9--0.98,sync,40,0.9,0.98,0.003,3.4722663640623552,0.003732948411142064,12,3.473158218724192,3.4681682661046906,3.475472607358183
sync-wsd-h40--0.002--0.9--0.98,sync,40,0.9,0.98,0.002,3.474736075125436,0.006922801760141147,13,3.479317315960111,3.4667723287160865,3.478118580700111
sync-wsd-h40--0.004--0.9--0.9,sync,40,0.9,0.9,0.004,3.4773660739727297,0.0016672574020079572,14,3.4755529848956312,3.4788332237586945,3.4777120132638637
sync-wsd-h40--0.002--0.9--0.999,sync,40,0.9,0.999,0.002,3.47878671322999,0.003175004104670146,15,3.4824460882651778,3.4771503695215995,3.4767636819031935
sync-wsd-h40--0.004--0.9--0.999,sync,40,0.9,0.999,0.004,3.4788124437630192,0.012143707228629261,16,3.4735047162075072,3.492706443056062,3.470226172025489
sync-wsd-h40--0.003--0.9--0.9,sync,40,0.9,0.9,0.003,3.482267173906518,0.004729802869704142,17,3.4843115747706386,3.476859046660619,3.4856309002882964
sync-wsd-h40--0.002--0.9--0.9,sync,40,0.9,0.9,0.002,3.489520469696341,0.006311074255784088,18,3.496402676426997,3.484004256418404,3.4881544762436234
sync-wsd-h80--0.003--0.95--0.999,sync,80,0.95,0.999,0.003,3.374769685331667,0.0030796182174545766,1,3.371351940317979,3.3773290357226062,3.3756280799544163
sync-wsd-h80--0.002--0.95--0.999,sync,80,0.95,0.999,0.002,3.376895213728554,0.004187575551988463,2,3.373592376293663,3.3816051022697224,3.3754881626222772
sync-wsd-h80--0.004--0.95--0.999,sync,80,0.95,0.999,0.004,3.3774011746860815,0.0013606631253653574,3,3.3758311076744336,3.3782369164252612,3.37813549995855
sync-wsd-h80--0.003--0.95--0.98,sync,80,0.95,0.98,0.003,3.3781953749459035,0.002814216488423331,4,3.375018283755546,3.379192834151603,3.380375006930562
sync-wsd-h80--0.004--0.95--0.98,sync,80,0.95,0.98,0.004,3.3795215677941024,0.0031099891920053965,5,3.3759750879053594,3.381783574629176,3.380806040847772
sync-wsd-h80--0.002--0.95--0.98,sync,80,0.95,0.98,0.002,3.3809254674039853,0.005579100530791078,6,3.3775112392312505,3.387363717423831,3.377901445556874
sync-wsd-h80--0.003--0.95--0.9,sync,80,0.95,0.9,0.003,3.386298891169204,0.0040913473327376755,7,3.3818844564960417,3.387048817222482,3.389963399789087
sync-wsd-h80--0.004--0.95--0.9,sync,80,0.95,0.9,0.004,3.387214046556615,0.0030909479677857974,8,3.383647938076112,3.388870167473736,3.389124034119998
sync-wsd-h80--0.004--0.9--0.98,sync,80,0.9,0.98,0.004,3.3874882918348876,0.0041789348946028705,9,3.3827230932190484,3.3892127433880943,3.3905290388975198
sync-wsd-h80--0.002--0.95--0.9,sync,80,0.95,0.9,0.002,3.387568056442225,0.0031445452382793705,10,3.3841094680773423,3.3883398592945184,3.3902548419548144
sync-wsd-h80--0.003--0.9--0.999,sync,80,0.9,0.999,0.003,3.388201015651705,0.0024734440222362697,11,3.3853547655989265,3.3898292523767624,3.3894190289794257
sync-wsd-h80--0.004--0.9--0.999,sync,80,0.9,0.999,0.004,3.3900080293105788,0.008590281317489429,12,3.386918653844721,3.399715728285496,3.3833897058015197
sync-wsd-h80--0.002--0.9--0.999,sync,80,0.9,0.999,0.002,3.391963592292896,0.0020344161530247624,13,3.393733781347953,3.389741085295071,3.392415910235665
sync-wsd-h80--0.002--0.9--0.98,sync,80,0.9,0.98,0.002,3.3920589529278886,0.0050945166084860076,14,3.3957562129668304,3.3862477731450116,3.394172872671825
sync-wsd-h80--0.003--0.9--0.98,sync,80,0.9,0.98,0.003,3.3939105932604527,0.00292608284845803,15,3.3958272631829294,3.390542539821416,3.3953619767770142
sync-wsd-h80--0.004--0.9--0.9,sync,80,0.9,0.9,0.004,3.402566699748755,0.0016831520927486825,16,3.400883827208692,3.404250131254967,3.4025661407826067
sync-wsd-h80--0.003--0.9--0.9,sync,80,0.9,0.9,0.003,3.4046535255076074,0.003172465991917241,17,3.406432859902007,3.4009907702655466,3.406536946355269
sync-wsd-h80--0.002--0.9--0.9,sync,80,0.9,0.9,0.002,3.4089535609942145,0.00450894785288557,18,3.4138426364204353,3.404958759804277,3.408059286757931
sync-wsd-h120--0.003--0.95--0.999,sync,120,0.95,0.999,0.003,3.3391638713609706,0.0033778466051173125,1,3.3358776806003805,3.342626461286864,3.3389874721956683
sync-wsd-h120--0.002--0.95--0.999,sync,120,0.95,0.999,0.002,3.340015969012794,0.0036926960585839863,2,3.3372535258342455,3.344210140111933,3.3385842410922026
sync-wsd-h120--0.003--0.95--0.98,sync,120,0.95,0.98,0.003,3.343044725804964,0.0026156476213877594,3,3.340056066217504,3.34416150046102,3.344916610736368
sync-wsd-h120--0.002--0.95--0.98,sync,120,0.95,0.98,0.002,3.3455961244912342,0.004794530602595562,4,3.3428652603456044,3.351132205130257,3.3427909079978417
sync-wsd-h120--0.003--0.9--0.999,sync,120,0.9,0.999,0.003,3.350392472887071,0.00029214972399751386,5,3.3505589714755843,3.3500551367449667,3.350563310440662
sync-wsd-h120--0.003--0.95--0.9,sync,120,0.95,0.9,0.003,3.3508146872692244,0.003386679450839094,6,3.347097920415326,3.3516200603362734,3.353726081056074
sync-wsd-h120--0.002--0.95--0.9,sync,120,0.95,0.9,0.002,3.351856651815684,0.0025547355904697875,7,3.348942577352643,3.352916446734371,3.3537109313600366
sync-wsd-h120--0.002--0.9--0.999,sync,120,0.9,0.999,0.002,3.352482795767591,0.002124530134225739,8,3.353615725642847,3.3500319262251748,3.3538007354347514
sync-wsd-h120--0.002--0.9--0.98,sync,120,0.9,0.98,0.002,3.3543522986070413,0.0034316804877277457,9,3.356640648651833,3.350406513061352,3.3560097341079382
sync-wsd-h120--0.003--0.9--0.98,sync,120,0.9,0.98,0.003,3.356507689919215,0.0029840892002170947,10,3.3589789181908407,3.353192517783011,3.3573516337837934
sync-wsd-h120--0.003--0.9--0.9,sync,120,0.9,0.9,0.003,3.3674966892674543,0.002424473031563657,11,3.3691511967457104,3.364713668866867,3.368625202189785
sync-wsd-h120--0.002--0.9--0.9,sync,120,0.9,0.9,0.002,3.370755174542539,0.0038165765965090135,12,3.374923689294086,3.367432421913799,3.3699094124197315
sync-wsd-h160--0.003--0.95--0.999,sync,160,0.95,0.999,0.003,3.3170908548421747,0.00377307617192755,1,3.313441292120476,3.3209763697506856,3.316854902655363
sync-wsd-h160--0.002--0.95--0.999,sync,160,0.95,0.999,0.002,3.317204580420937,0.003835952031991387,2,3.3143719220945855,3.32156990315758,3.3156719160106447
sync-wsd-h160--0.003--0.95--0.98,sync,160,0.95,0.98,0.003,3.3208448444381964,0.002403283101985601,3,3.3181250881633693,3.321727266794994,3.3226821783562257
sync-wsd-h160--0.002--0.95--0.98,sync,160,0.95,0.98,0.002,3.323220085736734,0.00416503809341575,4,3.3210442227505452,3.3280224159050658,3.3205936185545912
sync-wsd-h160--0.003--0.9--0.999,sync,160,0.9,0.999,0.003,3.3275408082728717,0.0011574846653871582,5,3.3288749161129143,3.326803840448947,3.326943668256754
sync-wsd-h160--0.002--0.9--0.999,sync,160,0.9,0.999,0.002,3.328485655405764,0.0022900525477398802,6,3.3289655426657414,3.3259936856136956,3.330497737937856
sync-wsd-h160--0.003--0.95--0.9,sync,160,0.95,0.9,0.003,3.328727507246141,0.0028060610556122044,7,3.3256956317066297,3.329253608321027,3.3312332817107655
sync-wsd-h160--0.002--0.95--0.9,sync,160,0.95,0.9,0.002,3.3295952335487438,0.0024072760467830187,8,3.3268325459296793,3.330710784572413,3.3312423701441385
sync-wsd-h160--0.002--0.9--0.98,sync,160,0.9,0.98,0.002,3.330671550651679,0.0028791885548950236,9,3.332162405103496,3.3273526546602206,3.3324995921913207
sync-wsd-h160--0.003--0.9--0.98,sync,160,0.9,0.98,0.003,3.3327404335495836,0.0028439723167139053,10,3.3353408910110067,3.329703427837872,3.333176981799873
sync-wsd-h160--0.003--0.9--0.9,sync,160,0.9,0.9,0.003,3.3439833805550414,0.002036683070620778,11,3.3454572941441034,3.341659362961695,3.344833484559326
sync-wsd-h160--0.002--0.9--0.9,sync,160,0.9,0.9,0.002,3.3473322145800837,0.003551244718494242,12,3.3511317501123843,3.344096787293426,3.3467681063344408
awc8-wsd-h20--0.006--0.95--0.999,awc8,20,0.95,0.999,0.006,3.593127960885607,0.004362500831615707,1,3.5881057930940465,3.595977846361822,3.5953002432009535
awc8-wsd-h20--0.008--0.95--0.999,awc8,20,0.95,0.999,0.008,3.595218705802386,0.0068419775755593345,2,3.602557061427824,3.589014955110382,3.5940841008689515
awc8-wsd-h20--0.004--0.95--0.999,awc8,20,0.95,0.999,0.004,3.598206377171588,0.004633891182615248,3,3.5957114146924805,3.5953545512546574,3.603553165567626
awc8-wsd-h20--0.01--0.95--0.999,awc8,20,0.95,0.999,0.01,3.598368447078826,0.008263361405955467,4,3.5950639300065372,3.5922687209068687,3.6077726903230727
awc8-wsd-h20--0.003--0.95--0.999,awc8,20,0.95,0.999,0.003,3.6066098498699666,0.007635884629248481,5,3.5982387195327967,3.613193303011285,3.608397527065818
awc8-wsd-h20--0.006--0.9--0.999,awc8,20,0.9,0.999,0.006,3.608488372597223,0.0029327199273142,6,3.6054565734078152,3.6113107910124556,3.608697753371398
awc8-wsd-h20--0.008--0.95--0.98,awc8,20,0.95,0.98,0.008,3.6157927299332138,0.003917171105035399,7,3.616572170045111,3.6115444370452328,3.6192615827092975
awc8-wsd-h20--0.01--0.95--0.98,awc8,20,0.95,0.98,0.01,3.616380666700581,0.005264312419771497,8,3.6172776136154665,3.6107255052433764,3.621138881242901
awc8-wsd-h20--0.004--0.9--0.999,awc8,20,0.9,0.999,0.004,3.617780482256928,0.0034434180287469147,9,3.6178593849568252,3.6142982909380508,3.6211837708759087
awc8-wsd-h20--0.006--0.95--0.98,awc8,20,0.95,0.98,0.006,3.6184695102580164,0.0025580762230544706,10,3.620306398628966,3.6155477850644306,3.6195543470806535
awc8-wsd-h20--0.01--0.9--0.999,awc8,20,0.9,0.999,0.01,3.6196528218895376,0.001402791386443604,11,3.621028274060837,3.6182242029862475,3.6197059886215275
awc8-wsd-h20--0.008--0.9--0.999,awc8,20,0.9,0.999,0.008,3.620467074432088,0.00728790829689597,12,3.619966783967022,3.613442201490631,3.6279922378386114
awc8-wsd-h20--0.004--0.95--0.98,awc8,20,0.95,0.98,0.004,3.6256221185743533,0.003120176603423805,13,3.622101986832102,3.6267173488083095,3.628047020082648
awc8-wsd-h20--0.003--0.9--0.999,awc8,20,0.9,0.999,0.003,3.6363066496541165,0.010322029330621822,14,3.6250492355354593,3.645326117693374,3.638544595733517
awc8-wsd-h20--0.003--0.95--0.98,awc8,20,0.95,0.98,0.003,3.636710460803709,0.004510471944344464,15,3.6329989668651663,3.6417305349872295,3.6354018805587303
awc8-wsd-h20--0.006--0.9--0.98,awc8,20,0.9,0.98,0.006,3.6398445696466655,0.0049064320526879665,16,3.6348810709061317,3.64469187089275,3.639960767141114
awc8-wsd-h20--0.008--0.9--0.98,awc8,20,0.9,0.98,0.008,3.641100671248098,0.0019645214433600885,17,3.641203605182922,3.6390867063940076,3.6430117021673647
awc8-wsd-h20--0.002--0.95--0.999,awc8,20,0.95,0.999,0.002,3.6425086643654923,0.0058067813924858,18,3.649128402327742,3.6382752088299606,3.640122381938774
awc8-wsd-h20--0.01--0.9--0.98,awc8,20,0.9,0.98,0.01,3.645911596254478,0.0038716422076812227,19,3.649899225139402,3.6421674317637716,3.64566813186026
awc8-wsd-h20--0.004--0.9--0.98,awc8,20,0.9,0.98,0.004,3.6575778625839512,0.007069568523439969,20,3.6576849139433754,3.6645932975147146,3.6504553762937646
awc8-wsd-h20--0.002--0.9--0.999,awc8,20,0.9,0.999,0.002,3.6662959726376187,0.005473387527900628,21,3.6699918494163555,3.660008063284621,3.6688880052118806
awc8-wsd-h20--0.003--0.9--0.98,awc8,20,0.9,0.98,0.003,3.6728138737677014,0.0015244826198934308,22,3.673098105839217,3.67417623649733,3.671167278966557
awc8-wsd-h20--0.002--0.95--0.98,awc8,20,0.95,0.98,0.002,3.6742099774962704,0.0032800353355847845,23,3.677922958460426,3.6730007590378038,3.6717062149905817
awc8-wsd-h20--0.008--0.95--0.9,awc8,20,0.95,0.9,0.008,3.676013767596834,0.0021694756116059128,24,3.6750836838361454,3.674464403217774,3.6784932157365837
awc8-wsd-h20--0.004--0.95--0.9,awc8,20,0.95,0.9,0.004,3.678549746340984,0.006849419940879109,25,3.6706539413275823,3.6821017310288564,3.6828935666665137
awc8-wsd-h20--0.01--0.95--0.9,awc8,20,0.95,0.9,0.01,3.6798814443602486,0.004471368582053609,26,3.6797678497909576,3.6754679553898604,3.6844085278999286
awc8-wsd-h20--0.006--0.95--0.9,awc8,20,0.95,0.9,0.006,3.680050087621374,0.0049742679037924125,27,3.674766800128119,3.6807401945053195,3.684643268230684
awc8-wsd-h20--0.003--0.95--0.9,awc8,20,0.95,0.9,0.003,3.6902677852934964,0.005680485804067837,28,3.6842535597515753,3.6910077991873904,3.695541996941523
awc8-wsd-h20--0.002--0.9--0.98,awc8,20,0.9,0.98,0.002,3.7033848576936528,0.009364715059359232,29,3.7095806459825638,3.692611871122898,3.7079620559754964
awc8-wsd-h20--0.002--0.95--0.9,awc8,20,0.95,0.9,0.002,3.711328595168671,0.0069054344974539,30,3.71129650006366,3.704439264163356,3.718250021278996
awc8-wsd-h20--0.006--0.9--0.9,awc8,20,0.9,0.9,0.006,3.7292580134199134,0.00699931428844436,31,3.7211869087289102,3.7336587401190826,3.732928391411746
awc8-wsd-h20--0.008--0.9--0.9,awc8,20,0.9,0.9,0.008,3.731895900879097,0.004660812638105759,32,3.7272634253307966,3.731839734352052,3.7365845429544415
awc8-wsd-h20--0.01--0.9--0.9,awc8,20,0.9,0.9,0.01,3.736087886472802,0.006061149090174733,33,3.7399308415913497,3.7291007105153855,3.7392321073116714
awc8-wsd-h20--0.004--0.9--0.9,awc8,20,0.9,0.9,0.004,3.7536970095842257,0.005456131743184566,34,3.759674159466903,3.75243314709979,3.7489837221859847
awc8-wsd-h20--0.003--0.9--0.9,awc8,20,0.9,0.9,0.003,3.76875942502429,0.012779098245349438,35,3.780051696458729,3.754887184131928,3.771339394482213
awc8-wsd-h20--0.002--0.9--0.9,awc8,20,0.9,0.9,0.002,3.7932996714881715,0.009331276829328952,36,3.7996437607319002,3.782585271397604,3.79766998233501
awc8-wsd-h40--0.006--0.95--0.999,awc8,40,0.95,0.999,0.006,3.476281924858702,0.0026868578194084824,1,3.4735672746780732,3.4789400999554836,3.4763383999425486
awc8-wsd-h40--0.004--0.95--0.999,awc8,40,0.95,0.999,0.004,3.4783882344776074,0.005172888125632464,2,3.4738049895081455,3.4773626034714615,3.4839971104532155
awc8-wsd-h40--0.003--0.95--0.999,awc8,40,0.95,0.999,0.003,3.4812509243786214,0.005580290905191313,3,3.4750812273482987,3.4859453615064666,3.482726184281099
awc8-wsd-h40--0.006--0.9--0.999,awc8,40,0.9,0.999,0.006,3.495560395847343,0.0012510281040475852,4,3.4943263633001638,3.496827753624678,3.495527070617188
awc8-wsd-h40--0.004--0.9--0.999,awc8,40,0.9,0.999,0.004,3.4982385707987085,0.0012428362201915067,5,3.4996621550603053,3.497683933870879,3.497369623464941
awc8-wsd-h40--0.002--0.95--0.999,awc8,40,0.95,0.999,0.002,3.506407104674681,0.0008631418170146035,6,3.5072350134506016,3.5055125890623753,3.506473711511068
awc8-wsd-h40--0.003--0.9--0.999,awc8,40,0.9,0.999,0.003,3.5079841121773114,0.006831900259429484,7,3.503650241445448,3.515859640584827,3.50444245450166
awc8-wsd-h40--0.006--0.95--0.98,awc8,40,0.95,0.98,0.006,3.5080041527679007,0.0005093588535765674,8,3.508575881067268,3.5078378357030546,3.507598741533378
awc8-wsd-h40--0.004--0.95--0.98,awc8,40,0.95,0.98,0.004,3.509863744835696,0.0025426424807640196,9,3.5070463037187873,3.5105572381927987,3.5119876925955005
awc8-wsd-h40--0.003--0.95--0.98,awc8,40,0.95,0.98,0.003,3.5136211869706204,0.004738713667218737,10,3.5088096238591273,3.518283526200785,3.513770410851948
awc8-wsd-h40--0.002--0.9--0.999,awc8,40,0.9,0.999,0.002,3.5284653126607206,0.002481383915346894,11,3.531035744998508,3.526083773394841,3.528276419588812
awc8-wsd-h40--0.006--0.9--0.98,awc8,40,0.9,0.98,0.006,3.530953844302528,0.0035259887440475335,12,3.5283966212746614,3.5349761858346045,3.529488725798317
awc8-wsd-h40--0.004--0.9--0.98,awc8,40,0.9,0.98,0.004,3.5394534772979847,0.004798088370856287,13,3.539456550603085,3.544250028278091,3.5346538530127796
awc8-wsd-h40--0.002--0.95--0.98,awc8,40,0.95,0.98,0.002,3.542217287955111,0.0036325474596736553,14,3.5451323272193713,3.5433717236466116,3.538147812999349
awc8-wsd-h40--0.003--0.9--0.98,awc8,40,0.9,0.98,0.003,3.5502640351623067,0.005373284315416976,15,3.554913063305192,3.5514979037753567,3.544381138406371
awc8-wsd-h40--0.004--0.95--0.9,awc8,40,0.95,0.9,0.004,3.566807359644782,0.006105587197192849,16,3.5598033404702436,3.5696122454449406,3.5710064930191603
awc8-wsd-h40--0.002--0.9--0.98,awc8,40,0.9,0.98,0.002,3.567237326147984,0.009495205384906823,17,3.575773738630764,3.5570104143639076,3.568927825449281
awc8-wsd-h40--0.006--0.95--0.9,awc8,40,0.95,0.9,0.006,3.570613196873801,0.004845620360013417,18,3.56617539654266,3.5698809137446466,3.5757832803340976
awc8-wsd-h40--0.003--0.95--0.9,awc8,40,0.95,0.9,0.003,3.575704275659444,0.0038146572701394173,19,3.5714906390281143,3.576699536579847,3.578922651370372
awc8-wsd-h40--0.002--0.95--0.9,awc8,40,0.95,0.9,0.002,3.5888176008675052,0.0021695139876323705,20,3.587098174154891,3.5880995088563816,3.5912551195912434
awc8-wsd-h40--0.006--0.9--0.9,awc8,40,0.9,0.9,0.006,3.629357977239735,0.0073431072696416915,21,3.6209855104109328,3.6323833602012727,3.6347050611070006
awc8-wsd-h40--0.004--0.9--0.9,awc8,40,0.9,0.9,0.004,3.644773452249172,0.0030162487936838856,22,3.648053087155755,3.64414889483402,3.6421183747577417
awc8-wsd-h40--0.003--0.9--0.9,awc8,40,0.9,0.9,0.003,3.651032926898464,0.010900527364944974,23,3.6621054579254735,3.640312957176013,3.6506803655939053
awc8-wsd-h40--0.002--0.9--0.9,awc8,40,0.9,0.9,0.002,3.6716514155339204,0.010359058978396316,24,3.6792063167065248,3.6598426073959938,3.6759053224992413
awc8-wsd-h80--0.003--0.95--0.999,awc8,80,0.95,0.999,0.003,3.395320425063012,0.004651819163651643,1,3.3901543558150875,3.3991775153865236,3.3966294039874243
awc8-wsd-h80--0.004--0.95--0.999,awc8,80,0.95,0.999,0.004,3.3953356397455514,0.005893466884905683,2,3.389211589365249,3.3958276538213052,3.4009676760500986
awc8-wsd-h80--0.006--0.95--0.999,awc8,80,0.95,0.999,0.006,3.396669448032623,0.002543157379974035,3,3.394842061696633,3.3995739058385386,3.3955923765626985
awc8-wsd-h80--0.002--0.95--0.999,awc8,80,0.95,0.999,0.002,3.413184938496613,0.001393139646422362,4,3.4125951797725493,3.4147759569561096,3.41218367876118
awc8-wsd-h80--0.004--0.9--0.999,awc8,80,0.9,0.999,0.004,3.414192973237734,0.0028404227915924457,5,3.4165495016981873,3.414990330896003,3.4110390871190117
awc8-wsd-h80--0.006--0.9--0.999,awc8,80,0.9,0.999,0.006,3.4159611297740042,0.0005754632844098983,6,3.415323920062671,3.4161165450787174,3.416442924180625
awc8-wsd-h80--0.003--0.9--0.999,awc8,80,0.9,0.999,0.003,3.4195103434586596,0.006229287764818638,7,3.41746784427521,3.4265044628690835,3.4145587232316856
awc8-wsd-h80--0.006--0.95--0.98,awc8,80,0.95,0.98,0.006,3.430464680575099,0.001272301729408543,8,3.429070065939246,3.431562036894717,3.4307619388913335
awc8-wsd-h80--0.004--0.95--0.98,awc8,80,0.95,0.98,0.004,3.4305045963678356,0.0019646234769421134,9,3.4282375474222753,3.4317096205957034,3.431566621085528
awc8-wsd-h80--0.003--0.95--0.98,awc8,80,0.95,0.98,0.003,3.4306098521722994,0.004255595390687482,10,3.425987926326014,3.4343659598054344,3.43147567038545
awc8-wsd-h80--0.002--0.9--0.999,awc8,80,0.9,0.999,0.002,3.4319252411632326,0.0015283085313846157,11,3.433559710226971,3.431684296599056,3.4305317166636695
awc8-wsd-h80--0.002--0.95--0.98,awc8,80,0.95,0.98,0.002,3.451286852427748,0.0030973245129214443,12,3.451563449735407,3.454236601633877,3.448060505913961
awc8-wsd-h80--0.006--0.9--0.98,awc8,80,0.9,0.98,0.006,3.45543144302621,0.003802725368909646,13,3.4527778053217584,3.4597880102890275,3.4537285134678437
awc8-wsd-h80--0.004--0.9--0.98,awc8,80,0.9,0.98,0.004,3.4570344829535813,0.004445006558118087,14,3.4553320907057965,3.4620790641990338,3.4536922939559127
awc8-wsd-h80--0.003--0.9--0.98,awc8,80,0.9,0.98,0.003,3.4619914656965993,0.004368164825583914,15,3.463526002061837,3.4653852986364355,3.4570630963915265
awc8-wsd-h80--0.002--0.9--0.98,awc8,80,0.9,0.98,0.002,3.4744221520088936,0.00756926700317924,16,3.4822807341736066,3.467179883755508,3.4738058380975665
awc8-wsd-h80--0.004--0.95--0.9,awc8,80,0.95,0.9,0.004,3.490446337167883,0.004900722196275508,17,3.4847878325903787,3.49333101963653,3.493220159276739
awc8-wsd-h80--0.003--0.95--0.9,awc8,80,0.95,0.9,0.003,3.495431086762031,0.0017882242210095784,18,3.4940040759130357,3.494852123273075,3.4974370610999816
awc8-wsd-h80--0.006--0.95--0.9,awc8,80,0.95,0.9,0.006,3.4959539106178785,0.00428339842111003,19,3.491702525862739,3.495890585457421,3.5002686205334763
awc8-wsd-h80--0.002--0.95--0.9,awc8,80,0.95,0.9,0.002,3.5076779529491717,0.0030323285316209217,20,3.5042184075782337,3.508940097905032,3.509875353364249
awc8-wsd-h80--0.006--0.9--0.9,awc8,80,0.9,0.9,0.006,3.552929111825989,0.004516627112516784,21,3.548122137708731,3.5535805514107945,3.557084646358441
awc8-wsd-h80--0.004--0.9--0.9,awc8,80,0.9,0.9,0.004,3.566082884859853,0.004563354329885675,22,3.571304422519585,3.5640851911404656,3.562859040919509
awc8-wsd-h80--0.003--0.9--0.9,awc8,80,0.9,0.9,0.003,3.567322790338755,0.0068702569646275505,23,3.5737734380320734,3.5600984304816894,3.5680965025025033
awc8-wsd-h80--0.002--0.9--0.9,awc8,80,0.9,0.9,0.002,3.581522993212016,0.006510002813541837,24,3.5877496646091758,3.5747625272557997,3.582056787771072
awc8-wsd-h120--0.003--0.95--0.999,awc8,120,0.95,0.999,0.003,3.3563471201186217,0.003995737423941051,1,3.351924329591714,3.359696544611667,3.357420486152484
awc8-wsd-h120--0.002--0.95--0.999,awc8,120,0.95,0.999,0.002,3.370868450402387,0.0024706948522530566,2,3.370138168708808,3.3736219692634295,3.3688452132349234
awc8-wsd-h120--0.003--0.9--0.999,awc8,120,0.9,0.999,0.003,3.3787512229170544,0.006253819085349848,3,3.3777699664737395,3.385437664644348,3.3730460376330753
awc8-wsd-h120--0.002--0.9--0.999,awc8,120,0.9,0.999,0.002,3.3867135027788886,0.0007345857636511752,4,3.3875030628144307,3.386587167274686,3.386050278247549
awc8-wsd-h120--0.003--0.95--0.98,awc8,120,0.95,0.98,0.003,3.3933140813927913,0.00430457381383817,5,3.38850917424433,3.396818354457583,3.3946147154764614
awc8-wsd-h120--0.002--0.95--0.98,awc8,120,0.95,0.98,0.002,3.409742681069004,0.0034446231625677353,6,3.408977548963366,3.413505536810266,3.4067449574333812
awc8-wsd-h120--0.003--0.9--0.98,awc8,120,0.9,0.98,0.003,3.4221141994227793,0.004741352552190829,7,3.4219033785359185,3.426957445863731,3.4174817738686873
awc8-wsd-h120--0.002--0.9--0.98,awc8,120,0.9,0.98,0.002,3.4308678258179266,0.0057642043987102005,8,3.4369610570896363,3.425501630079509,3.4301407902846344
awc8-wsd-h120--0.003--0.95--0.9,awc8,120,0.95,0.9,0.003,3.4586898880279278,0.001952006867253353,9,3.4565324680088088,3.4592033680350687,3.460333828039905
awc8-wsd-h120--0.002--0.95--0.9,awc8,120,0.95,0.9,0.002,3.470399381440427,0.003413810043717262,10,3.466457894755254,3.4723190263726935,3.472421223193334
awc8-wsd-h120--0.003--0.9--0.9,awc8,120,0.9,0.9,0.003,3.5285128112090107,0.004093637735719709,11,3.5302565996856616,3.523836016022851,3.53144581791852
awc8-wsd-h120--0.002--0.9--0.9,awc8,120,0.9,0.9,0.002,3.540237143338496,0.0029324199863365284,12,3.5409533873909926,3.537012955573432,3.5427450870510637
awc8-wsd-h160--0.003--0.95--0.999,awc8,160,0.95,0.999,0.003,3.332261551229621,0.0036105182492211763,1,3.3282830529138687,3.3353299228975146,3.3331716778774796
awc8-wsd-h160--0.002--0.95--0.999,awc8,160,0.95,0.999,0.002,3.344397236925324,0.003170164997255422,2,3.3434955812164113,3.3479205570656556,3.3417755724939053
awc8-wsd-h160--0.003--0.9--0.999,awc8,160,0.9,0.999,0.003,3.3531905825714268,0.005754459296631968,3,3.3529225996304977,3.359074351485768,3.347574796598013
awc8-wsd-h160--0.002--0.9--0.999,awc8,160,0.9,0.999,0.002,3.3582669115443813,0.00043597832750725505,4,3.358529524385071,3.3577636468280074,3.358507563420065
awc8-wsd-h160--0.003--0.95--0.98,awc8,160,0.95,0.98,0.003,3.3709894636019277,0.004434450828124193,5,3.3660593553930678,3.3746523820282865,3.372256653384429
awc8-wsd-h160--0.002--0.95--0.98,awc8,160,0.95,0.98,0.002,3.384038491885475,0.0033567737675400185,6,3.3823749589014698,3.387902159371044,3.3818383573839106
awc8-wsd-h160--0.003--0.9--0.98,awc8,160,0.9,0.98,0.003,3.3972122043651947,0.004700785293759317,7,3.3969474862469444,3.402039755179342,3.392649371669298
awc8-wsd-h160--0.002--0.9--0.98,awc8,160,0.9,0.98,0.002,3.4034974319020566,0.005176744798352846,8,3.40863865097916,3.398285878117938,3.4035677666090716
awc8-wsd-h160--0.003--0.95--0.9,awc8,160,0.95,0.9,0.003,3.4383476043449694,0.0008368450736696558,9,3.437422778839181,3.43905257227758,3.4385674619181477
awc8-wsd-h160--0.002--0.95--0.9,awc8,160,0.95,0.9,0.002,3.4468587477377874,0.00458007521541394,10,3.441580831168483,3.449206524816929,3.4497888872279514
awc8-wsd-h160--0.003--0.9--0.9,awc8,160,0.9,0.9,0.003,3.506478882040566,0.00397941972768039,11,3.5063614500926086,3.5025594780223552,3.5105157180067326
awc8-wsd-h160--0.002--0.9--0.9,awc8,160,0.9,0.9,0.002,3.51394698441062,0.0042533787649229665,12,3.514450208243573,3.5094643790826194,3.517926365905667
