horizon,beta1,beta2,lr,sync,awc8,difference,pairedSD,differenceSeed42,differenceSeed43,differenceSeed44
20,0.95,0.98,0.004,3.556698765636138,3.6256221185743533,0.06892335293821539,0.0011434264262124674,0.06760569207955136,0.06965464983096048,0.06950971690413432
20,0.95,0.98,0.003,3.5607535200769647,3.636710460803709,0.0759569407267442,0.005122338844406071,0.0746188794750795,0.08161551534997757,0.07163642735517417
20,0.95,0.98,0.006,3.5632401564167995,3.6184695102580164,0.055229353841216966,0.005049936585201166,0.06081656859277418,0.050990363123711635,0.05388112980716642
20,0.95,0.999,0.004,3.5671117826270273,3.598206377171588,0.03109459454456065,0.004094326789199813,0.03295963673254887,0.02639979686789351,0.03392435003323868
20,0.95,0.9,0.004,3.5675711783836754,3.678549746340984,0.11097856795730854,0.004366727383232646,0.10617136365342228,0.11469989471059971,0.11206444550790273
20,0.95,0.98,0.008,3.568472040815575,3.6157927299332138,0.04732068911763898,0.003921870406844028,0.049239413079997796,0.042808871470968235,0.04991378280195091
20,0.9,0.98,0.006,3.568825719571572,3.6398445696466655,0.07101885007509345,0.008072879864873603,0.0662282256351876,0.08033939351281205,0.06648893107728115
20,0.95,0.999,0.003,3.5691903441903174,3.6066098498699666,0.037419505679649134,0.00836329060320422,0.028976766871446902,0.04570101680245919,0.037580733365042196
20,0.95,0.98,0.002,3.569788631168317,3.6742099774962704,0.1044213463279533,0.006927134622451271,0.11071461120381176,0.09699904938268977,0.10555037839735792
20,0.95,0.9,0.003,3.571310644788585,3.6902677852934964,0.11895714050491124,0.0028932656929886737,0.11880231611298031,0.11614439553802702,0.12192470986372683
20,0.9,0.98,0.004,3.5713257516192685,3.6575778625839512,0.08625211096468277,0.011686923890302032,0.09773130782456807,0.08665704014935027,0.07436798492012953
20,0.95,0.9,0.006,3.5726387713741605,3.680050087621374,0.10741131624721367,0.004959665240708282,0.10567174149974079,0.1035557793915074,0.11300642785039239
20,0.9,0.98,0.008,3.573613416915214,3.641100671248098,0.06748725433288438,0.007670208537881554,0.0701629803355428,0.05883758808039907,0.07346119458271083
20,0.9,0.9,0.006,3.5747856606512656,3.7292580134199134,0.1544723527686478,0.004847035001062296,0.15014487221655548,0.1535622628029638,0.1597099232864232
20,0.95,0.999,0.002,3.5753698804127048,3.6425086643654923,0.0671387839527875,0.008592938609484556,0.07647379896413753,0.05955893803961754,0.06538361485460609
20,0.95,0.9,0.002,3.5761158519774603,3.711328595168671,0.1352127431912109,0.007406246776297074,0.14109312391083373,0.12689497593695798,0.13765012972583923
20,0.95,0.999,0.006,3.576976036348702,3.593127960885607,0.01615192453690506,0.005942079692511099,0.009967340943389136,0.016670987738443,0.021817444928883933
20,0.9,0.999,0.004,3.5798042481897347,3.617780482256928,0.03797623406719319,0.007419185760240352,0.03822911250557093,0.03043384199510024,0.04526574770090974
20,0.95,0.9,0.008,3.5810848116479477,3.676013767596834,0.09492895594888617,0.0006828300388431363,0.09414950502957264,0.09542163314593655,0.09521572967114977
20,0.9,0.9,0.004,3.582076265351548,3.7536970095842257,0.1716207442326776,0.004222163386368274,0.1750820556126662,0.1728634967402347,0.16691668034513318
20,0.9,0.98,0.003,3.5832357813677245,3.6728138737677014,0.08957809239997694,0.005460820550023304,0.08845277728966083,0.09551390643028324,0.08476759347998675
20,0.9,0.9,0.008,3.585790230542006,3.731895900879097,0.14610567033709065,0.004229479428700131,0.14958471161802045,0.14733443203865138,0.1413978673545988
20,0.9,0.9,0.003,3.5881402153144726,3.76875942502429,0.1806192097098176,0.008032929756764893,0.18908237012562124,0.17309990273264209,0.17967535627118858
20,0.9,0.98,0.002,3.5902139011810994,3.7033848576936528,0.11317095651255338,0.0022323623691053287,0.11493319286793069,0.1106606256360938,0.11391905103363698
20,0.9,0.999,0.003,3.592575014428235,3.6363066496541165,0.043731635225881416,0.007244756451162491,0.05074335318590828,0.044177149990965336,0.03627440250077152
20,0.9,0.999,0.006,3.597925708677097,3.608488372597223,0.01056266392012617,0.04023905676835078,0.029082098189647354,0.03820761593927102,-0.03560172236853987
20,0.9,0.999,0.002,3.600229910539466,3.6662959726376187,0.06606606209815258,0.005472128665799596,0.06513633722393308,0.06111835574782454,0.07194349332270233
20,0.9,0.9,0.002,3.602495590842191,3.7932996714881715,0.19080408064598053,0.006478416754387978,0.18702614735040424,0.18710150916422208,0.1982845854233144
20,0.95,0.999,0.008,3.6039802145560977,3.595218705802386,-0.008761508753711844,0.023035154038758256,-0.034129996771957494,-0.003001727419803757,0.010847197930624386
20,0.9,0.999,0.008,3.823773669880571,3.620467074432088,-0.20330659544848295,0.3940593506502968,-0.6580861430354212,0.011259600162663475,0.03690675652730979
40,0.95,0.98,0.004,3.4528001664434735,3.509863744835696,0.057063578392222425,0.0014114464537786115,0.057813396210690815,0.055435469171300156,0.05794186979467586
40,0.95,0.98,0.003,3.4532896057274303,3.5136211869706204,0.06033158124319016,0.003391460017765236,0.05866949250101605,0.06423347188394812,0.05809177934460541
40,0.95,0.999,0.003,3.4546716336530547,3.4812509243786214,0.02657929072556664,0.0036606260787993604,0.022771516428121696,0.030072462135701805,0.026893893612876862
40,0.95,0.999,0.004,3.455179279965129,3.4783882344776074,0.023208954512478286,0.004811428291936992,0.0217096106043968,0.019325720457066264,0.028591532475972237
40,0.95,0.98,0.002,3.457884661836341,3.542217287955111,0.08433262611877002,0.006586203844710995,0.09147579616950718,0.07850063796480367,0.0830214442219992
40,0.95,0.999,0.002,3.4586715671120305,3.506407104674681,0.0477355375626507,0.005172302937888107,0.05228827646887213,0.04211146083139905,0.04880687538768225
40,0.95,0.9,0.004,3.4616216790455865,3.566807359644782,0.10518568059919531,0.0027959433145189646,0.1019729333717545,0.1070677178801489,0.10651639054568207
40,0.95,0.9,0.003,3.4630259848628913,3.575704275659444,0.1126782907965529,0.0009173952102697977,0.11369148346676061,0.11190393630264861,0.11243945262025035
40,0.9,0.98,0.004,3.4633824264297144,3.5394534772979847,0.07607105086827026,0.008674824922287605,0.08464801983918857,0.07626355844777644,0.06730157431784711
40,0.95,0.9,0.002,3.466277856722092,3.5888176008675052,0.12253974414541302,0.0027868301844570127,0.12570342873730356,0.12044824772236096,0.12146755597657499
40,0.9,0.999,0.003,3.471652064386942,3.5079841121773114,0.03633204779036925,0.0064719127106475744,0.04046061019908764,0.03966238274123768,0.0288731504307842
40,0.9,0.98,0.003,3.4722663640623552,3.5502640351623067,0.07799767109995148,0.007910710681047957,0.08175484458100035,0.08332963767066603,0.06890853104818762
40,0.9,0.98,0.002,3.474736075125436,3.567237326147984,0.09250125102254803,0.0034371634750537524,0.09645642267065302,0.0902380856478211,0.09080924474916996
40,0.9,0.9,0.004,3.4773660739727297,3.644773452249172,0.16740737827644248,0.004433800757724726,0.1725001022601238,0.16531567107532563,0.164406361493878
40,0.9,0.999,0.002,3.47878671322999,3.5284653126607206,0.0496785994307305,0.0015976820326909467,0.048589656733330155,0.04893340387324141,0.05151273768561859
40,0.9,0.999,0.004,3.4788124437630192,3.4982385707987085,0.019426127035689245,0.012522594447141495,0.026157438852798087,0.0049774908148170205,0.027143451439451738
40,0.9,0.9,0.003,3.482267173906518,3.651032926898464,0.16876575299194618,0.007859185673509343,0.1777938831548349,0.16345391051539382,0.16504946530560893
40,0.9,0.9,0.002,3.489520469696341,3.6716514155339204,0.18213094583757927,0.005984669940475616,0.1828036402795279,0.17583835097758982,0.1877508462556179
80,0.95,0.999,0.003,3.374769685331667,3.395320425063012,0.02055073973134469,0.0015722265697913826,0.018802415497108704,0.021848479663917342,0.02100132403300803
80,0.95,0.999,0.002,3.376895213728554,3.413184938496613,0.03628972476805892,0.0029370745065578855,0.039002803478886516,0.03317085468638714,0.03669551613890265
80,0.95,0.999,0.004,3.3774011746860815,3.3953356397455514,0.01793446505946994,0.004735213119930916,0.013380481690815405,0.017590737396044,0.02283217609154864
80,0.95,0.98,0.003,3.3781953749459035,3.4306098521722994,0.05241447722639592,0.0023899576309388414,0.050969642570467766,0.055173125653831256,0.051100663454888284
80,0.95,0.98,0.004,3.3795215677941024,3.4305045963678356,0.05098302857373316,0.0011839845929080936,0.05226245951691588,0.04992604596652761,0.05076058023775598
80,0.95,0.98,0.002,3.3809254674039853,3.451286852427748,0.07036138502376277,0.0035939369725116795,0.07405221050415633,0.06687288421004567,0.07015906035708674
80,0.95,0.9,0.003,3.386298891169204,3.495431086762031,0.10913219559282705,0.002592429795096142,0.112119619416994,0.10780330605059296,0.10747366131089464
80,0.95,0.9,0.004,3.387214046556615,3.490446337167883,0.10323229061126771,0.0018212214355463865,0.10113989451426653,0.1044608521627941,0.10409612515674072
80,0.9,0.98,0.004,3.3874882918348876,3.4570344829535813,0.06954619111869365,0.00552928190506753,0.0726089974867481,0.07286632081093947,0.06316325505839293
80,0.95,0.9,0.002,3.387568056442225,3.5076779529491717,0.1201098965069467,0.0004898643016478661,0.12010893950089141,0.12060023861051361,0.11962051140943464
80,0.9,0.999,0.003,3.388201015651705,3.4195103434586596,0.03130932780695472,0.005809608018286515,0.032113078676283546,0.03667521049232114,0.025139694252259925
80,0.9,0.999,0.004,3.3900080293105788,3.414192973237734,0.02418494392715509,0.007779922184229736,0.029630847853466147,0.01527460261050706,0.02764938131749206
80,0.9,0.999,0.002,3.391963592292896,3.4319252411632326,0.039961648870336486,0.001917308519305766,0.0398259288790177,0.04194321130398526,0.03811580642800472
80,0.9,0.98,0.002,3.3920589529278886,3.4744221520088936,0.08236319908100498,0.003661884204695045,0.08652452120677623,0.08093211061049654,0.07963296542574128
80,0.9,0.98,0.003,3.3939105932604527,3.4619914656965993,0.06808087243614658,0.006579148102965411,0.06769873887890743,0.07484275881501956,0.0617011196145123
80,0.9,0.9,0.004,3.402566699748755,3.566082884859853,0.163516185111098,0.0059837751110170204,0.17042059531089304,0.1598350598854985,0.16029290013690245
80,0.9,0.9,0.003,3.4046535255076074,3.567322790338755,0.16266926483114785,0.004227153222526406,0.1673405781300663,0.15910766021614275,0.1615595561472345
80,0.9,0.9,0.002,3.4089535609942145,3.581522993212016,0.1725694322178013,0.002395563093004546,0.1739070281887405,0.1698037674515227,0.17399750101314115
120,0.95,0.999,0.003,3.3391638713609706,3.3563471201186217,0.017183248757651093,0.0011972005882532847,0.016046648991333345,0.017070083324802976,0.018433013956815625
120,0.95,0.999,0.002,3.340015969012794,3.370868450402387,0.030852481389592956,0.0018103925487669738,0.03288464287456261,0.029411829151496427,0.03026097214272072
120,0.95,0.98,0.003,3.343044725804964,3.3933140813927913,0.0502693555878273,0.002159309077644484,0.04845310802682601,0.05265685399656306,0.049698104740093285
120,0.95,0.98,0.002,3.3455961244912342,3.409742681069004,0.06414655657776969,0.0018768974387136405,0.06611228861776164,0.0623733316800088,0.0639540494355395
120,0.9,0.999,0.003,3.350392472887071,3.3787512229170544,0.028358750029983337,0.0065260417390396105,0.027210994998155158,0.035382527899381344,0.02248272719241351
120,0.95,0.9,0.003,3.3508146872692244,3.4586898880279278,0.10787520075870338,0.0014358278415250623,0.10943454759348281,0.10758330769879532,0.10660774698383113
120,0.95,0.9,0.002,3.351856651815684,3.470399381440427,0.11854272962474299,0.0009547237856508438,0.1175153174026109,0.11940257963832268,0.11871029183329718
120,0.9,0.999,0.002,3.352482795767591,3.3867135027788886,0.03423070701129749,0.002173289318413205,0.03388733717158354,0.036555241049511356,0.03224954281279757
120,0.9,0.98,0.002,3.3543522986070413,3.4308678258179266,0.07651552721088528,0.0033301943171115977,0.08032040843780308,0.07509511701815708,0.07413105617669613
120,0.9,0.98,0.003,3.356507689919215,3.4221141994227793,0.06560650950356406,0.007202215054355338,0.06292446034507782,0.07376492808072,0.060130140084893924
120,0.9,0.9,0.003,3.3674966892674543,3.5285128112090107,0.16101612194155646,0.0018507500997042806,0.16110540293995124,0.15912234715598395,0.16282061572873507
120,0.9,0.9,0.002,3.370755174542539,3.540237143338496,0.169481968795957,0.0034040586688616225,0.1660296980969065,0.16958053365963321,0.1728356746313322
160,0.95,0.999,0.003,3.3170908548421747,3.332261551229621,0.01517069638744628,0.0010221101692089597,0.014841760793392833,0.014353553146829068,0.016316775222116497
160,0.95,0.999,0.002,3.317204580420937,3.344397236925324,0.02719265650438718,0.001676851294355573,0.029123659121825796,0.02635065390807556,0.02610365648326063
160,0.95,0.98,0.003,3.3208448444381964,3.3709894636019277,0.05014461916373136,0.0025438040805459057,0.04793426722969851,0.05292511523329235,0.049574475028203224
160,0.95,0.98,0.002,3.323220085736734,3.384038491885475,0.06081840614874068,0.0008140421419306584,0.06133073615092455,0.05987974346597813,0.061244738829319356
160,0.9,0.999,0.003,3.3275408082728717,3.3531905825714268,0.025649774298555084,0.005982794375230726,0.02404768351758335,0.032270511036821325,0.02063112834125924
160,0.9,0.999,0.002,3.328485655405764,3.3582669115443813,0.029781256138617263,0.0018894605872884216,0.02956398171932939,0.03176996121431186,0.028009825482209205
160,0.95,0.9,0.003,3.328727507246141,3.4383476043449694,0.10962009709882858,0.0022019388311216416,0.11172714713255116,0.10979896395655331,0.10733418020738217
160,0.95,0.9,0.002,3.3295952335487438,3.4468587477377874,0.11726351418904368,0.002178400118423541,0.11474828523880376,0.1184957402445157,0.11854651708381292
160,0.9,0.98,0.002,3.330671550651679,3.4034974319020566,0.07282588125037748,0.003162028520358779,0.07647624587566426,0.07093322345771735,0.07106817441775082
160,0.9,0.98,0.003,3.3327404335495836,3.3972122043651947,0.06447177081561106,0.006893993410784198,0.0616065952359377,0.07233632734146989,0.05947238986942516
160,0.9,0.9,0.003,3.3439833805550414,3.506478882040566,0.1624955014855245,0.0027597915736259147,0.16090415594850516,0.16090011506066038,0.16568223344740662
160,0.9,0.9,0.002,3.3473322145800837,3.51394698441062,0.16661476983053625,0.0040659822251098935,0.16331845813118884,0.16536759178919347,0.17115825957122643
