method,batch,runs,environment_stratum,steady_targets_per_second,steady_targets_per_second_q25,steady_targets_per_second_q75,session_seconds,session_seconds_q25,session_seconds_q75,peak_memory_gib,peak_memory_gib_q25,peak_memory_gib_q75,clipping_frequency,clipping_frequency_q25,clipping_frequency_q75,source_id,clipping_frequency_observations,environment_strata,peak_memory_gib_observations,session_seconds_observations,steady_targets_per_second_observations,successful_screening_runs
sync,16,21,2851439a0cf4,726417.169831971,700592.3894536217,763846.0597297878,698.080516129965,661.916028511012,717.8290926380432,19.94648504257202,19.94648504257202,19.94648504257202,0.00407499598522563,0.003372410470531556,0.006022161554520636,S2,,,,,,
sync,32,21,2851439a0cf4,1359784.6622654307,1330604.0187008,1372971.5899667123,434.86693725100486,424.69590008899104,457.05719610501546,19.943036556243896,19.943036556243896,19.943036556243896,0.0036534446764091857,0.0029709330335635138,0.004697286012526096,S2,,,,,,
sync,64,18,2851439a0cf4,1624152.8217611848,1606874.5891173235,1639514.9174083355,409.0482879734773,406.3463794584677,412.1221230572701,19.94575262069702,19.94575262069702,19.94575262069702,0.0046169905251324875,0.00425566083186125,0.005580536373855789,S2,,,,,,
sync,128,6,2851439a0cf4,1750639.2552672965,1731599.1239915416,1751897.0969838884,390.15970246400684,389.83258135875076,394.0121169655031,19.946393489837646,19.946393489837646,19.946393489837646,0.009715753974626627,0.009354424281355389,0.01031797013007869,S2,,,,,,
clipped,16,210,2851439a0cf4,512025.53153398295,497962.7624456042,522831.1198724282,933.506446334999,914.4516035364941,960.2456931887573,21.248072624206543,21.248072624206543,21.248072624206543,0.9975208768267223,0.7841418921631604,0.9998130620684118,S2,,,,,,
clipped,32,210,2851439a0cf4,971712.4966629649,953706.3170500436,982011.6385608183,553.7984791089984,547.7164708230121,569.8781047467346,21.245020866394043,21.245020866394043,21.245020866394043,0.49211598683154006,0.24800766821904607,0.9799462020234463,S2,,,,,,
clipped,64,210,2851439a0cf4,1323847.998498802,1308049.5892636776,1335471.9808924552,441.03490393498214,437.11330713076313,452.94068822651025,21.242335319519043,21.242335319519043,21.242335319519043,0.014222338204592903,0.00861169102296451,0.029654127188052035,S2,,,,,,
clipped,128,210,2851439a0cf4,1535454.305258478,1523130.2386917383,1548536.9778285595,402.6660792999901,397.800328655263,420.9452747172181,21.240839958190918,21.240839958190918,21.240839958190918,0.014111931909426691,0.00927412879396178,0.02143889513409346,S2,,,,,,
unclipped,16,,,531206.159233606,507179.16969631054,544950.5027436987,911.9322518010158,888.111172282268,951.6444919664937,21.248072624206543,21.248072624206543,21.248072624206543,0.0,0.0,0.0,S5,120,"[""2851439a0cf4""]",120,120,120,120
unclipped,32,,,1007018.4881257007,970497.5392105955,1017682.1689623189,543.3548164649983,532.3894264647242,563.3285355335247,21.245020866394043,21.245020866394043,21.245020866394043,0.0,0.0,0.0,S5,120,"[""2851439a0cf4""]",120,120,120,120
unclipped,64,,,1352059.5389249756,1335608.1829377916,1370342.7465514084,434.9907018645026,429.30253424351395,440.62587041797815,21.242335319519043,21.242335319519043,21.242335319519043,0.0,0.0,0.0,S5,120,"[""2851439a0cf4""]",120,120,120,120
unclipped,128,,,1556130.3173640869,1544426.5379748621,1572646.0777895655,395.76245328452205,391.4252171182452,398.7795434099826,21.240839958190918,21.240839958190918,21.240839958190918,0.0,0.0,0.0,S5,120,"[""2851439a0cf4""]",120,120,120,120
