batch,beta1,beta1_boundary,beta1_global_half_life_targets,beta1_half_life_updates,beta1_per_worker_half_life_targets,beta2,beta2_boundary,beta2_global_half_life_targets,beta2_half_life_updates,beta2_per_worker_half_life_targets,grad_clip,local_batch,losses,lr,lr_boundary,mean_loss,rank,recipe,replication_mean_loss,seed42,seed43,seed44,seeds,std_loss,weight_decay,workers,method
16,0.99,False,564982.2837680408,68.96756393652842,141245.5709420102,0.9999,False,56779777.853304185,6931.125226233421,14194944.463326046,,4,"[3.570602748160439, 3.5676499993019877, 3.5631981336150202]",0.002,False,3.567150293692482,1,c352ddd312366e4e4b7c,3.5654240664585037,3.570602748160439,3.5676499993019877,3.5631981336150202,"[42, 43, 44]",0.003727513704023776,0.1,4,unclipped
16,0.99,False,564982.2837680408,68.96756393652842,141245.5709420102,0.999999,True,5678258863.852465,693146.8339663653,1419564715.9631162,,4,"[3.567113038145597, 3.571960729664019, 3.566356100551876]",0.002,False,3.568476622787164,2,584b8870fda2842f44c9,3.5691584151079474,3.567113038145597,3.571960729664019,3.566356100551876,"[42, 43, 44]",0.00304096846040988,0.1,4,unclipped
16,0.99,False,564982.2837680408,68.96756393652842,141245.5709420102,0.99999,False,567823331.181708,69314.37148214209,141955832.795427,,4,"[3.5673083850139164, 3.5742077380500974, 3.5728474335378624]",0.002,False,3.571454518867292,3,d4ae9345d30625e06017,3.57352758579398,3.5673083850139164,3.5742077380500974,3.5728474335378624,"[42, 43, 44]",0.0036545077013302755,0.1,4,unclipped
16,0.99,False,564982.2837680408,68.96756393652842,141245.5709420102,0.9994323350124558,False,9999999.999999981,1220.7031249999977,2499999.9999999953,,4,"[3.571204348946415, 3.577444873438064, 3.574348026067424]",0.002,False,3.5743324161506345,4,c39fbda5966d0fcd5b3d,3.5758964497527437,3.571204348946415,3.577444873438064,3.574348026067424,"[42, 43, 44]",0.003120291530425285,0.1,4,unclipped
16,0.98,False,281064.3946825371,34.309618491520645,70266.09867063428,0.99999,False,567823331.181708,69314.37148214209,141955832.795427,,4,"[3.5725736036531996, 3.578805414735688, 3.58675335908382]",0.003,True,3.5793774591575693,5,5fef717a7b28cd54e94c,3.582779386909754,3.5725736036531996,3.578805414735688,3.58675335908382,"[42, 43, 44]",0.007107164844964898,0.1,4,unclipped
32,0.98,False,562128.7893650742,34.309618491520645,140532.19734126856,0.999999,True,11356517727.70493,693146.8339663653,2839129431.9262323,,8,"[3.562070311740335, 3.562085889811447, 3.566861536180764]",0.003,False,3.563672579244182,1,21136f4f73e95f9fb722,3.5644737129961053,3.562070311740335,3.562085889811447,3.566861536180764,"[42, 43, 44]",0.0027617287025712384,0.1,4,unclipped
32,0.98,False,562128.7893650742,34.309618491520645,140532.19734126856,0.9999,False,113559555.70660837,6931.125226233421,28389888.926652092,,8,"[3.5621087793789186, 3.5642570298913254, 3.5656159810300325]",0.003,False,3.563993930100092,2,6c26924b4c723b7e3e51,3.564936505460679,3.5621087793789186,3.5642570298913254,3.5656159810300325,"[42, 43, 44]",0.0017683415904469224,0.1,4,unclipped
32,0.98,False,562128.7893650742,34.309618491520645,140532.19734126856,0.99999,False,1135646662.363416,69314.37148214209,283911665.590854,,8,"[3.5640586745878426, 3.569430305099521, 3.567062899876822]",0.002,False,3.5668506265213953,3,be7682a7c67abfc6e303,3.5682466024881716,3.5640586745878426,3.569430305099521,3.567062899876822,"[42, 43, 44]",0.002692099287092918,0.1,4,unclipped
32,0.98,False,562128.7893650742,34.309618491520645,140532.19734126856,0.999,False,11350844.197740547,692.8005491785002,2837711.049435137,,8,"[3.561597490149883, 3.5657764135338565, 3.5747928941247773]",0.003,False,3.5673889326028387,4,f3dc1e0e4c82e2e3fc09,3.570284653829317,3.561597490149883,3.5657764135338565,3.5747928941247773,"[42, 43, 44]",0.006743873873823494,0.1,4,unclipped
32,0.98,False,562128.7893650742,34.309618491520645,140532.19734126856,0.9988649922684496,False,9999999.999999912,610.3515624999947,2499999.999999978,,8,"[3.563509466701237, 3.5708745429720605, 3.569161487942931]",0.003,False,3.5678484992054096,5,b15bc0f142319c59ad66,3.570018015457496,3.563509466701237,3.5708745429720605,3.569161487942931,"[42, 43, 44]",0.0038540941461523487,0.1,4,unclipped
64,0.95,True,442807.331519361,13.513407333964874,110701.83287984025,0.9999,False,227119111.41321674,6931.125226233421,56779777.853304185,,16,"[3.564096849639754, 3.5712168217323987, 3.572853129810329]",0.004,False,3.569388933727494,1,71e05b763c28ba3ec2ac,3.5720349757713636,3.564096849639754,3.5712168217323987,3.572853129810329,"[42, 43, 44]",0.004655533430795914,0.1,4,unclipped
64,0.95,True,442807.331519361,13.513407333964874,110701.83287984025,0.99773127277945,False,10000000.000000205,305.17578125000625,2500000.000000051,,16,"[3.5669011931599894, 3.5710292704751483, 3.5717502688528793]",0.006,True,3.5698935774960057,2,b5ff6f79c9fc3a9eb502,3.571389769664014,3.5669011931599894,3.5710292704751483,3.5717502688528793,"[42, 43, 44]",0.002616435108310379,0.1,4,unclipped
64,0.95,True,442807.331519361,13.513407333964874,110701.83287984025,0.999,False,22701688.395481095,692.8005491785002,5675422.098870274,,16,"[3.5623070532768306, 3.5777660615882354, 3.573105331883146]",0.004,False,3.571059482249404,3,6b5353d9aee77be5213a,3.5754356967356906,3.5623070532768306,3.5777660615882354,3.573105331883146,"[42, 43, 44]",0.00792996595427319,0.1,4,unclipped
64,0.95,True,442807.331519361,13.513407333964874,110701.83287984025,0.999999,True,22713035455.40986,693146.8339663653,5678258863.852465,,16,"[3.5642309062133077, 3.5730129302780367, 3.577497766707345]",0.004,False,3.5715805343995632,4,af3c8cfa336756893e1c,3.575255348492691,3.5642309062133077,3.5730129302780367,3.577497766707345,"[42, 43, 44]",0.00674842317186481,0.1,4,unclipped
64,0.95,True,442807.331519361,13.513407333964874,110701.83287984025,0.99999,False,2271293324.726832,69314.37148214209,567823331.181708,,16,"[3.5627574551319157, 3.5722662320766316, 3.5803743269529673]",0.004,False,3.571799338053838,5,143128f34c49a9565f28,3.5763202795147997,3.5627574551319157,3.5722662320766316,3.5803743269529673,"[42, 43, 44]",0.008817711478112169,0.1,4,unclipped
128,0.95,True,885614.663038722,13.513407333964874,221403.6657596805,0.999,False,45403376.79096219,692.8005491785002,11350844.197740547,,32,"[3.592183888861972, 3.590729952108306, 3.5905244852360267]",0.004,False,3.591146108735435,1,18c1504996289bb1a1f6,3.590627218672166,3.592183888861972,3.590729952108306,3.5905244852360267,"[42, 43, 44]",0.00090459651346745,0.1,4,unclipped
128,0.95,True,885614.663038722,13.513407333964874,221403.6657596805,0.9954676926821011,False,10000000.000000084,152.58789062500128,2500000.000000021,,32,"[3.5936250779742878, 3.589693434753217, 3.592311325468461]",0.006,False,3.5918766127319888,2,fc9c89030bdaef987766,3.5910023801108393,3.5936250779742878,3.589693434753217,3.592311325468461,"[42, 43, 44]",0.002001545896772406,0.1,4,unclipped
128,0.95,True,885614.663038722,13.513407333964874,221403.6657596805,0.9999,False,454238222.8264335,6931.125226233421,113559555.70660837,,32,"[3.5931778743908342, 3.595189476550361, 3.593013796227306]",0.004,False,3.5937937157228337,3,b5ae31946890652b5dd2,3.5941016363888334,3.5931778743908342,3.595189476550361,3.593013796227306,"[42, 43, 44]",0.0012115451401748713,0.1,4,unclipped
128,0.95,True,885614.663038722,13.513407333964874,221403.6657596805,0.9954676926821011,False,10000000.000000084,152.58789062500128,2500000.000000021,,32,"[3.5910987050911625, 3.595647550945976, 3.594675367968597]",0.004,False,3.5938072080019117,4,9746b40a4d27ac0352e3,3.5951614594572865,3.5910987050911625,3.595647550945976,3.594675367968597,"[42, 43, 44]",0.002395469880530674,0.1,4,unclipped
128,0.95,True,885614.663038722,13.513407333964874,221403.6657596805,0.999,False,45403376.79096219,692.8005491785002,11350844.197740547,,32,"[3.5947574819202086, 3.612751530267905, 3.591725958174988]",0.006,False,3.599744990121034,5,9bc066c4b46640c24290,3.6022387442214465,3.5947574819202086,3.612751530267905,3.591725958174988,"[42, 43, 44]",0.011365522381245215,0.1,4,unclipped
