checkpoint,tokens,epoch,step,case,weights_hash,result_key,noise_samples,random_samples,dimension,noise_alignment,normalized_noise_alignment,average_noise_norm,average_batch_gradient_norm,mean_gradient_norm,normalized_random_alignment
epoch-001.safetensors,10202112,1,312,seen,e1f326e7c6ede4e97a60b6848c39be26b73cc4e3e57eedc6afd6aaefa0e8b366,e1f326e7c6ede4e97a60b6848c39be26b73cc4e3e57eedc6afd6aaefa0e8b366,32,32,20403520,0.0665336989727899,0.3778809083971307,0.4044458343099208,0.5078633214711712,0.30713470705537077,0.00015502969828515154
epoch-001.safetensors,10202112,1,312,unseen,e1f326e7c6ede4e97a60b6848c39be26b73cc4e3e57eedc6afd6aaefa0e8b366,e1f326e7c6ede4e97a60b6848c39be26b73cc4e3e57eedc6afd6aaefa0e8b366,32,32,20403520,0.06498260405942505,0.42005571799499564,0.3909456465569581,0.49559807951452345,0.30483916945665335,0.00014440683116147003
epoch-005.safetensors,51009536,5,1560,seen,dea914fab78869c2934d0766e8614b786c8e62dee047df4e86ad042d7b40457d,dea914fab78869c2934d0766e8614b786c8e62dee047df4e86ad042d7b40457d,32,32,20403520,0.024454603638405386,0.18717281783533704,0.28533730162252113,0.35054509350787044,0.19090335548422047,5.7692153685387e-05
epoch-005.safetensors,51009536,5,1560,unseen,dea914fab78869c2934d0766e8614b786c8e62dee047df4e86ad042d7b40457d,dea914fab78869c2934d0766e8614b786c8e62dee047df4e86ad042d7b40457d,32,32,20403520,0.008864058532577478,0.14609652844336402,0.24575820518550068,0.3113570821023132,0.18968835609447035,5.771110369873069e-05
epoch-010.safetensors,102018048,10,3120,seen,5d57500c339bfa021054c9853590a71c2ae9ccb7bc3f8b574bc1deed66e2869f,5d57500c339bfa021054c9853590a71c2ae9ccb7bc3f8b574bc1deed66e2869f,32,32,20403520,0.008152539559714324,0.1540382244876024,0.22578600726604864,0.27281068011074544,0.15504725590542043,4.8137891246935794e-05
epoch-010.safetensors,102018048,10,3120,unseen,5d57500c339bfa021054c9853590a71c2ae9ccb7bc3f8b574bc1deed66e2869f,5d57500c339bfa021054c9853590a71c2ae9ccb7bc3f8b574bc1deed66e2869f,32,32,20403520,0.00781563304021408,0.164927120227612,0.2174103317812867,0.26729022480160436,0.15741111360689583,4.818083529156668e-05
epoch-015.safetensors,153026560,15,4680,seen,fb4b4d07a24087f69eeee0e511c22f4d40cf577b2d00ee8e92356f1c1137dcf2,fb4b4d07a24087f69eeee0e511c22f4d40cf577b2d00ee8e92356f1c1137dcf2,32,32,20403520,0.01178722532645825,0.23275939545649052,0.2209353069977195,0.2597638106180511,0.13581364003319712,4.688999503741296e-05
epoch-015.safetensors,153026560,15,4680,unseen,fb4b4d07a24087f69eeee0e511c22f4d40cf577b2d00ee8e92356f1c1137dcf2,fb4b4d07a24087f69eeee0e511c22f4d40cf577b2d00ee8e92356f1c1137dcf2,32,32,20403520,0.012381198013055436,0.26603690328687013,0.21544655848456104,0.2541869142008801,0.13446809683092648,4.688023760868708e-05
epoch-020.safetensors,204036096,20,6240,seen,b2ab4dca0b6fe14bdca02c8a0f9643af6ce731dd2a09b56a509835475c041eae,b2ab4dca0b6fe14bdca02c8a0f9643af6ce731dd2a09b56a509835475c041eae,32,32,20403520,0.020037668986437433,0.3506649213734921,0.23126520742408546,0.2963769977087718,0.18735827749631884,5.2598681823506475e-05
epoch-020.safetensors,204036096,20,6240,unseen,b2ab4dca0b6fe14bdca02c8a0f9643af6ce731dd2a09b56a509835475c041eae,b2ab4dca0b6fe14bdca02c8a0f9643af6ce731dd2a09b56a509835475c041eae,32,32,20403520,0.019016575744849586,0.3961626944687854,0.2189099061851665,0.2874878681820287,0.18939513161418517,5.256965368840483e-05
epoch-025.safetensors,255044608,25,7800,seen,673403f5e8bfa7645980d5f36b7b9470a66faabf8117e9c46545bc034355505f,673403f5e8bfa7645980d5f36b7b9470a66faabf8117e9c46545bc034355505f,32,32,20403520,0.025091140182709106,0.44662216086572903,0.23624616849901275,0.28323109632263205,0.1540800966449692,6.14060841648929e-05
epoch-025.safetensors,255044608,25,7800,unseen,673403f5e8bfa7645980d5f36b7b9470a66faabf8117e9c46545bc034355505f,673403f5e8bfa7645980d5f36b7b9470a66faabf8117e9c46545bc034355505f,32,32,20403520,0.027809786178066412,0.5049947826071065,0.23452595100317805,0.2817402497670355,0.15142435511602204,6.126086368065879e-05
epoch-030.safetensors,306053120,30,9360,seen,64cbd96b664b09b99459b7c1f857555c3f5afd49b1e3d1bab7c177a71c9af2d7,64cbd96b664b09b99459b7c1f857555c3f5afd49b1e3d1bab7c177a71c9af2d7,32,32,20403520,0.04014094134348875,0.6074719930697074,0.2565718733548588,0.283627403432959,0.11817400501701482,7.478398719501717e-05
epoch-030.safetensors,306053120,30,9360,unseen,64cbd96b664b09b99459b7c1f857555c3f5afd49b1e3d1bab7c177a71c9af2d7,64cbd96b664b09b99459b7c1f857555c3f5afd49b1e3d1bab7c177a71c9af2d7,32,32,20403520,0.04351108668306896,0.6571364535227612,0.25718035353170265,0.2831850645754732,0.11696893612160042,7.456208164304165e-05
epoch-035.safetensors,357061632,35,10920,seen,84f728070dc2d91da14d9a4675e4a39fe22cefc36f34d5cd986233561052ec6c,84f728070dc2d91da14d9a4675e4a39fe22cefc36f34d5cd986233561052ec6c,32,32,20403520,0.06260090833366633,0.7762834368925131,0.28146298814655635,0.306312153626565,0.12062769308961785,9.018417164127513e-05
epoch-035.safetensors,357061632,35,10920,unseen,84f728070dc2d91da14d9a4675e4a39fe22cefc36f34d5cd986233561052ec6c,84f728070dc2d91da14d9a4675e4a39fe22cefc36f34d5cd986233561052ec6c,32,32,20403520,0.0665191441802726,0.8621049833679462,0.2776717302328685,0.3015098486205476,0.11918960571181118,8.997658976010738e-05
epoch-040.safetensors,408071168,40,12480,seen,97edb814b812ca5dcdbfa0d6190a3684582f993b5bf9332ec8b1fa0f4c550908,97edb814b812ca5dcdbfa0d6190a3684582f993b5bf9332ec8b1fa0f4c550908,32,32,20403520,0.08492633870290543,0.9786552317666629,0.2942035416635992,0.3167011386795021,0.11645991772914102,0.00010378531860864745
epoch-040.safetensors,408071168,40,12480,unseen,97edb814b812ca5dcdbfa0d6190a3684582f993b5bf9332ec8b1fa0f4c550908,97edb814b812ca5dcdbfa0d6190a3684582f993b5bf9332ec8b1fa0f4c550908,32,32,20403520,0.09040657938536166,1.030502891512712,0.29608876368944287,0.319675013316457,0.11347718345301232,0.00010350841880812346
