step,epoch,tokens,lr,mixing_step,gamma
20,1,655360,0.00015417662056089774,19,1.0
40,1,1310720,0.00030835324112179547,39,1.0
60,1,1966080,0.00046252986168269323,59,1.0
80,1,2621440,0.0006167064822435909,79,1.0
100,1,3276800,0.0007708831028044888,99,1.0
120,1,3932160,0.0009250597233653865,119,1.0
140,1,4587520,0.001079236343926284,139,1.0
160,1,5242880,0.0012334129644871819,159,1.0
180,1,5898240,0.0013875895850480795,179,1.0
200,1,6553600,0.0015417662056089775,199,1.0
220,1,7208960,0.001695942826169875,219,1.0
240,1,7864320,0.001850119446730773,239,1.0
260,1,8519680,0.002004296067291671,259,1.0
280,1,9175040,0.002158472687852568,279,1.0
300,1,9830400,0.002312649308413466,299,1.0
312,1,10207232,0.002401300865235982,311,1.0
320,2,10469376,0.0024629715134603415,319,1.0
340,2,11124736,0.002617148134021239,339,1.0
360,2,11780096,0.0027713247545821367,359,1.0
380,2,12435456,0.0029255013751430347,379,1.0
400,2,13090816,0.0030796779957039323,399,1.0
420,2,13746176,0.00323385461626483,419,1.0
440,2,14401536,0.003388031236825728,439,1.0
460,2,15056896,0.003542207857386626,459,1.0
480,2,15712256,0.003696384477947523,479,1.0
500,2,16367616,0.0038505610985084208,499,1.0
520,2,17022976,0.004004737719069319,519,1.0
540,2,17678336,0.004158914339630217,539,1.0
560,2,18333696,0.004313090960191114,559,1.0
580,2,18989056,0.004467267580752012,579,1.0
600,2,19644416,0.00462144420131291,599,1.0
620,2,20299776,0.004775620821873807,619,1.0
624,2,20414464,0.00479999999132522,623,1.0
640,3,20938752,0.004799979672620421,639,1.0
660,3,21594112,0.004799899441775485,659,1.0
680,3,22249472,0.004799758288162958,679,1.0
700,3,22904832,0.004799556215764265,699,1.0
720,3,23560192,0.004799293230279117,719,1.0
740,3,24215552,0.0047989693391253625,739,1.0
760,3,24870912,0.004798584551438772,759,1.0
780,3,25526272,0.00479813887807278,779,1.0
800,3,26181632,0.004797632331598184,799,1.0
820,3,26836992,0.0047970649263027855,819,1.0
840,3,27492352,0.004796436678190985,839,1.0
860,3,28147712,0.00479574760498334,859,1.0
880,3,28803072,0.00479499772611605,879,1.0
900,3,29458432,0.004794187062740425,899,1.0
920,3,30113792,0.004793315637722277,919,1.0
936,3,30621696,0.00479259850629289,935,1.0
940,4,30752768,0.004792407519718821,939,1.0
960,4,31408128,0.004791416164302882,959,1.0
980,4,32063488,0.004790364125401207,979,1.0
1000,4,32718848,0.004789251432687919,999,1.0
1020,4,33374208,0.004788078117547961,1019,1.0
1040,4,34029568,0.0047868442130762105,1039,1.0
1060,4,34684928,0.004785549754076543,1059,1.0
1080,4,35340288,0.004784194777060856,1079,1.0
1100,4,35995648,0.004782779320248035,1099,1.0
1120,4,36651008,0.004781303423562876,1119,1.0
1140,4,37306368,0.004779767128634963,1139,1.0
1160,4,37961728,0.004778170478797487,1159,1.0
1180,4,38617088,0.00477651351908603,1179,1.0
1200,4,39272448,0.00477479629623729,1199,1.0
1220,4,39927808,0.00477301885868777,1219,1.0
1240,4,40583168,0.004771181256572401,1239,1.0
1248,4,40828928,0.004770476655126898,1247,1.0
1260,5,41222144,0.004769331716792322,1259,1.0
1280,5,41877504,0.0047673754435508696,1279,1.0
1300,5,42532864,0.00476535916492342,1299,1.0
1320,5,43188224,0.004763282937781727,1319,1.0
1340,5,43843584,0.004761146820688474,1339,1.0
1360,5,44498944,0.004758950873895615,1359,1.0
1380,5,45154304,0.004756695159342681,1379,1.0
1400,5,45809664,0.004754379740655029,1399,1.0
1420,5,46465024,0.004752004683142048,1419,1.0
1440,5,47120384,0.004749570053795319,1439,1.0
1460,5,47775744,0.004747075921286724,1459,1.0
1480,5,48431104,0.004744522355966506,1479,1.0
1500,5,49086464,0.004741909429861292,1499,1.0
1520,5,49741824,0.004739237216672054,1519,1.0
1540,5,50397184,0.004736505791772033,1539,1.0
1560,5,51036160,0.00473378571626945,1559,1.0
1580,6,51691520,0.0047309375761722255,1579,1.0
1600,6,52346880,0.004728030458466353,1599,1.0
1620,6,53002240,0.004725064445150862,1619,1.0
1640,6,53657600,0.004722039619886007,1639,1.0
1660,6,54312960,0.004718956067990911,1659,1.0
1680,6,54968320,0.00471581387644116,1679,1.0
1700,6,55623680,0.004712613133866343,1699,1.0
1720,6,56279040,0.004709353930547562,1719,1.0
1740,6,56934400,0.004706036358414875,1739,1.0
1760,6,57589760,0.004702660511044713,1759,1.0
1780,6,58245120,0.004699226483657231,1779,1.0
1800,6,58900480,0.004695734373113631,1799,1.0
1820,6,59555840,0.004692184277913424,1819,1.0
1840,6,60211200,0.004688576298191652,1839,1.0
1860,6,60866560,0.004684910535716069,1859,1.0
1872,6,61243392,0.004682776597659106,1871,1.0
1880,7,61505536,0.004681280882057896,1879,1.0
1900,7,62160896,0.004677501303959648,1899,1.0
1920,7,62816256,0.004673664255492176,1919,1.0
1940,7,63471616,0.004669769844884415,1939,1.0
1960,7,64126976,0.00466581818198327,1959,1.0
1980,7,64782336,0.004661809378250525,1979,1.0
2000,7,65437696,0.00465774354675969,1999,1.0
2020,7,66093056,0.004653620802192823,2019,1.0
2040,7,66748416,0.004649441260837285,2039,1.0
2060,7,67403776,0.004645205040582465,2059,1.0
2080,7,68059136,0.004640912260916457,2079,1.0
2100,7,68714496,0.004636563042922682,2099,1.0
2120,7,69369856,0.004632157509276479,2119,1.0
2140,7,70025216,0.004627695784241644,2139,1.0
2160,7,70680576,0.004623177993666925,2159,1.0
2180,7,71335936,0.0046186042649824675,2179,1.0
2184,7,71450624,0.004617798120917691,2183,1.0
2200,8,71974912,0.004614091144769826,2199,1.0
2220,8,72630272,0.004609407318822841,2219,1.0
2240,8,73285632,0.004604667943185878,2239,1.0
2260,8,73940992,0.00459987315153918,2259,1.0
2280,8,74596352,0.004595023079126069,2279,1.0
2300,8,75251712,0.004590117862749134,2299,1.0
2320,8,75907072,0.004585157640766371,2319,1.0
2340,8,76562432,0.00458014255308728,2339,1.0
2360,8,77217792,0.004575072741168917,2359,1.0
2380,8,77873152,0.004569948348011913,2379,1.0
2400,8,78528512,0.004564769518156424,2399,1.0
2420,8,79183872,0.004559536397678072,2419,1.0
2440,8,79839232,0.004554249134183813,2439,1.0
2460,8,80494592,0.004548907876807776,2459,1.0
2480,8,81149952,0.004543512776207062,2479,1.0
2496,8,81657856,0.0045392946359625935,2495,1.0
2500,9,81788928,0.004538200857478365,2499,1.0
2520,9,82444288,0.004532699865018906,2519,1.0
2540,9,83099648,0.00452714548650278,2539,1.0
2560,9,83755008,0.004521537878598445,2559,1.0
2580,9,84410368,0.00451587719947576,2579,1.0
2600,9,85065728,0.0045101636088015285,2599,1.0
2620,9,85721088,0.0045043972677349916,2619,1.0
2640,9,86376448,0.004498578338923286,2639,1.0
2660,9,87031808,0.00449270698649685,2659,1.0
2680,9,87687168,0.0044867833760648046,2679,1.0
2700,9,88342528,0.0044808076747102675,2699,1.0
2720,9,88997888,0.004474780050985656,2719,1.0
2740,9,89653248,0.004468700674907921,2739,1.0
2760,9,90308608,0.004462569717953754,2759,1.0
2780,9,90963968,0.004456387353054757,2779,1.0
2800,9,91619328,0.004450153754592559,2799,1.0
2808,9,91865088,0.004447802982356753,2807,1.0
2820,10,92258304,0.004444026835645689,2819,1.0
2840,10,92913664,0.004437692568817218,2839,1.0
2860,10,93569024,0.004431307595736202,2859,1.0
2880,10,94224384,0.004424872096499097,2879,1.0
2900,10,94879744,0.00441838625262751,2899,1.0
2920,10,95535104,0.004411850247063087,2919,1.0
2940,10,96190464,0.0044052642641623525,2939,1.0
2960,10,96845824,0.004398628489691502,2959,1.0
2980,10,97501184,0.004391943110821168,2979,1.0
3000,10,98156544,0.0043852083161211395,2999,1.0
3020,10,98811904,0.004378424295555045,3019,1.0
3040,10,99467264,0.0043715912404749925,3039,1.0
3060,10,100122624,0.004364709343616168,3059,1.0
3080,10,100777984,0.004357778799091407,3079,1.0
3100,10,101433344,0.004350799802385715,3099,1.0
3120,10,102072320,0.004343948818175896,3119,1.0
3140,11,102727680,0.004336874708025739,3139,0.9967456568387997
3160,11,103383040,0.004329752735321673,3159,0.9934746531540268
3180,11,104038400,0.004322583100948187,3179,0.9901871893673208
3200,11,104693760,0.004315366007134125,3199,0.9868834666289329
3220,11,105349120,0.004308101657446985,3219,0.9835636867998198
3240,11,106004480,0.0043007902567871814,3239,0.9802280524336913
3260,11,106659840,0.004293432011382261,3259,0.9768767667590061
3280,11,107315200,0.004286027128781088,3279,0.9735100336609268
3300,11,107970560,0.004278575817847987,3299,0.9701280576632301
3320,11,108625920,0.004271078288756856,3319,0.9667310439101774
3340,11,109281280,0.004263534752985238,3339,0.9633191981483462
3360,11,109936640,0.004255945423308349,3359,0.9598927267084222
3380,11,110592000,0.004248310513793086,3379,0.9564518364869609
3400,11,111247360,0.004240630239791984,3399,0.9529967349281104
3420,11,111902720,0.004232904817937137,3419,0.9495276300053066
3432,11,112279552,0.004228442341497729,3431,0.9475266347862863
3440,12,112541696,0.004225329270757,3439,0.9461319691473699
3460,12,113197056,0.004217515323266718,3459,0.9426358205392329
3480,12,113852416,0.004209656879908919,3479,0.9391262902377799
3500,12,114507776,0.0042017541623412015,3499,0.9356035881388107
3520,12,115163136,0.0041938073934699735,3519,0.9320679245759426
3540,12,115818496,0.004185816797444166,3539,0.9285195103021556
3560,12,116473856,0.004177782599648912,3559,0.9249585564713233
3580,12,117129216,0.004169705026699191,3579,0.9213852746197263
3600,12,117784576,0.004161584306433434,3599,0.9177998766475498
3620,12,118439936,0.004153420667907097,3619,0.9142025748003714
3640,12,119095296,0.004145214341386202,3639,0.9105935816506373
3660,12,119750656,0.004136965558340843,3659,0.9069731100791336
3680,12,120406016,0.004128674551438652,3679,0.9033413732564451
3700,12,121061376,0.004120341554538242,3699,0.8996985846244147
3720,12,121716736,0.004111966802682609,3719,0.8960449578776005
3740,12,122372096,0.004103550532092498,3739,0.8923807069447288
3744,12,122486784,0.004102073433771367,3743,0.8917383866913329
3760,13,123011072,0.004095304920162777,3759,0.8887980376475282
3780,13,123666432,0.004086807348596574,3779,0.8851134332514349
3800,13,124321792,0.004078268967950958,3799,0.8814188423100376
3820,13,124977152,0.004069690019062038,3819,0.877714479499575
3840,13,125632512,0.004061070743910205,3839,0.8740005596382531
3860,13,126287872,0.004052411385613303,3859,0.8702772976677406
3880,13,126943232,0.004043712188419774,3879,0.8665449086346722
3900,13,127598592,0.004034973397701767,3899,0.8628036076721698
3920,13,128253952,0.00402619525994822,3919,0.8590536099813809
3940,13,128909312,0.004017378022757901,3939,0.855295130813033
3960,13,129564672,0.004008521934832433,3959,0.8515283854490121
3980,13,130220032,0.003999627245969271,3979,0.8477535891839616
4000,13,130875392,0.003990694207054662,3999,0.8439709573069051
4020,13,131530752,0.003981723070056563,4019,0.8401807050828994
4040,13,132186112,0.00397271408801754,4039,0.8363830477347104
4056,13,132694016,0.003965706258278632,4055,0.8334349068474474
4060,14,132825088,0.003963894135466174,4059,0.8326734075090497
4080,14,133480448,0.003954811157011365,4079,0.828861757071593
4100,14,134135808,0.003945691092601074,4099,0.8250433413684389
4120,14,134791168,0.003936534199478559,4119,0.8212183752737192
4140,14,135446528,0.003927340735925874,4139,0.8173870735286117
4160,14,136101888,0.003918110961256596,4159,0.8135496507232323
4180,14,136757248,0.003908845135808498,4179,0.809706321278559
4200,14,137412608,0.003899543520936217,4199,0.805857299428408
4220,14,138067968,0.0038902063790038754,4219,0.8020027992014489
4240,14,138723328,0.003880833973377681,4239,0.7981430344032694
4260,14,139378688,0.003871426568418502,4259,0.7942782185984885
4280,14,140034048,0.003861984429474407,4279,0.7904085650929211
4300,14,140689408,0.003852507822873182,4299,0.7865342869157934
4320,14,141344768,0.003842997015914819,4319,0.7826555968020156
4340,14,142000128,0.003833452276863971,4339,0.778772707174506
4360,14,142655488,0.003823873874942399,4359,0.7748858301265821
4368,14,142901248,0.0038202733506252098,4367,0.7734272664559539
4380,15,143294464,0.003814502779987077,4379,0.7710924880417047
4400,15,143949824,0.00380485868850767,4399,0.7671983575608999
4420,15,144605184,0.0037951817406768136,4419,0.7633008685165685
4440,15,145260544,0.0037854722094453827,4439,0.7594002315188809
4460,15,145915904,0.003775730368683312,4459,0.7554966567616945
4480,15,146571264,0.0037659564931718636,4479,0.7515903540053218
4500,15,147226624,0.003756150858595887,4499,0.7476815325593731
4520,15,147881984,0.003746313741536032,4519,0.7437704012656654
4540,15,148537344,0.0037364454194609566,4539,0.7398571684812115
4560,15,149192704,0.0037265461707194944,4559,0.7359420420612794
4580,15,149848064,0.003716616274532808,4579,0.7320252293425342
4600,15,150503424,0.003706656010986508,4599,0.7281069371262543
4620,15,151158784,0.0036966656610227583,4619,0.7241873716616313
4640,15,151814144,0.003686645506432349,4639,0.7202667386291536
4660,15,152469504,0.003676595829846747,4659,0.7163452431240707
4680,15,153108480,0.00366676924167335,4679,0.712521149859095
4700,16,153763840,0.003656662092699308,4699,0.7085985511443559
4720,16,154419200,0.00364652626745118,4719,0.7046756964941218
4740,16,155074560,0.003636362051823076,4739,0.7007527885155543
4760,16,155729920,0.003626169732509891,4759,0.6968300291496302
4780,16,156385280,0.003615949596999223,4779,0.6929076196551464
4800,16,157040640,0.003605701933563259,4799,0.68898576059282
4820,16,157696000,0.0035954270312506522,4819,0.6850646518094866
4840,16,158351360,0.003585125179878358,4839,0.6811444924223939
4860,16,159006720,0.003574796670023469,4859,0.6772254808036017
4880,16,159662080,0.0035644417930150124,4879,0.6733078145644774
4900,16,160317440,0.003554060840925737,4899,0.6693916905403012
4920,16,160972800,0.003543654106563872,4919,0.6654773047749724
4940,16,161628160,0.003533221883464869,4939,0.6615648525058226
4960,16,162283520,0.003522764465883124,4959,0.657654528148542
4980,16,162938880,0.0035122821487836744,4979,0.6537465252822068
4992,16,163315712,0.0035062436565251502,4991,0.6515005497760759
5000,17,163577856,0.0035020381983406307,4999,0.6499386416673946
5020,17,164233216,0.0034915075739716415,5019,0.6460357891162928
5040,17,164888576,0.003480952931726159,5039,0.642135828862035
5060,17,165543936,0.0034703745693115706,5059,0.638238951012381
5080,17,166199296,0.003459772785104318,5079,0.6343453447656949
5100,17,166854656,0.003449147878141489,5099,0.6304551983966661
5120,17,167510016,0.0034385001481123767,5119,0.6265686992421459
5140,17,168165376,0.003427829895350029,5139,0.6226860336871081
5160,17,168820736,0.0034171374208227753,5159,0.61880738715073
5180,17,169476096,0.0034064230261257413,5179,0.614932944072601
5200,17,170131456,0.003395687013472337,5199,0.6110628878990508
5220,17,170786816,0.003384929685685737,5219,0.6071974010696112
5240,17,171442176,0.0033741513461903357,5239,0.6033366650035996
5260,17,172097536,0.0033633522990031885,5259,0.5994808600868362
5280,17,172752896,0.0033525328487254424,5279,0.5956301656584909
5300,17,173408256,0.0033416933005337374,5299,0.5917847599980598
5304,17,173522944,0.0033397943360646146,5303,0.5911123709843883
5320,18,174047232,0.0033311056824412736,5319,0.5880407507727
5340,18,174702592,0.003320227339619731,5339,0.584206309993474
5360,18,175357952,0.0033093298101030504,5359,0.5803776819722896
5380,18,176013312,0.003298413401270197,5379,0.5765550406503265
5400,18,176668672,0.003287478421032654,5399,0.5727385588463132
5420,18,177324032,0.0032765251778257335,5419,0.5689284082443167
5440,18,177979392,0.0032655539805998782,5439,0.5651247593816773
5460,18,178634752,0.0032545651388119503,5459,0.5613277816370822
5480,18,179290112,0.0032435589624164943,5479,0.5575376432187816
5500,18,179945472,0.003232535761857004,5499,0.5537545111529507
5520,18,180600832,0.0032214958480571627,5519,0.549978551272196
5540,18,181256192,0.003210439532412068,5539,0.5462099282042042
5560,18,181911552,0.003199367126779456,5559,0.5424488053605449
5580,18,182566912,0.0031882789434709005,5579,0.5386953449256139
5600,18,183222272,0.003177175295243007,5599,0.5349497078457337
5616,18,183730176,0.003168559530147771,5615,0.5320523217589884
5620,19,183861248,0.0031663346474336707,5619,0.5313053966018062
5640,19,184516608,0.003155201376499946,5639,0.5275756786070095
5660,19,185171968,0.0031440535736425982,5659,0.52385425535735
5680,19,185827328,0.003132891553299878,5679,0.5201412827729575
5700,19,186482688,0.0031217156303110596,5699,0.5164369154838916
5720,19,187138048,0.003110526119907558,5719,0.5127413068201516
5740,19,187793408,0.003099323337704038,5739,0.509054608801839
5760,19,188448768,0.0030881075996895173,5759,0.5053769721294814
5780,19,189104128,0.003076879222218445,5779,0.501708546174509
5800,19,189759488,0.003065638522001782,5799,0.4980494789698932
5820,19,190414848,0.003054385816098072,5819,0.4943999172009446
5840,19,191070208,0.0030431214219044916,5839,0.49076000619626786
5860,19,191725568,0.0030318456571479012,5859,0.4871298899188827
5880,19,192380928,0.0030205588398758837,5879,0.4835097109575027
5900,19,193036288,0.0030092612884477727,5899,0.4798996105179794
5920,19,193691648,0.0029979533215256705,5919,0.47629972841490664
5928,19,193937408,0.0029937102137755573,5927,0.47495243533666603
5940,20,194330624,0.0029869183301426956,5939,0.47279981387209674
5960,20,194985984,0.002975590729924516,5959,0.46922051827728406
5980,20,195641344,0.0029642536639341585,5979,0.4656518486612079
6000,20,196296704,0.0029529074519482864,5999,0.4620939392284662
6020,20,196952064,0.002941552414001536,6019,0.45854692275309555
6040,20,197607424,0.0029301888703774947,6039,0.45501093057116887
6060,20,198262784,0.002918817141599661,6059,0.45148609257355976
6080,20,198918144,0.0029074375484224066,6079,0.4479725371988773
6100,20,199573504,0.0028960504118219297,6099,0.4444703914265703
6120,20,200228864,0.002884656052987201,6119,0.4409797807701996
6140,20,200884224,0.0028732547933109018,6139,0.4375008292708817
6160,20,201539584,0.0028618469543803624,6159,0.43403365949090517
6180,20,202194944,0.002850432857968487,6179,0.43057839250751456
6200,20,202850304,0.002839012826024683,6199,0.4271351479068706
6220,20,203505664,0.002827587180665777,6219,0.42370404377818055
6240,20,204144640,0.0028164420794785103,6239,0.42037051757542193
6260,21,204800000,0.0028050062945513183,6259,0.4169637319483255
6280,21,205455360,0.0027935658554073877,6279,0.41356942920234524
6300,21,206110720,0.0027821210847391565,6299,0.41018772142167026
6320,21,206766080,0.002770672305361239,6319,0.40681871916691253
6340,21,207421440,0.0027592198402013194,6339,0.40346253147027594
6360,21,208076800,0.0027477640122910425,6359,0.4001192658309005
6380,21,208732160,0.002736305144756908,6379,0.3967890282103841
6400,21,209387520,0.0027248435608111486,6399,0.39347192302847617
6420,21,210042880,0.002713379583742618,6419,0.39016805315894987
6440,21,210698240,0.0027019135369076726,6439,0.3868775199256507
6460,21,211353600,0.0026904457437210466,6459,0.38360042309872
6480,21,212008960,0.002678976527646733,6479,0.3803368608909957
6500,21,212664320,0.002667506212188861,6499,0.3770869299545913
6520,21,213319680,0.002656035120882567,6519,0.3738507253776501
6540,21,213975040,0.0026445635772848735,6539,0.37062834068127704
6552,21,214351872,0.0026379673606726868,6551,0.36878176309856237
6560,22,214614016,0.0026333786957461604,6559,0.3674999093594317
6580,22,215269376,0.002621907209463813,6579,0.3643050875609708
6600,22,215924736,0.00261043623351211,6599,0.3611243545752794
6620,22,216580096,0.0025989660914448177,6619,0.357957797667645
6640,22,217235456,0.002587497106792184,6639,0.35480550252369175
6660,22,217890816,0.0025760296030518082,6659,0.3516675532473729
6680,22,218546176,0.0025645639036795203,6679,0.34854403235914144
6700,22,219201536,0.002553100332080256,6699,0.3454350207942988
6720,22,219856896,0.002541639211598933,6719,0.3423405979015196
6740,22,220512256,0.002530180865511331,6739,0.33926084144155555
6760,22,221167616,0.0025187256170149767,6759,0.3361958275861166
6780,22,221822976,0.0025072737892200252,6779,0.33314563091692945
6800,22,222478336,0.0024958257051401448,6799,0.33011032442497246
6820,22,223133696,0.002484381687683408,6819,0.3270899795098887
6840,22,223789056,0.0024729420596431837,6839,0.32408466597957686
6860,22,224444416,0.0024615071436890294,6859,0.3210944520499558
6864,22,224559104,0.002459506541902113,6863,0.32057272203052484
6880,23,225083392,0.0024503629454444,6879,0.3181935951741223
6900,23,225738752,0.0024389382832769005,6899,0.3152333971644031
6920,23,226394112,0.0024275192923161257,6919,0.31228849228496597
6940,23,227049472,0.0024161062946495395,6939,0.3093589424247861
6960,23,227704832,0.0024046996121955557,6959,0.3064448078823219
6980,23,228360192,0.002393299566694461,6979,0.3035461473663334
7000,23,229015552,0.002381906479699337,6999,0.3006630179968763
7020,23,229670912,0.002370520672566993,7019,0.2977954753064713
7040,23,230326272,0.002359142466448898,7039,0.29494357324144677
7060,23,230981632,0.0023477721822821283,7059,0.2921073641634577
7080,23,231636992,0.0023364101407803064,7079,0.28928689885117403
7100,23,232292352,0.0023250566624245634,7099,0.28648222650214844
7120,23,232947712,0.0023137120674544946,7119,0.28369339473485156
7140,23,233603072,0.0023023766758591283,7139,0.2809204495908825
7160,23,234258432,0.0022910508073678984,7159,0.2781634355373504
7176,23,234766336,0.002282280012656578,7175,0.2760377345962361
7180,24,234897408,0.0022800175595719973,7179,0.2754907264533775
7200,24,235552768,0.002268711437462421,7199,0.2727653008231495
7220,24,236208128,0.0022574157880287326,7219,0.27005592928920863
7240,24,236863488,0.0022461309298793873,7239,0.26736265008698756
7260,24,237518848,0.0022348571813184583,7259,0.2646854998918172
7280,24,238174208,0.0022235948603366597,7279,0.2620245138223255
7300,24,238829568,0.002212344284602374,7299,0.25937972544400395
7320,24,239484928,0.0022011057714526943,7319,0.25675116677294213
7340,24,240140288,0.0021898796378844723,7339,0.2541388682797292
7360,24,240795648,0.00217866620054538,7359,0.25154285889352235
7380,24,241451008,0.002167465775724973,7379,0.24896316600627877
7400,24,242106368,0.002156278679345774,7399,0.24639981547715512
7420,24,242761728,0.002145105226954358,7419,0.24385283163706928
7440,24,243417088,0.0021339457337124536,7439,0.2413222372934268
7460,24,244072448,0.0021228005143880554,7459,0.23880805373501043
7480,24,244727808,0.0021116698833465414,7479,0.2363103007370297
7488,24,244973568,0.002107499721839449,7487,0.2353778831429299
7500,25,245366784,0.002100831863624425,7499,0.23389082856293167
7520,25,246022144,0.0020897309663780133,7519,0.23142557815132095
7540,25,246677504,0.002078645590184016,7539,0.22897680823380742
7560,25,247332864,0.0020675760477198595,7559,0.226544532622256
7580,25,247988224,0.0020565226512163585,7579,0.22412876364246712
7600,25,248643584,0.0020454857124489103,7599,0.22172951214017975
7620,25,249298944,0.0020344655427287006,7619,0.21934678748722922
7640,25,249954304,0.0020234624528939226,7639,0.21698059758786073
7660,25,250609664,0.002012476753301006,7659,0.2146309488851968
7680,25,251265024,0.002001508753815871,7679,0.21229784636786028
7700,25,251920384,0.0019905587638051796,7699,0.20998129357674614
7720,25,252575744,0.001979627092127616,7719,0.20768129261194881
7740,25,253231104,0.0019687140471251695,7739,0.2053978441398364
7760,25,253886464,0.0019578199366144427,7759,0.20313094740027768
7780,25,254541824,0.0019469450678779616,7779,0.20088060021401427
7800,25,255180800,0.0019363608899557363,7799,0.1987024424040611
7820,26,255836160,0.0019255249243409717,7819,0.1964847686957659
7840,26,256491520,0.0019147091114231993,7839,0.1942836297409062
7860,26,257146880,0.001903913756276462,7859,0.1920990177949986
7880,26,257802240,0.0018931391633977654,7879,0.18993092373328982
7900,26,258457600,0.0018823856366984896,7899,0.1877793370589959
7920,26,259112960,0.0018716534794958124,7919,0.18564424591168155
7940,26,259768320,0.001860942994504162,7939,0.18352563707578132
7960,26,260423680,0.0018502544838266699,7959,0.1814234959892564
7980,26,261079040,0.0018395882489466555,7979,0.17933780675239164
8000,26,261734400,0.0018289445907191193,7999,0.17726855213672713
8020,26,262389760,0.0018183238093622581,8019,0.17521571359412544
8040,26,263045120,0.0018077262044489976,8039,0.17317927126597288
8060,26,263700480,0.0017971520748985416,8059,0.17115920399251267
8080,26,264355840,0.0017866017189679408,8079,0.16915548932231006
8100,26,265011200,0.00177607543424368,8099,0.167168103521847
8112,26,265388032,0.0017700338356959214,8111,0.16603274093627657
8120,27,265650176,0.001765835766184029,8119,0.16524610013849944
8140,27,266305536,0.0017553578936947178,8139,0.16329088918770385
8160,27,266960896,0.0017449049736843972,8159,0.1613519290146753
8180,27,267616256,0.0017344773009912461,8179,0.159429190887005
8200,27,268271616,0.0017240751697413063,8199,0.15752264483982323
8220,27,268926976,0.001713698873340197,8219,0.15563225968614625
8240,27,269582336,0.001703348704464825,8239,0.15375800302733905
8260,27,270237696,0.0016930249550551394,8259,0.15189984126370285
8280,27,270893056,0.0016827279163058955,8279,0.1500577396051772
8300,27,271548416,0.0016724578786584373,8299,0.14823166208215977
8320,27,272203776,0.001662215131792508,8319,0.14642157155644137
8340,27,272859136,0.001651999964618081,8339,0.1446274297322555
8360,27,273514496,0.0016418126652672056,8359,0.1428491971674384
8380,27,274169856,0.0016316535210858846,8379,0.1410868332847022
8400,27,274825216,0.0016215228186259676,8399,0.13934029638301626
8420,27,275480576,0.0016114208436370692,8419,0.13760954364909664
8424,27,275595264,0.0016096559728087719,8423,0.13730828147391252
8440,28,276119552,0.0016015993492529015,8439,0.13593721500551467
8460,28,276774912,0.0015915549473362674,8459,0.1342375059522148
8480,28,277430272,0.0015815401181733624,8479,0.13255344723482784
8500,28,278085632,0.0015715551442454455,8499,0.13088499173454587
8520,28,278740992,0.0015616003071916673,8519,0.12923209127902102
8540,28,279396352,0.0015516758878011284,8539,0.12759469665446946
8560,28,280051712,0.0015417821660049633,8559,0.12597275761787272
8580,28,280707072,0.0015319194208684376,8579,0.12436622290927335
8600,28,281362432,0.0015220879305830797,8599,0.12277504026416586
8620,28,282017792,0.001512287972458837,8619,0.12119915642598106
8640,28,282673152,0.00150251982291625,8639,0.11963851715865977
8660,28,283328512,0.0014927837574786568,8659,0.11809306725931684
8680,28,283983872,0.0014830800507644203,8679,0.11656275057099312
8700,28,284639232,0.0014734089764791881,8699,0.11504750999549405
8720,28,285294592,0.0014637708074081617,8719,0.11354728750631088
8736,28,285802496,0.0014563240319918763,8735,0.11239490723674296
8740,29,285933568,0.001454405533687198,8739,0.11209897390898739
8760,29,286588928,0.0014448331501858813,8759,0.1106282381187653
8780,29,287244288,0.0014352944779170483,8779,0.10917234242497147
8800,29,287899648,0.0014257897859313326,8799,0.10773122524043757
8820,29,288555008,0.001416319342320908,8819,0.10630482411517198
8840,29,289210368,0.0014068834142119328,8839,0.10489307574975401
8860,29,289865728,0.001397482267757007,8859,0.10349591600879925
8880,29,290521088,0.0013881161681276709,8879,0.10211327993449815
8900,29,291176448,0.0013787853795069218,8899,0.10074510176022276
8920,29,291831808,0.0013694901650817678,8919,0.09939131492420275
8940,29,292487168,0.0013602307870357955,8939,0.09805185208326533
8960,29,293142528,0.0013510075065417842,8959,0.09672664512664238
8980,29,293797888,0.001341820583754333,8979,0.09541562518983789
9000,29,294453248,0.0013326702778025242,8999,0.0941187226685574
9020,29,295108608,0.0013235568467826156,9019,0.09283586723269677
9040,29,295763968,0.0013144805477507617,9039,0.09156698784038812
9048,29,296009728,0.001311086560989838,9047,0.09109474664679493
9060,30,296402944,0.001305667151777633,9059,0.09034321825029634
9080,30,297058304,0.001296664939521169,9079,0.08910173013402341
9100,30,297713664,0.0012877006177739122,9099,0.08787400264174923
9120,30,298369024,0.001278774439386193,9119,0.08665996204229784
9140,30,299024384,0.0012698866561324617,9139,0.08545953396340088
9160,30,299679744,0.001261037518704181,9159,0.08427264340604894
9180,30,300335104,0.0012522272767027597,9179,0.08309921475888989
9200,30,300990464,0.001243456178632511,9199,0.08193917181266894
9220,30,301645824,0.0012347244718936415,9219,0.08079243777471094
9240,30,302301184,0.0012260324027752747,9239,0.07965893528344205
9260,30,302956544,0.0012173802164485042,9259,0.07853858642294963
9280,30,303611904,0.0012087681569594767,9279,0.07743131273757776
9300,30,304267264,0.0012001964672225085,9299,0.07633703524655716
9320,30,304922624,0.0011916653890132374,9319,0.07525567445866829
9340,30,305577984,0.001183175162961798,9339,0.07418715038693355
9360,30,306216960,0.0011749367541875942,9359,0.07315762194058607
9380,31,306872320,0.001166527913582285,9379,0.07211421353802723
9400,31,307527680,0.0011581606341699328,9399,0.0710834011035258
9420,31,308183040,0.0011498351519605167,9419,0.07006510282529116
9440,31,308838400,0.00114155170178507,9439,0.0690592364692651
9460,31,309493760,0.0011333105172890569,9459,0.06806571939396037
9480,31,310149120,0.001125111830925785,9479,0.06708446856531672
9500,31,310804480,0.0011169558739498476,9499,0.066115400571573
9520,31,311459840,0.001108842876410595,9519,0.06515843163815273
9540,31,312115200,0.001100773067145658,9539,0.06421347764256431
9560,31,312770560,0.001092746673774481,9559,0.06328045412930886
9580,31,313425920,0.0010847639226919086,9579,0.06235927632479884
9600,31,314081280,0.0010768250390617972,9599,0.061449859152282925
9620,31,314736640,0.0010689302468106674,9619,0.0605521172467762
9640,31,315392000,0.0010610797686213798,9639,0.05966596496999235
9660,31,316047360,0.0010532738259268657,9659,0.05879131642527972
9672,31,316424192,0.0010488056607330938,9671,0.058293569075805116
9680,32,316686336,0.0010457061213606496,9679,0.057949527786991244
9700,32,317341696,0.0010379887819010288,9699,0.05709734583144475
9720,32,317997056,0.0010303166292474366,9719,0.05625641068418152
9740,32,318652416,0.0010226898798028957,9739,0.05542663556917845
9760,32,319307776,0.001015108748689777,9759,0.05460793352630354
9780,32,319963136,0.0010075734497437244,9779,0.05380021742621977
9800,32,320618496,0.0010000841955076262,9799,0.05300339998527885
9820,32,321273856,0.0009926411972256198,9819,0.05221739378040117
9840,32,321929216,0.0009852446648371351,9839,0.051442111263941145
9860,32,322584576,0.000977894806970968,9859,0.050677464778534964
9880,32,323239936,0.0009705918309394021,9879,0.04992336657193089
9900,32,323895296,0.0009633359427323559,9899,0.04917972881179777
9920,32,324550656,0.0009561273470115758,9919,0.0484464636005123
9940,32,325206016,0.0009489662471048608,9939,0.04772348298992152
9960,32,325861376,0.000941852845000331,9959,0.047010698996080104
9980,32,326516736,0.0009347873413407276,9979,0.04630802361395929
9984,32,326631424,0.000933555817635007,9983,0.04618608815339624
10000,33,327155712,0.0009279447827837444,9999,0.04563256378172908
10020,33,327811072,0.0009209744627392326,10019,0.044949594354454475
10040,33,328466432,0.0009140526300415203,10039,0.04427647174306537
10060,33,329121792,0.0009071794799298853,10059,0.04361310800356196
10080,33,329777152,0.0009003552062704483,10079,0.042959415243566
10100,33,330432512,0.0008935800015507051,10099,0.04231530563682737
10120,33,331087872,0.0008868540568741021,10119,0.04168069143769117
10140,33,331743232,0.0008801775619546387,10139,0.04105548499552149
10160,33,332398592,0.0008735507051115214,10159,0.040439598769082985
10180,33,333053952,0.0008669736732638505,10179,0.03983294534087638
10200,33,333709312,0.0008604466519253472,10199,0.03923543743142688
10220,33,334364672,0.0008539698251991195,10219,0.03864698791352377
10240,33,335020032,0.0008475433757724752,10239,0.038067509826409954
10260,33,335675392,0.0008411674849117619,10259,0.03749691638991824
10280,33,336330752,0.0008348423324572571,10279,0.03693512101855427
10296,33,336838656,0.0008299753513750226,10295,0.036505726061860394
10300,34,336969728,0.0008287243307375006,10299,0.036395758945625196
10320,34,337625088,0.0008224999093966347,10319,0.035851086206581936
10340,34,338280448,0.0008163267530051793,10339,0.03531495522914673
10360,34,338935808,0.0008102050356850233,10359,0.0347872803397754
10380,34,339591168,0.0008041349301071499,10379,0.03426797612879678
10400,34,340246528,0.0007981166074867677,10399,0.033756957464137434
10420,34,340901888,0.0007921502375784791,10419,0.03325413950498035
10440,34,341557248,0.0007862359886714906,10439,0.03275943771535617
10460,34,342212608,0.000780374027584872,10459,0.03227276787766604
10480,34,342867968,0.0007745645196628444,10479,0.031794046106132616
10500,34,343523328,0.0007688076287701209,10499,0.031323188860179686
10520,34,344178688,0.0007631035172872808,10519,0.03086011295773713
10540,34,344834048,0.0007574523461061952,10539,0.03040473558847094
10560,34,345489408,0.000751854274625482,10559,0.029956974326935303
10580,34,346144768,0.0007463094607460148,10579,0.029516747145646532
10600,34,346800128,0.0007408180608664669,10599,0.029083972428076345
10608,34,347045888,0.0007387725883703439,10607,0.02892358666194678
10620,35,347439104,0.0007355155215489628,10619,0.028669114879213958
10640,35,348094464,0.0007301300679204502,10639,0.028250820665547245
10660,35,348749824,0.0007247984846526345,10659,0.027839738662525523
10680,35,349405184,0.0007195209221297428,10679,0.02743578901400745
10700,35,350060544,0.0007142975292122771,10699,0.027038892338200567
10720,35,350715904,0.0007091284532328149,10719,0.02664896974014201
10740,35,351371264,0.0007040138399918545,10739,0.02626594282408827
10760,35,352026624,0.0006989538337537024,10759,0.02588973370581229
10780,35,352681984,0.0006939485772424025,10779,0.025520265024806307
10800,35,353337344,0.0006889982116377126,10799,0.025157459956389454
10820,35,353992704,0.0006841028765711204,10819,0.024801242223718076
10840,35,354648064,0.0006792627101219064,10839,0.024451536109697764
10860,35,355303424,0.000674477848813248,10859,0.024108266468795315
10880,35,355958784,0.0006697484276083708,10879,0.023771358738749575
10900,35,356614144,0.000665074579906739,10899,0.023440738952179286
10920,35,357253120,0.0006605712111423086,10919,0.023124368722899923
10940,36,357908480,0.0006560075069069297,10939,0.022805952693622206
10960,36,358563840,0.0006514997637553018,10959,0.022493608184561857
10980,36,359219200,0.0006470481088341725,10979,0.02218726370569177
11000,36,359874560,0.0006426526677082476,10999,0.02188684841803943
11020,36,360529920,0.0006383135643566491,11019,0.021592292144652317
11040,36,361185280,0.0006340309211694207,11039,0.021303525381451163
11060,36,361840640,0.0006298048589440725,11059,0.02102047930796934
11080,36,362496000,0.0006256354968821755,11079,0.02074308579797776
11100,36,363151360,0.0006215229525859995,11099,0.020471277429993495
11120,36,363806720,0.0006174673420551947,11119,0.020204987497671013
11140,36,364462080,0.0006134687796835204,11139,0.019944150020074745
11160,36,365117440,0.0006095273782556197,11159,0.019688699751832073
11180,36,365772800,0.0006056432489438359,11179,0.019438572193164753
11200,36,366428160,0.0006018165013050784,11199,0.019193703599798453
11220,36,367083520,0.000598047243277732,11219,0.018954030992748592
11232,36,367460352,0.0005959059933152532,11231,0.018818547842491994
11240,37,367722496,0.0005944276699373799,11239,0.018725293565049584
11260,37,368377856,0.0005907722646803387,11259,0.018495701036150038
11280,37,369033216,0.0005871746605517393,11279,0.018271121750224797
11300,37,369688576,0.0005836349590266763,11299,0.018051495864605194
11320,37,370343936,0.0005801532599470268,11319,0.01783676434872165
11340,37,370999296,0.0005767296615186325,11339,0.01762686899312763
11360,37,371654656,0.0005733642603085315,11359,0.01742175241839241
11380,37,372310016,0.0005700571512422339,11379,0.01722135808386128
11400,37,372965376,0.0005668084276010437,11399,0.017025630296282217
11420,37,373620736,0.0005636181810194285,11419,0.016834514218298118
11440,37,374276096,0.0005604865014824342,11439,0.016647955876803393
11460,37,374931456,0.0005574134773231481,11459,0.016465902171164108
11480,37,375586816,0.0005543991952202055,11479,0.016288300881300385
11500,37,376242176,0.0005514437401953461,11499,0.016115100675630465
11520,37,376897536,0.0005485471956110154,11519,0.015946251118875224
11540,37,377552896,0.0005457096431680133,11539,0.01578170267972226
11544,37,377667584,0.0005452191426114935,11543,0.015753345273362536
11560,38,378191872,0.0005429999043354088,11559,0.01562536269419006
11580,38,378847232,0.0005402790949139267,11579,0.015469167003661886
11600,38,379502592,0.0005376175108462866,11599,0.015317130493141881
11620,38,380157952,0.0005350152272059224,11619,0.01516920729757026
11640,38,380813312,0.0005324723173936218,11639,0.015025352491864742
11660,38,381468672,0.0005299888531354576,11659,0.014885522097727191
11680,38,382124032,0.000527564904480763,11679,0.014749673090303622
11700,38,382779392,0.0005252005398001562,11699,0.014617763404697044
11720,38,383434752,0.0005228958257836124,11719,0.014489751942332244
11740,38,384090112,0.0005206508274385822,11739,0.014365598577171694
11760,38,384745472,0.0005184656080881581,11759,0.014245264161781969
11780,38,385400832,0.000516340229369289,11779,0.01412871053324982
11800,38,386056192,0.0005142747512310402,11799,0.014015900518947246
11820,38,386711552,0.0005122692319329042,11819,0.013906797942144932
11840,38,387366912,0.0005103237280431562,11839,0.013801367627473247
11856,38,387874816,0.0005088572768505342,11855,0.013722163186197145
11860,39,388005888,0.0005084846977406409,11859,0.013702076140616306
11880,39,388661248,0.0005066578838785314,11879,0.013603799128459566
11900,39,389316608,0.0005048912437001662,11899,0.013509095703863648
11920,39,389971968,0.0005031848270359246,11919,0.013417934722838663
11940,39,390627328,0.0005015386820175037,11939,0.01333028606763645
11960,39,391282688,0.0004999528550765607,11959,0.013246120651288228
11980,39,391938048,0.0004984273909434032,11979,0.013165410421985687
12000,39,392593408,0.0004969623326457271,11999,0.013088128367304953
12020,39,393248768,0.0004955577215074038,12019,0.013014248518273071
12040,39,393904128,0.0004942135971473137,12039,0.012943745953276334
12060,39,394559488,0.0004929299974782293,12059,0.012876596801810134
12080,39,395214848,0.0004917069587057452,12079,0.01281277824806974
12100,39,395870208,0.0004905445153272583,12099,0.012752268534381833
12120,39,396525568,0.0004894427001309924,12119,0.012695046964475954
12140,39,397180928,0.0004884015441950758,12139,0.012641093906595999
12160,39,397836288,0.00048742107688666314,12159,0.012590390796450947
12168,39,398082048,0.0004870690536318956,12167,0.012572211402547976
12180,40,398475264,0.000486523579445377,12179,0.012544067644849425
12200,40,399130624,0.00048566305178737734,12199,0.012499732811645346
12220,40,399785984,0.00048486328999961485,12219,0.012458599035705615
12240,40,400441344,0.00048412431664040904,12239,0.012420652021915344
12260,40,401096704,0.00048344615255346276,12259,0.01238587855490643
12280,40,401752064,0.0004828288168672743,12279,0.012354266501042089
12300,40,402407424,0.00048227232699459856,12299,0.012325804810238778
12320,40,403062784,0.00048177669863195405,12319,0.012300483517625088
12340,40,403718144,0.0004813419457591827,12339,0.012278293745037817
12360,40,404373504,0.0004809680806390535,12359,0.012259227702354523
12380,40,405028864,0.0004806551138169175,12379,0.012243278688662854
12400,40,405684224,0.00048040305412041,12399,0.012230441093266216
12420,40,406339584,0.00048021190865920216,12419,0.012220710396525862
12440,40,406994944,0.00048008168282479994,12439,0.012214083170539108
12460,40,407650304,0.0004800123802903917,12459,0.01221055707965373
12473,40,408068096,0.00047999999999999996,12472,0.01220992722801141
