run,mode,lr,beta2,seed,status,loss,tokens,directory,recipe_identity
synchronous-lr0.0008-beta20.95-seed42,synchronous,0.0008,0.95,42,complete,3.6205963559828653,408071168,synchronous-lr0.0008-beta20.95-seed42/attempt-001,c107b3342a41a1a6becc370c4a9dc3cff8ca260c10dfd744bbb424c0e1948029
synchronous-lr0.0008-beta20.95-seed43,synchronous,0.0008,0.95,43,complete,3.6286229559975576,408071168,synchronous-lr0.0008-beta20.95-seed43/attempt-001,f9468df566ce5b44fb83dc19bf11d2e5e2f28cd77e493198a11b12af4b6fa501
synchronous-lr0.0008-beta20.95-seed44,synchronous,0.0008,0.95,44,complete,3.6244653621243863,408071168,synchronous-lr0.0008-beta20.95-seed44/attempt-001,a6cfa33edd6fef2d046c1d6574c10d6583314421558150f9f3c94b745b298c08
synchronous-lr0.0008-beta20.98-seed42,synchronous,0.0008,0.98,42,complete,3.5946254993910163,408071168,synchronous-lr0.0008-beta20.98-seed42/attempt-001,487f15aec8bb92f2f33878b3f2fef7e9ef9cc75631d2a4e0d08ec5af23de290f
synchronous-lr0.0008-beta20.98-seed43,synchronous,0.0008,0.98,43,complete,3.6087350358546626,408071168,synchronous-lr0.0008-beta20.98-seed43/attempt-001,35a761743c8201a4bc5bb33b863a2af67c0861c54b88a0b06ffbc7fdd17eefc0
synchronous-lr0.0008-beta20.98-seed44,synchronous,0.0008,0.98,44,complete,3.6064921276293216,408071168,synchronous-lr0.0008-beta20.98-seed44/attempt-001,7fdbab5e0d3fafdd31297eda4a4baeffbe6a8908dbe860f7e4b05c9f3f4a12e5
synchronous-lr0.0008-beta20.999-seed42,synchronous,0.0008,0.999,42,complete,3.5804852352393706,408071168,synchronous-lr0.0008-beta20.999-seed42/attempt-001,d5dc6f48ac04878f0bfa6f6f99e3ecbd51bb3d75233c61e1d816de97567988ae
synchronous-lr0.0008-beta20.999-seed43,synchronous,0.0008,0.999,43,complete,3.5923704600807893,408071168,synchronous-lr0.0008-beta20.999-seed43/attempt-001,9c740afe1d898fa9e8c5e316a79870b8647a692ba69e255bc66901302b3ef76b
synchronous-lr0.0008-beta20.999-seed44,synchronous,0.0008,0.999,44,complete,3.593284672863823,408071168,synchronous-lr0.0008-beta20.999-seed44/attempt-001,8e6dde5923f8bb6c08e5176a3a8648165358a77ce07634f9a05918f76f60bc76
synchronous-lr0.0010-beta20.95-seed42,synchronous,0.001,0.95,42,complete,3.6101530167983613,408071168,synchronous-lr0.0010-beta20.95-seed42/attempt-001,b5d2a52526cb7e3c54ad113721df53cc2acaeb75c22acf031ee0c77f3b14836b
synchronous-lr0.0010-beta20.95-seed43,synchronous,0.001,0.95,43,complete,3.6193169559740186,408071168,synchronous-lr0.0010-beta20.95-seed43/attempt-001,beac82fc05352e25004bf1ec958b45cd57ee309a05705f2f5b3e4b99962a0cea
synchronous-lr0.0010-beta20.95-seed44,synchronous,0.001,0.95,44,complete,3.631711632846305,408071168,synchronous-lr0.0010-beta20.95-seed44/attempt-001,cfe2f9949a270eb47f953f8034151bd15a3945058a886347f007dda8e18b2841
synchronous-lr0.0010-beta20.98-seed42,synchronous,0.001,0.98,42,complete,3.5866834201922964,408071168,synchronous-lr0.0010-beta20.98-seed42/attempt-001,79e2fa2b738af145e3ab6bb61b4077a60430934d762eab86606a7edf8a462444
synchronous-lr0.0010-beta20.98-seed43,synchronous,0.001,0.98,43,complete,3.6006640043696163,408071168,synchronous-lr0.0010-beta20.98-seed43/attempt-001,1396456adee9d34bc9c2587606bb8f06e1febda6e2dd00341ba8aa3181119b35
synchronous-lr0.0010-beta20.98-seed44,synchronous,0.001,0.98,44,complete,3.602320108306334,408071168,synchronous-lr0.0010-beta20.98-seed44/attempt-001,773ce445ef2a85f16938bfe87931158e9dc65137c8b3d48cb364a5df21817aa6
synchronous-lr0.0010-beta20.999-seed42,synchronous,0.001,0.999,42,complete,3.5744149532801073,408071168,synchronous-lr0.0010-beta20.999-seed42/attempt-001,b20b338a5c213dc4c36607312cd378b19820d227b38ee33ceae8551f2e94942d
synchronous-lr0.0010-beta20.999-seed43,synchronous,0.001,0.999,43,complete,3.5866149607697646,408071168,synchronous-lr0.0010-beta20.999-seed43/attempt-001,894e3bc0a283c9b60b7cc94427d878d1e2dd795b40683818f849a11e212c49b2
synchronous-lr0.0010-beta20.999-seed44,synchronous,0.001,0.999,44,complete,3.583402805869217,408071168,synchronous-lr0.0010-beta20.999-seed44/attempt-002,71a753ff9d766099a77d1a9ac923667de97dd533e8c7d193e33ef21e82249ad2
synchronous-lr0.0012-beta20.95-seed42,synchronous,0.0012,0.95,42,complete,3.6103474443531693,408071168,synchronous-lr0.0012-beta20.95-seed42/attempt-001,651023add8f203965865d3804d521dd3709d6ef084a8056fd32a1f67921a0968
synchronous-lr0.0012-beta20.95-seed43,synchronous,0.0012,0.95,43,complete,3.614961902779471,408071168,synchronous-lr0.0012-beta20.95-seed43/attempt-001,5a1f9e4950def24cc745108fe77a86e75a23580dbd24a4c234f456353aa2885c
synchronous-lr0.0012-beta20.95-seed44,synchronous,0.0012,0.95,44,complete,3.606145698936383,408071168,synchronous-lr0.0012-beta20.95-seed44/attempt-001,b51691796fe92b98ee380b536dc99c263a8db409819b7707e4367905614c17da
synchronous-lr0.0012-beta20.98-seed42,synchronous,0.0012,0.98,42,complete,3.5833883582280324,408071168,synchronous-lr0.0012-beta20.98-seed42/attempt-001,babd04c2c3e27c8b9021067f6b21fc252bcfc34e871eccfebd3535124f37d79e
synchronous-lr0.0012-beta20.98-seed43,synchronous,0.0012,0.98,43,complete,3.583648237575252,408071168,synchronous-lr0.0012-beta20.98-seed43/attempt-001,ead32e3582201ddfbdfb6f6af765efff0205619b85b1b8440454f8719322bd17
synchronous-lr0.0012-beta20.98-seed44,synchronous,0.0012,0.98,44,complete,3.585548872632422,408071168,synchronous-lr0.0012-beta20.98-seed44/attempt-001,aa2cb2340b52e2f2576eec67227648adbca40e7b747b7a661726247c551d92ba
synchronous-lr0.0012-beta20.999-seed42,synchronous,0.0012,0.999,42,complete,3.568136127228448,408071168,synchronous-lr0.0012-beta20.999-seed42/attempt-001,3ea4f6447a7f092466184ed66d169352ae1961f262fe737b9355b058b67ef04d
synchronous-lr0.0012-beta20.999-seed43,synchronous,0.0012,0.999,43,complete,3.572866770175432,408071168,synchronous-lr0.0012-beta20.999-seed43/attempt-001,06379c9bde397bad31c176e8f744fdb7a0483459361c5e6bb9917b57ccb05a9d
synchronous-lr0.0012-beta20.999-seed44,synchronous,0.0012,0.999,44,complete,3.5677164841169673,408071168,synchronous-lr0.0012-beta20.999-seed44/attempt-001,c4a1b8895016f8f309cd326543f656df02311150cc9e61e9a9956558cd87244f
synchronous-lr0.0014-beta20.95-seed42,synchronous,0.0014,0.95,42,complete,3.6100090198337473,408071168,synchronous-lr0.0014-beta20.95-seed42/attempt-001,f826f20277d532e3215f2e6a7678cf39a6fbab9b5e94647d77e4ad3b157c159d
synchronous-lr0.0014-beta20.95-seed43,synchronous,0.0014,0.95,43,complete,3.617318016012853,408071168,synchronous-lr0.0014-beta20.95-seed43/attempt-001,ba389459313f4825ded44e0113d37e7a0d134862be512f59953a80384401ec80
synchronous-lr0.0014-beta20.95-seed44,synchronous,0.0014,0.95,44,complete,3.6076399561103436,408071168,synchronous-lr0.0014-beta20.95-seed44/attempt-001,fef70b200930c65554696461af20db7be2facdf76815eba408b38ad4e0613433
synchronous-lr0.0014-beta20.98-seed42,synchronous,0.0014,0.98,42,complete,3.578544426689726,408071168,synchronous-lr0.0014-beta20.98-seed42/attempt-001,95f66aa14017966662959c9ae46a03fe4215531036fb7d6ffa7c41f3fe4ba352
synchronous-lr0.0014-beta20.98-seed43,synchronous,0.0014,0.98,43,complete,3.580697845975768,408071168,synchronous-lr0.0014-beta20.98-seed43/attempt-001,9f020ca7452d5ca83f1dce5051645a98a7e10d997210dff2647d65d14d194ba7
synchronous-lr0.0014-beta20.98-seed44,synchronous,0.0014,0.98,44,complete,3.5872228063349736,408071168,synchronous-lr0.0014-beta20.98-seed44/attempt-001,a130a2113c9901560215552aaf18158d338865c30e0b748bfd528d015e6db4f6
synchronous-lr0.0014-beta20.999-seed42,synchronous,0.0014,0.999,42,complete,3.5647669551150227,408071168,synchronous-lr0.0014-beta20.999-seed42/attempt-001,8979a52dd1a75319a323eb6ae15995c0ea50bff21d99b1c954d159f6f352da18
synchronous-lr0.0014-beta20.999-seed43,synchronous,0.0014,0.999,43,complete,3.566905555120171,408071168,synchronous-lr0.0014-beta20.999-seed43/attempt-001,734c87a22ad8b0bbd049cd94bd492d5369fd91f0684f00abac5512bc7da6d0dc
synchronous-lr0.0014-beta20.999-seed44,synchronous,0.0014,0.999,44,complete,3.5690169087698487,408071168,synchronous-lr0.0014-beta20.999-seed44/attempt-001,00059f6aad6667fcc93a68c2878c26f8cebbf80737dd43a70944942e96b5076c
packed-4-lr0.0010-beta20.95-seed42,packed-4,0.001,0.95,42,complete,3.79408536058331,408068096,packed-4-lr0.0010-beta20.95-seed42/attempt-001,1f20d6594f4bb4348d3c3f05c6e256168a7585c19797358cc569e32728355b20
packed-4-lr0.0010-beta20.95-seed43,packed-4,0.001,0.95,43,complete,3.7834315600116675,408068096,packed-4-lr0.0010-beta20.95-seed43/attempt-001,e641ed7646eb46af2e9eb25d0d44e5bf1a703f12167be4305f673177749e68c6
packed-4-lr0.0010-beta20.95-seed44,packed-4,0.001,0.95,44,complete,3.790867696222652,408068096,packed-4-lr0.0010-beta20.95-seed44/attempt-001,84acb10f849ff4fb91e1d54690b508f70667d694021fa86f2aba5e10d77eaba0
packed-4-lr0.0010-beta20.98-seed42,packed-4,0.001,0.98,42,complete,3.7100073149564126,408068096,packed-4-lr0.0010-beta20.98-seed42/attempt-001,ebc265c9238340161de4bd9124de7e87e90fe7eb180387b2a4f22e76f15200cf
packed-4-lr0.0010-beta20.98-seed43,packed-4,0.001,0.98,43,complete,3.7021165588388025,408068096,packed-4-lr0.0010-beta20.98-seed43/attempt-001,111df7e922690577a394192f279c23114a88e279f83916b1c1c7619c0cd9e785
packed-4-lr0.0010-beta20.98-seed44,packed-4,0.001,0.98,44,complete,3.7093081448336145,408068096,packed-4-lr0.0010-beta20.98-seed44/attempt-001,f18e12b46a6a9af0c9708e0e559177682af31a718b92394f0383f936e21fe004
packed-4-lr0.0010-beta20.999-seed42,packed-4,0.001,0.999,42,complete,3.6358558019588867,408068096,packed-4-lr0.0010-beta20.999-seed42/attempt-001,289fc877ab9c9f608d1664c55dea6fa34b103bddb1d2c94ac2ad4f2a53bbf053
packed-4-lr0.0010-beta20.999-seed43,packed-4,0.001,0.999,43,complete,3.6303633886437052,408068096,packed-4-lr0.0010-beta20.999-seed43/attempt-001,58cb3e8a949fd5f16404a113be98f0dc38c4f4801c9f5db888edd8141f4c3bf9
packed-4-lr0.0010-beta20.999-seed44,packed-4,0.001,0.999,44,complete,3.637517605150032,408068096,packed-4-lr0.0010-beta20.999-seed44/attempt-001,3a1ac5e4cc0a503142cb88fb59bd36d9ce9673191e0f3d4ecaa3c8f067d129f1
packed-4-lr0.0012-beta20.95-seed42,packed-4,0.0012,0.95,42,complete,3.77894445013179,408068096,packed-4-lr0.0012-beta20.95-seed42/attempt-001,15c4285f1523154b90e686cfa4d19f9c9fd934fdb4a77aa88699fcb5f4aad9e8
packed-4-lr0.0012-beta20.95-seed43,packed-4,0.0012,0.95,43,complete,3.773140075784419,408068096,packed-4-lr0.0012-beta20.95-seed43/attempt-001,c3147096f35b25acac50eeaa088da90844f62b9859040fa8e2f83b0c87ea1f93
packed-4-lr0.0012-beta20.95-seed44,packed-4,0.0012,0.95,44,complete,3.782383178204047,408068096,packed-4-lr0.0012-beta20.95-seed44/attempt-001,592ff306520c783044e0236e08b460a954b59db0f25076bed75bcae98cd3a952
packed-4-lr0.0012-beta20.98-seed42,packed-4,0.0012,0.98,42,complete,3.6999911637846368,408068096,packed-4-lr0.0012-beta20.98-seed42/attempt-001,eb02cf991795de844a8d4867365738831be9e98c66392459ae18f3a61ccd1155
packed-4-lr0.0012-beta20.98-seed43,packed-4,0.0012,0.98,43,complete,3.684602354394854,408068096,packed-4-lr0.0012-beta20.98-seed43/attempt-001,f0c0318834ca5d28bd586d43533150c0b2dcaba0e9e0e01b812b7c92b62d8114
packed-4-lr0.0012-beta20.98-seed44,packed-4,0.0012,0.98,44,complete,3.695991639193596,408068096,packed-4-lr0.0012-beta20.98-seed44/attempt-001,dd64263b45feaace31c89987afecdddbb432a216d9d077d2c0be9e08f39a8da3
packed-4-lr0.0012-beta20.999-seed42,packed-4,0.0012,0.999,42,complete,3.625450394505379,408068096,packed-4-lr0.0012-beta20.999-seed42/attempt-001,a4823032dd7cd7b8e8263ce4955a4f3046e1b9f533b94c2fbcaa1a1ddb4f4c55
packed-4-lr0.0012-beta20.999-seed43,packed-4,0.0012,0.999,43,complete,3.6126628051522958,408068096,packed-4-lr0.0012-beta20.999-seed43/attempt-001,0bf2ff53c155326dab56900b4ff851c03aa7954eca286a9dafce02461464c432
packed-4-lr0.0012-beta20.999-seed44,packed-4,0.0012,0.999,44,complete,3.62224473653036,408068096,packed-4-lr0.0012-beta20.999-seed44/attempt-001,44bb0d7182d05690bfd49b4f7165752420c9ca4872aacc1a2b56c3a0cd049e01
packed-4-lr0.0016-beta20.95-seed42,packed-4,0.0016,0.95,42,complete,3.7768758746087894,408068096,packed-4-lr0.0016-beta20.95-seed42/attempt-001,168411c27e61680a232c8468c078169e22b47ed3f9c440c015aa50f25277fba9
packed-4-lr0.0016-beta20.95-seed43,packed-4,0.0016,0.95,43,complete,3.761693903041374,408068096,packed-4-lr0.0016-beta20.95-seed43/attempt-001,36a93b3d5cb7ad26484147f53286aa598593e4eb99965b67151c431191ee1424
packed-4-lr0.0016-beta20.95-seed44,packed-4,0.0016,0.95,44,complete,3.776468997879227,408068096,packed-4-lr0.0016-beta20.95-seed44/attempt-001,6bc6210b03ba9c645bd4984b9d0a723eb6c3b3dc084546b9f19e13f559e66cc7
packed-4-lr0.0016-beta20.98-seed42,packed-4,0.0016,0.98,42,complete,3.684992626335173,408068096,packed-4-lr0.0016-beta20.98-seed42/attempt-001,545f6fc5570a4eb62be6d41fc0ba15a95ab3dcff5c163e68c20a92e9189e6340
packed-4-lr0.0016-beta20.98-seed43,packed-4,0.0016,0.98,43,complete,3.6747362854216816,408068096,packed-4-lr0.0016-beta20.98-seed43/attempt-001,3f9dde8d169fa18fe33b558e37831531f6594213c418b54448387b0c0f4e0304
packed-4-lr0.0016-beta20.98-seed44,packed-4,0.0016,0.98,44,complete,3.6884397046608606,408068096,packed-4-lr0.0016-beta20.98-seed44/attempt-001,2d4e614013e622d18bd2d95483bcf46767fc734c638c6bb851dd4cfbcc16026d
packed-4-lr0.0016-beta20.999-seed42,packed-4,0.0016,0.999,42,complete,3.6080484076040276,408068096,packed-4-lr0.0016-beta20.999-seed42/attempt-001,1b8376a76008e1bdeee7ff9d5568316ac830e468357daf88117d045dae248cc7
packed-4-lr0.0016-beta20.999-seed43,packed-4,0.0016,0.999,43,complete,3.6045256478765832,408068096,packed-4-lr0.0016-beta20.999-seed43/attempt-001,b26124cd75f025d0ee7783d188ba731da5e789520696a427e2bf24d7e0626eb3
packed-4-lr0.0016-beta20.999-seed44,packed-4,0.0016,0.999,44,complete,3.6073872549771586,408068096,packed-4-lr0.0016-beta20.999-seed44/attempt-001,bfd700a4b91f3a44c7c4a953150aa8cf8b844f7ebb8293d3e738284eb68da526
packed-4-lr0.0020-beta20.95-seed42,packed-4,0.002,0.95,42,complete,3.7691262582505027,408068096,packed-4-lr0.0020-beta20.95-seed42/attempt-001,70a56728f183e8e546edcf6387c5d1806aba05b1d18040b3559042234cb04cb5
packed-4-lr0.0020-beta20.95-seed43,packed-4,0.002,0.95,43,complete,3.7630695957840086,408068096,packed-4-lr0.0020-beta20.95-seed43/attempt-001,3f2ac7acdb557c63a4e908625febf10c105c927da3123d44d6975355fa2252b4
packed-4-lr0.0020-beta20.95-seed44,packed-4,0.002,0.95,44,complete,3.767718901345193,408068096,packed-4-lr0.0020-beta20.95-seed44/attempt-001,7e7bb1a64c8ced4dac29169579504b0605320a89e8d90f7944369f622357bf2c
packed-4-lr0.0020-beta20.98-seed42,packed-4,0.002,0.98,42,complete,3.6823085008362497,408068096,packed-4-lr0.0020-beta20.98-seed42/attempt-001,527c350bcaffdcc792bbe8466b204fe66be58eba5c92a181b234a76dc7f75f30
packed-4-lr0.0020-beta20.98-seed43,packed-4,0.002,0.98,43,complete,3.6699531569360833,408068096,packed-4-lr0.0020-beta20.98-seed43/attempt-001,417641ce68a8eb34e687bee31d49bce23f70685b37cff22538752d18c09c3fa1
packed-4-lr0.0020-beta20.98-seed44,packed-4,0.002,0.98,44,complete,3.6803800029767233,408068096,packed-4-lr0.0020-beta20.98-seed44/attempt-001,1e60ba4f7ec3cc3c28245b55e894648de6ef7fcc5e740e7a3268b72cc740544d
packed-4-lr0.0020-beta20.999-seed42,packed-4,0.002,0.999,42,complete,3.591240067379088,408068096,packed-4-lr0.0020-beta20.999-seed42/attempt-001,aaed994deb2f1857eae09c89371ed87a881569232c35e22e4d143bd3450fa026
packed-4-lr0.0020-beta20.999-seed43,packed-4,0.002,0.999,43,complete,3.597764607289498,408068096,packed-4-lr0.0020-beta20.999-seed43/attempt-001,d1c06126571af426d3c8c501e4741c6fdceb366f6fccbadcf6dc4c83645426b6
packed-4-lr0.0020-beta20.999-seed44,packed-4,0.002,0.999,44,complete,3.5984130753049617,408068096,packed-4-lr0.0020-beta20.999-seed44/attempt-001,8abb274336df5cabaeb08ff165169a94a9c326aa4b5bb9c130d386511abf9088
packed-8-lr0.0010-beta20.95-seed42,packed-8,0.001,0.95,42,complete,3.9862760526308216,408068096,packed-8-lr0.0010-beta20.95-seed42/attempt-001,2864d7988646375bfe82f4321dd38d6ff105978aef264defaf1a4986b040e2ed
packed-8-lr0.0010-beta20.95-seed43,packed-8,0.001,0.95,43,complete,3.9861508634267344,408068096,packed-8-lr0.0010-beta20.95-seed43/attempt-001,b9d3be3ba718a170037b2eed62bc78b20e38672933503df0f2b02de4be26ec40
packed-8-lr0.0010-beta20.95-seed44,packed-8,0.001,0.95,44,complete,3.9788837219314304,408068096,packed-8-lr0.0010-beta20.95-seed44/attempt-001,bbcb3fb5d969ce6575dca25b9feab04290b4dc53fa647f695e16150e27789061
packed-8-lr0.0010-beta20.98-seed42,packed-8,0.001,0.98,42,complete,3.852818129291741,408068096,packed-8-lr0.0010-beta20.98-seed42/attempt-001,79b7978d3df81eebd2e713b5e7dbcaf6a0c8b219fbbd8509c26efa8a0289c7d8
packed-8-lr0.0010-beta20.98-seed43,packed-8,0.001,0.98,43,complete,3.849821631042327,408068096,packed-8-lr0.0010-beta20.98-seed43/attempt-001,7f678a61057285cf077c5602173484bbf639971c9e8fe1a4f8a8563774f22a99
packed-8-lr0.0010-beta20.98-seed44,packed-8,0.001,0.98,44,complete,3.8400366818671308,408068096,packed-8-lr0.0010-beta20.98-seed44/attempt-001,e0c04b2c27632c7fcc59168440df542037a6713ab0921b8e167fe7576e2a83d8
packed-8-lr0.0010-beta20.999-seed42,packed-8,0.001,0.999,42,complete,3.7180966285092034,408068096,packed-8-lr0.0010-beta20.999-seed42/attempt-001,aa2f0c24a068039a0979ac2691fa9b556c3b6c35bab9e4c8ebaab8ac17fc3011
packed-8-lr0.0010-beta20.999-seed43,packed-8,0.001,0.999,43,complete,3.7046483047007452,408068096,packed-8-lr0.0010-beta20.999-seed43/attempt-001,728124cacefb6730e1fed7215fc4d9e2440f17264d1ed33a71f9d90c637892b0
packed-8-lr0.0010-beta20.999-seed44,packed-8,0.001,0.999,44,complete,3.709711689592211,408068096,packed-8-lr0.0010-beta20.999-seed44/attempt-001,6141e6fae22e1de1cd63d4cbc83cbc7eba8ce74b53fb32480e70c4635f7821c9
packed-8-lr0.0012-beta20.95-seed42,packed-8,0.0012,0.95,42,complete,3.968239178231338,408068096,packed-8-lr0.0012-beta20.95-seed42/attempt-001,ce12fdfbb05d763fec3907d1ec6c923ac86de86f96002c68382589799c730281
packed-8-lr0.0012-beta20.95-seed43,packed-8,0.0012,0.95,43,complete,3.9721397708868293,408068096,packed-8-lr0.0012-beta20.95-seed43/attempt-001,e39af392f66ac5536f4c5a799673c3bd554fb5e159055349d0b2389642893d34
packed-8-lr0.0012-beta20.95-seed44,packed-8,0.0012,0.95,44,complete,3.9678367693974486,408068096,packed-8-lr0.0012-beta20.95-seed44/attempt-001,55d56fea1bc6fe71a65e58e13339649aa73801f9f90a36269a00a28328e64f59
packed-8-lr0.0012-beta20.98-seed42,packed-8,0.0012,0.98,42,complete,3.837198978715685,408068096,packed-8-lr0.0012-beta20.98-seed42/attempt-001,0d83e7babe43b54d96630ec61d0d2174baabf3bce88ad22e42cc0da633aa71dc
packed-8-lr0.0012-beta20.98-seed43,packed-8,0.0012,0.98,43,complete,3.825229118819814,408068096,packed-8-lr0.0012-beta20.98-seed43/attempt-001,fad78106718de86b5f0e8bb937f20d98660a27f7c6612a29b6839211599edf37
packed-8-lr0.0012-beta20.98-seed44,packed-8,0.0012,0.98,44,complete,3.8395589637672103,408068096,packed-8-lr0.0012-beta20.98-seed44/attempt-001,dca80568889738e1fd55eaa56221b8c5b0fc76195a024954459f4392f1587787
packed-8-lr0.0012-beta20.999-seed42,packed-8,0.0012,0.999,42,complete,3.6965444532202425,408068096,packed-8-lr0.0012-beta20.999-seed42/attempt-001,6b50fec0e2149232acaa2edd17150f3bb8858639430843847dea83be27dd2453
packed-8-lr0.0012-beta20.999-seed43,packed-8,0.0012,0.999,43,complete,3.6826385351527615,408068096,packed-8-lr0.0012-beta20.999-seed43/attempt-001,cf5ace93c44a2e498b22e2b835cbbf759cecd6d1eaf21a1b8b3cd87dffb4b5a6
packed-8-lr0.0012-beta20.999-seed44,packed-8,0.0012,0.999,44,complete,3.6890093162313122,408068096,packed-8-lr0.0012-beta20.999-seed44/attempt-001,70f6d3b7c1033aad593a664b21c10c8052f4f53753753e69abb8c6a251913a1f
packed-8-lr0.0016-beta20.95-seed42,packed-8,0.0016,0.95,42,complete,3.9576983532209264,408068096,packed-8-lr0.0016-beta20.95-seed42/attempt-001,71d4491dc2859ad9d339a00f0190d9f5680dce6abfd6d05d81e5e1f2df441003
packed-8-lr0.0016-beta20.95-seed43,packed-8,0.0016,0.95,43,complete,3.9529608999848693,408068096,packed-8-lr0.0016-beta20.95-seed43/attempt-001,85328702fba295658b757bace08dedda29ca1ed0eb893a2a2b509e814886618a
packed-8-lr0.0016-beta20.95-seed44,packed-8,0.0016,0.95,44,complete,3.953589771343897,408068096,packed-8-lr0.0016-beta20.95-seed44/attempt-001,e0a88b8f8ffa40b6ab384208dedacb833fd8cebc66b397016c920255ac18f08c
packed-8-lr0.0016-beta20.98-seed42,packed-8,0.0016,0.98,42,complete,3.8119267525365492,408068096,packed-8-lr0.0016-beta20.98-seed42/attempt-001,0b01682db7d3ae66c1b870d5b4ab996122237f8d8455307bb38f5536ac185cc5
packed-8-lr0.0016-beta20.98-seed43,packed-8,0.0016,0.98,43,complete,3.8166010927936824,408068096,packed-8-lr0.0016-beta20.98-seed43/attempt-001,1e2361167c6e64f2a40980b69ad0703ac0c7a08020ac75a6f5647fecd32e6dd4
packed-8-lr0.0016-beta20.98-seed44,packed-8,0.0016,0.98,44,complete,3.822022277354436,408068096,packed-8-lr0.0016-beta20.98-seed44/attempt-001,76926c6cd3b8f345ada790f3734bb361fc05adef13dedd0335414c67e3276190
packed-8-lr0.0016-beta20.999-seed42,packed-8,0.0016,0.999,42,complete,3.6630313506248995,408068096,packed-8-lr0.0016-beta20.999-seed42/attempt-001,03348e5832c67c6ab0b4040de94d5a33dab723b55230eb73f5e7c458852021a8
packed-8-lr0.0016-beta20.999-seed43,packed-8,0.0016,0.999,43,complete,3.6620146692339004,408068096,packed-8-lr0.0016-beta20.999-seed43/attempt-001,83ecedbf928ba4e9602bab514abb38d711b3e21d5c6c46abadaa64b6835b31aa
packed-8-lr0.0016-beta20.999-seed44,packed-8,0.0016,0.999,44,complete,3.6758356499762326,408068096,packed-8-lr0.0016-beta20.999-seed44/attempt-001,5fc67ca7ac7c1f91622a26da76246650e1ea704ecfbef5794fe80962a04d4662
packed-8-lr0.0020-beta20.95-seed42,packed-8,0.002,0.95,42,complete,3.933669798981543,408068096,packed-8-lr0.0020-beta20.95-seed42/attempt-001,324951ba5e349d6aac2a7353ac1f1a4a439ffb4a4c3e7a043721646d729d6c33
packed-8-lr0.0020-beta20.95-seed43,packed-8,0.002,0.95,43,complete,3.9277791292834805,408068096,packed-8-lr0.0020-beta20.95-seed43/attempt-001,a47825fb0c8850f0de41abd56e148a23dde378733285d915bebd5979a3490564
packed-8-lr0.0020-beta20.95-seed44,packed-8,0.002,0.95,44,complete,3.9464625180143273,408068096,packed-8-lr0.0020-beta20.95-seed44/attempt-001,8ad6b7677f0115c722d071ae77a60f91c59b6c6388fc94fc3127600d273dc10d
packed-8-lr0.0020-beta20.98-seed42,packed-8,0.002,0.98,42,complete,3.805355063174087,408068096,packed-8-lr0.0020-beta20.98-seed42/attempt-001,a1146bbc98fa29ad40d685f012e3ea561b66be3faa2d08c9a858aba880f2cda1
packed-8-lr0.0020-beta20.98-seed43,packed-8,0.002,0.98,43,complete,3.806257118738253,408068096,packed-8-lr0.0020-beta20.98-seed43/attempt-001,ac25804d68a9cce01cd0d996ce3dba3be185cd91de4e003d9b8ceb50e2f5e55e
packed-8-lr0.0020-beta20.98-seed44,packed-8,0.002,0.98,44,complete,3.7995070939105524,408068096,packed-8-lr0.0020-beta20.98-seed44/attempt-001,c3c63df86ef728ebaf8a846e2e2a5058c1ca2ecf3babc80f423ed235ca82bb65
packed-8-lr0.0020-beta20.999-seed42,packed-8,0.002,0.999,42,complete,3.6555053262098482,408068096,packed-8-lr0.0020-beta20.999-seed42/attempt-001,2c23ecd86672c08654cc0c13fddb90d3484ae6fd2831fa9c15f3b3d17875d430
packed-8-lr0.0020-beta20.999-seed43,packed-8,0.002,0.999,43,complete,3.665018396963491,408068096,packed-8-lr0.0020-beta20.999-seed43/attempt-001,80f4b2e6d252324bede6822bdc032ee3cef2f18b73db4b014b9f6ea53ec1ed5f
packed-8-lr0.0020-beta20.999-seed44,packed-8,0.002,0.999,44,complete,3.6599590001609186,408068096,packed-8-lr0.0020-beta20.999-seed44/attempt-001,0245ffebb67b91b1f076564ae1c77adb7543a8b6f2e8a69473e677459e567eba
synchronous-lr0.0016-beta20.95-seed42,synchronous,0.0016,0.95,42,complete,3.612478506345251,408071168,synchronous-lr0.0016-beta20.95-seed42/attempt-001,9740452c454894a8eb81b5bfd644d6273b5106aee50ce860757c596c4441b336
synchronous-lr0.0016-beta20.95-seed43,synchronous,0.0016,0.95,43,complete,3.6228566643323106,408071168,synchronous-lr0.0016-beta20.95-seed43/attempt-001,ababe56da0a6793958120889e96a59d3cf95c4ab6ab6b7e71316f71610bf0a2d
synchronous-lr0.0016-beta20.95-seed44,synchronous,0.0016,0.95,44,complete,3.617773340761001,408071168,synchronous-lr0.0016-beta20.95-seed44/attempt-001,aba3b04ea0b9db0d2f8a7cd9f6aaaa20929761ace36e6b941157b1462e8c4b4e
synchronous-lr0.0016-beta20.98-seed42,synchronous,0.0016,0.98,42,complete,3.581848203042477,408071168,synchronous-lr0.0016-beta20.98-seed42/attempt-001,b8b3cb82cd91901f1d502693874ae0f48e45608c377d31524c002bebc9ed360b
synchronous-lr0.0016-beta20.98-seed43,synchronous,0.0016,0.98,43,complete,3.595668856785146,408071168,synchronous-lr0.0016-beta20.98-seed43/attempt-001,8ee76f5c22a41c0a121420ce4875197dbc4bb3bad8a962561dc7f50653a0d4de
synchronous-lr0.0016-beta20.98-seed44,synchronous,0.0016,0.98,44,complete,3.591951932893659,408071168,synchronous-lr0.0016-beta20.98-seed44/attempt-001,761515b85f932b93bd9a73f505e1618314ad10f731c301ae4a914d03d813dc34
synchronous-lr0.0016-beta20.999-seed42,synchronous,0.0016,0.999,42,complete,3.5760726798881888,408071168,synchronous-lr0.0016-beta20.999-seed42/attempt-001,ef6a48c377fb8df84add51afeb2b5287229d4bf7246b03df284f8a69be37bc83
synchronous-lr0.0016-beta20.999-seed43,synchronous,0.0016,0.999,43,complete,3.5678776664754346,408071168,synchronous-lr0.0016-beta20.999-seed43/attempt-001,51d10f833fe58615d275c808ec638af703259f198e7f41603d18244497eadc7c
synchronous-lr0.0016-beta20.999-seed44,synchronous,0.0016,0.999,44,complete,3.5685209147779804,408071168,synchronous-lr0.0016-beta20.999-seed44/attempt-001,b429da60a54864b71f969fec5b73b9d9623912bc675cc77a658d9dbff6e34bfa
synchronous-lr0.0018-beta20.95-seed42,synchronous,0.0018,0.95,42,complete,3.6133831541607457,408071168,synchronous-lr0.0018-beta20.95-seed42/attempt-001,6b35324ae6b23ecf007510645cb4f1d28b77b2ae19b358fe8cc0e8c426fc9902
synchronous-lr0.0018-beta20.95-seed43,synchronous,0.0018,0.95,43,complete,3.6029040687107123,408071168,synchronous-lr0.0018-beta20.95-seed43/attempt-001,a8e744c68b6c659f4dc2109fd0746d5ed378c848a40f8f1ecae307c87c98f01a
synchronous-lr0.0018-beta20.95-seed44,synchronous,0.0018,0.95,44,complete,3.626304411519204,408071168,synchronous-lr0.0018-beta20.95-seed44/attempt-001,b2ed3359e3f20f2a6c53f88dd3e0ba149682ca141c4e7f6a7c27bbd093c41ec9
synchronous-lr0.0018-beta20.98-seed42,synchronous,0.0018,0.98,42,complete,3.5904357431651874,408071168,synchronous-lr0.0018-beta20.98-seed42/attempt-001,ddea163cd272d16380bcff8873c64a6f602e98d1ea32df3259186fb48916f815
synchronous-lr0.0018-beta20.98-seed43,synchronous,0.0018,0.98,43,complete,3.5875969576672846,408071168,synchronous-lr0.0018-beta20.98-seed43/attempt-001,c94106bce14a704c8b7feccbf94c69b64bc9237e95ed6e137c4da05c2b0a3c70
synchronous-lr0.0018-beta20.98-seed44,synchronous,0.0018,0.98,44,complete,3.591256430863752,408071168,synchronous-lr0.0018-beta20.98-seed44/attempt-001,35df90b1349a9e82fa286e506b26836e82f54ff5430121245f114bd5e13340d0
synchronous-lr0.0018-beta20.999-seed42,synchronous,0.0018,0.999,42,complete,3.5761543460784933,408071168,synchronous-lr0.0018-beta20.999-seed42/attempt-001,88be5262efcba8d25b8bfcce5ef854e9e572a5c235767acf1757f7e346eaa1f2
synchronous-lr0.0018-beta20.999-seed43,synchronous,0.0018,0.999,43,complete,3.5619837430164263,408071168,synchronous-lr0.0018-beta20.999-seed43/attempt-001,1921eae08edfc6e8971b9d8ba8308f883cb25b5ab018231ef228a04a8b376c95
synchronous-lr0.0018-beta20.999-seed44,synchronous,0.0018,0.999,44,complete,3.5613973690262832,408071168,synchronous-lr0.0018-beta20.999-seed44/attempt-001,65e11ee7ecfd175428b040eac86ece8e95def5d6a1c2a893caab847d1017eb12
packed-4-lr0.0024-beta20.95-seed42,packed-4,0.0024,0.95,42,complete,3.758256545288924,408068096,packed-4-lr0.0024-beta20.95-seed42/attempt-001,4d2a048822985ba1740f2446aa70b6280182a596a5954e764fd7509a8029b171
packed-4-lr0.0024-beta20.95-seed43,packed-4,0.0024,0.95,43,complete,3.775280852855262,408068096,packed-4-lr0.0024-beta20.95-seed43/attempt-001,0503d8271444d4813f9197edee02232efa2d40316ef9533c7a5d11a2d5f12820
packed-4-lr0.0024-beta20.95-seed44,packed-4,0.0024,0.95,44,complete,3.768391927321274,408068096,packed-4-lr0.0024-beta20.95-seed44/attempt-001,0e79b9f3a221f686538ebbc810854f624aa21ca74584b60b812024d359ac4f6b
packed-4-lr0.0024-beta20.98-seed42,packed-4,0.0024,0.98,42,complete,3.6729020921001694,408068096,packed-4-lr0.0024-beta20.98-seed42/attempt-001,c252019120fae8f4b7e3c87861bf2d8eb403e512dadd7365e98f969368e66fe8
packed-4-lr0.0024-beta20.98-seed43,packed-4,0.0024,0.98,43,complete,3.6699027971505473,408068096,packed-4-lr0.0024-beta20.98-seed43/attempt-001,03551baf710d1f4a661a91b0c07a0a2aef3fdc36545391238ef87f3fec4acae2
packed-4-lr0.0024-beta20.98-seed44,packed-4,0.0024,0.98,44,complete,3.6868704651021282,408068096,packed-4-lr0.0024-beta20.98-seed44/attempt-001,27c265e44bef3b6cb3aaa994442316b605eefab721993302c4838df2ff54a174
packed-4-lr0.0024-beta20.999-seed42,packed-4,0.0024,0.999,42,complete,3.5990887527984263,408068096,packed-4-lr0.0024-beta20.999-seed42/attempt-001,31171e5f9233c1075dd6c37072a7ca263dac3ba80b7814bec54692e134ddb64e
packed-4-lr0.0024-beta20.999-seed43,packed-4,0.0024,0.999,43,complete,3.5982707183023064,408068096,packed-4-lr0.0024-beta20.999-seed43/attempt-001,7e36fba79e6fe962e133a670d74c24514d2a0da0dd378d01a39f988dc552bb92
packed-4-lr0.0024-beta20.999-seed44,packed-4,0.0024,0.999,44,complete,3.592014071626603,408068096,packed-4-lr0.0024-beta20.999-seed44/attempt-001,3848d30c41b5f422a503eccb2de356b3919d5202a1bd4d29fa3a99824e6a581d
packed-4-lr0.0028-beta20.95-seed42,packed-4,0.0028,0.95,42,complete,3.7616969734834624,408068096,packed-4-lr0.0028-beta20.95-seed42/attempt-001,27ea89d630a46a0b58b6ca103ce2af5a10e046c5cdad182a4723cbc3a9ad64c4
packed-4-lr0.0028-beta20.95-seed43,packed-4,0.0028,0.95,43,complete,3.766866251793546,408068096,packed-4-lr0.0028-beta20.95-seed43/attempt-001,b15b263c86b516a76dcb58f59cb83a9096de596666ebc8de37b4d171901526f9
packed-4-lr0.0028-beta20.95-seed44,packed-4,0.0028,0.95,44,complete,3.773098623045963,408068096,packed-4-lr0.0028-beta20.95-seed44/attempt-001,28a3083550128ad877add29b2cbb2119228a625d43fa9d14b313a8092cfa7749
packed-4-lr0.0028-beta20.98-seed42,packed-4,0.0028,0.98,42,complete,3.67892817337816,408068096,packed-4-lr0.0028-beta20.98-seed42/attempt-001,795868e8a158e287862560e7592a06fbd3499b78c514a3e1e170af6ae4070e8a
packed-4-lr0.0028-beta20.98-seed43,packed-4,0.0028,0.98,43,complete,3.6861479751382706,408068096,packed-4-lr0.0028-beta20.98-seed43/attempt-001,3eea7c45f4f9b61d042ea92f3a8c6e6d15ca9098103e583de2c18a3c66939d7d
packed-4-lr0.0028-beta20.98-seed44,packed-4,0.0028,0.98,44,complete,3.68340331770275,408068096,packed-4-lr0.0028-beta20.98-seed44/attempt-001,196f9d6f7fc9475706c8b26d5b9becb9b32129cc850f53673978a8223bd7520d
packed-4-lr0.0028-beta20.999-seed42,packed-4,0.0028,0.999,42,complete,3.59258606945006,408068096,packed-4-lr0.0028-beta20.999-seed42/attempt-001,caf94a9a64ede5c05924c3def4c079583da447c4af04fcce2f7f563a47afbed6
packed-4-lr0.0028-beta20.999-seed43,packed-4,0.0028,0.999,43,complete,3.5937224689827505,408068096,packed-4-lr0.0028-beta20.999-seed43/attempt-001,5518060e55c2e73f61d01df4011920eb2dba0eb1784aff0117da24c73eb2ee89
packed-4-lr0.0028-beta20.999-seed44,packed-4,0.0028,0.999,44,complete,3.5941930880608717,408068096,packed-4-lr0.0028-beta20.999-seed44/attempt-001,5fcaf6bb42ab46a936bef876274617fd1b334c5f03590421ccda13a7d5d736fd
packed-8-lr0.0024-beta20.95-seed42,packed-8,0.0024,0.95,42,complete,3.923071173439712,408068096,packed-8-lr0.0024-beta20.95-seed42/attempt-001,e6ebd8897463c04fc37bf4e257b5600a274da9082f47e33bebf068d33563d35e
packed-8-lr0.0024-beta20.95-seed43,packed-8,0.0024,0.95,43,complete,3.925990084799641,408068096,packed-8-lr0.0024-beta20.95-seed43/attempt-001,067415588691b4fbe32f83ebed383ffa7568ac181f78b42ab31d2d95379a7e18
packed-8-lr0.0024-beta20.95-seed44,packed-8,0.0024,0.95,44,complete,3.9373008277716206,408068096,packed-8-lr0.0024-beta20.95-seed44/attempt-001,0019dca406aa035866bb5884a3cf949d748f9b20917fe0357b01896c3469b9c3
packed-8-lr0.0024-beta20.98-seed42,packed-8,0.0024,0.98,42,complete,3.782161310244201,408068096,packed-8-lr0.0024-beta20.98-seed42/attempt-001,e0b7e845c49aa0d2bdb7f3e90e213c1d136d10b320ca179258ee8cad72ba7908
packed-8-lr0.0024-beta20.98-seed43,packed-8,0.0024,0.98,43,complete,3.7989525451342967,408068096,packed-8-lr0.0024-beta20.98-seed43/attempt-001,b21202dfa54078362c932bb0ff1dcc8dd518ad0a5cfe3da8e2d81700bf7f8786
packed-8-lr0.0024-beta20.98-seed44,packed-8,0.0024,0.98,44,complete,3.7981937013104536,408068096,packed-8-lr0.0024-beta20.98-seed44/attempt-001,7f2b9d45811f3e999521a5f8d02fdad99443c533827ab1bb500040167714b6de
packed-8-lr0.0024-beta20.999-seed42,packed-8,0.0024,0.999,42,complete,3.654124969245852,408068096,packed-8-lr0.0024-beta20.999-seed42/attempt-001,00a11c100a0787ec490f7abeb8dc7bea3fd8081e4d8c27dddc8b7f0de6ffc7ca
packed-8-lr0.0024-beta20.999-seed43,packed-8,0.0024,0.999,43,complete,3.6549353682758934,408068096,packed-8-lr0.0024-beta20.999-seed43/attempt-001,a3f509dc3297294c9056b0d2b72fdd2858321fe684f7760237cab6bbfeaca54f
packed-8-lr0.0024-beta20.999-seed44,packed-8,0.0024,0.999,44,complete,3.652609867965963,408068096,packed-8-lr0.0024-beta20.999-seed44/attempt-001,83d118795fb27f15105585d6eeaf9142e0b51825046390f723bba4250bf7562c
packed-8-lr0.0028-beta20.95-seed42,packed-8,0.0028,0.95,42,complete,3.917144105127627,408068096,packed-8-lr0.0028-beta20.95-seed42/attempt-001,0c2a9ed1d80ff948b461dec36dadc37f9944f546744da5ac0ade4c4a53859317
packed-8-lr0.0028-beta20.95-seed43,packed-8,0.0028,0.95,43,complete,3.9151890315617726,408068096,packed-8-lr0.0028-beta20.95-seed43/attempt-001,b3d5d62210656121265fc4f07aafe402c84012b14207578f102d8688f353dfc5
packed-8-lr0.0028-beta20.95-seed44,packed-8,0.0028,0.95,44,complete,3.932833786644836,408068096,packed-8-lr0.0028-beta20.95-seed44/attempt-001,c8637124c27eb60153934fc3f76632fdd39bafad0a7f283419f11a332f2aebed
packed-8-lr0.0028-beta20.98-seed42,packed-8,0.0028,0.98,42,complete,3.7805091310262346,408068096,packed-8-lr0.0028-beta20.98-seed42/attempt-001,360a186a8fb4628e35fbd3fccb9fe45acea58d63a1c6cc2c59272cf1cbff5734
packed-8-lr0.0028-beta20.98-seed43,packed-8,0.0028,0.98,43,complete,3.7864292435704754,408068096,packed-8-lr0.0028-beta20.98-seed43/attempt-002,fc22472f39c571d18c0fe59d4ffca69b027eb610148ba31fc8969edfc789f8e4
packed-8-lr0.0028-beta20.98-seed44,packed-8,0.0028,0.98,44,complete,3.7849104896086065,408068096,packed-8-lr0.0028-beta20.98-seed44/attempt-001,fbee18aebd5b66312e5a1c2f07534aa45a142a711f07988d186e4448ebb10405
packed-8-lr0.0028-beta20.999-seed42,packed-8,0.0028,0.999,42,complete,3.6385525172652953,408068096,packed-8-lr0.0028-beta20.999-seed42/attempt-001,d8e5f05fab3755bb10c2412e073c547553fc7605d4f3f4fdef8df80746141196
packed-8-lr0.0028-beta20.999-seed43,packed-8,0.0028,0.999,43,complete,3.654028116705755,408068096,packed-8-lr0.0028-beta20.999-seed43/attempt-001,6a8b3ce6a554f8a870edc13de928bd14aa15b9313db5246052c74a6004b8bc1e
packed-8-lr0.0028-beta20.999-seed44,packed-8,0.0028,0.999,44,complete,3.6479844361663534,408068096,packed-8-lr0.0028-beta20.999-seed44/attempt-001,83452b0cf361f501d9a8219b5391bc0a973ddbe4b8087ed3697acb0f1db2931a
synchronous-lr0.0020-beta20.95-seed42,synchronous,0.002,0.95,42,complete,3.6121651143156646,408071168,synchronous-lr0.0020-beta20.95-seed42/attempt-001,cb56b68d2906e144ef7c09e168defb8e6f070241fb8f2bf470e07f5491721c21
synchronous-lr0.0020-beta20.95-seed43,synchronous,0.002,0.95,43,complete,3.610197638464231,408071168,synchronous-lr0.0020-beta20.95-seed43/attempt-001,00298f611f2349d526f6faf733ca435018a9ded23225dc733df062f1a0ee7d7e
synchronous-lr0.0020-beta20.95-seed44,synchronous,0.002,0.95,44,complete,3.6099079927910376,408071168,synchronous-lr0.0020-beta20.95-seed44/attempt-001,a31336fab97c49db311a0009f97dac191803f190ac894a74f8b4ea64326e3b65
synchronous-lr0.0020-beta20.98-seed42,synchronous,0.002,0.98,42,complete,3.5910877122166864,408071168,synchronous-lr0.0020-beta20.98-seed42/attempt-001,b3ea255ead15b1dc95e71cf3136e52e65a2723aebc4a6a5a8ee299a197324463
synchronous-lr0.0020-beta20.98-seed43,synchronous,0.002,0.98,43,complete,3.5837733218125645,408071168,synchronous-lr0.0020-beta20.98-seed43/attempt-001,5f029268670820c790a751d6be5e69eb14a5df5364bb65920822f38ba975f953
synchronous-lr0.0020-beta20.98-seed44,synchronous,0.002,0.98,44,complete,3.5905537697930674,408071168,synchronous-lr0.0020-beta20.98-seed44/attempt-001,19e425a7afac25356dc95220d49e43f203e50d2a4a95511796cc8d0278383a50
synchronous-lr0.0020-beta20.999-seed42,synchronous,0.002,0.999,42,complete,3.576311714287115,408071168,synchronous-lr0.0020-beta20.999-seed42/attempt-001,1b167c94c5230f4e165ad9a6f2355428916d83e5778b00b47abf38f9b3722fd1
synchronous-lr0.0020-beta20.999-seed43,synchronous,0.002,0.999,43,complete,3.560481858794608,408071168,synchronous-lr0.0020-beta20.999-seed43/attempt-001,5ffbf22d96d311838150aa775c57b78099baa1e358d70d83236a94c74424d4da
synchronous-lr0.0020-beta20.999-seed44,synchronous,0.002,0.999,44,complete,3.569162487658557,408071168,synchronous-lr0.0020-beta20.999-seed44/attempt-001,06f64ee02b7702ba7357e2b25c6b54e6fa625b8e5414fb914931aee565e41c92
synchronous-lr0.0022-beta20.95-seed42,synchronous,0.0022,0.95,42,complete,3.6130741830772544,408071168,synchronous-lr0.0022-beta20.95-seed42/attempt-001,aa4e46d98fc3d576cb6f080ba610a165640ec3a5d3d6449546b8413516a854e7
synchronous-lr0.0022-beta20.95-seed43,synchronous,0.0022,0.95,43,complete,3.6020860499984364,408071168,synchronous-lr0.0022-beta20.95-seed43/attempt-001,130ce75d222258a5c328329c4fb64f9b9104e3fdfc2b20bc90603c312324f023
synchronous-lr0.0022-beta20.95-seed44,synchronous,0.0022,0.95,44,complete,3.6067863586815747,408071168,synchronous-lr0.0022-beta20.95-seed44/attempt-001,737f8a61b56073d6118078e19f52972e8be66196aab4066c10d7d08470474963
synchronous-lr0.0022-beta20.98-seed42,synchronous,0.0022,0.98,42,complete,3.575338011308473,408071168,synchronous-lr0.0022-beta20.98-seed42/attempt-001,93858dbcae9a353b52ea5011d93d743541a1e224cd415dc9eadf004307a76e26
synchronous-lr0.0022-beta20.98-seed43,synchronous,0.0022,0.98,43,complete,3.5801065184346723,408071168,synchronous-lr0.0022-beta20.98-seed43/attempt-001,2f6f1345cfc5728b9271b61d18920cc709757ae928c33c63721044aca673e5a2
synchronous-lr0.0022-beta20.98-seed44,synchronous,0.0022,0.98,44,complete,3.592583619391074,408071168,synchronous-lr0.0022-beta20.98-seed44/attempt-001,a2b38e88a4e1bcf2404297071ae93a5ddf4c242f8b310261390d51b2f70cc6be
synchronous-lr0.0022-beta20.999-seed42,synchronous,0.0022,0.999,42,complete,3.556665792566333,408071168,synchronous-lr0.0022-beta20.999-seed42/attempt-001,0ba826086144e2c287320446405b5fd205198753ecec251ba7ae836bca52d8a2
synchronous-lr0.0022-beta20.999-seed43,synchronous,0.0022,0.999,43,complete,3.565889526463896,408071168,synchronous-lr0.0022-beta20.999-seed43/attempt-001,13b2cd7457d07503e6f435c3e5947712a1a11bb37d5d1e291f79b8d4afade876
synchronous-lr0.0022-beta20.999-seed44,synchronous,0.0022,0.999,44,complete,3.5709592133670935,408071168,synchronous-lr0.0022-beta20.999-seed44/attempt-001,dd15d73a17827a92934ac8e6ac02fcccd4fa05d7a75e5a21057dc1f38d822cdb
packed-4-lr0.0032-beta20.95-seed42,packed-4,0.0032,0.95,42,complete,3.7631193398887417,408068096,packed-4-lr0.0032-beta20.95-seed42/attempt-001,37443cf208216687d13cc57c14707bfe4576eea341a5ec066a346d238523bdac
packed-4-lr0.0032-beta20.95-seed43,packed-4,0.0032,0.95,43,complete,3.7732211485803875,408068096,packed-4-lr0.0032-beta20.95-seed43/attempt-001,17831cf655badf9cb45a989cff546d343bc87619f186714ea24ad4177f8f05d0
packed-4-lr0.0032-beta20.95-seed44,packed-4,0.0032,0.95,44,complete,3.7660672617474833,408068096,packed-4-lr0.0032-beta20.95-seed44/attempt-001,1fc59758bcb9932e2f9bdb984cfa1adaad43cdd6ed6f44cd15cdfe435bb698be
packed-4-lr0.0032-beta20.98-seed42,packed-4,0.0032,0.98,42,complete,3.668215455556183,408068096,packed-4-lr0.0032-beta20.98-seed42/attempt-001,726ccfeb676b65c15819362a83f0e882e89cea3ebe77acfd4643585e0241d348
packed-4-lr0.0032-beta20.98-seed43,packed-4,0.0032,0.98,43,complete,3.6817121050252,408068096,packed-4-lr0.0032-beta20.98-seed43/attempt-001,0f77a0a07cf1b42c8c4f85754d5770079956ecf7e672f88de7a152fd02175728
packed-4-lr0.0032-beta20.98-seed44,packed-4,0.0032,0.98,44,complete,3.6728555107383762,408068096,packed-4-lr0.0032-beta20.98-seed44/attempt-001,a1740d3cbb5065041ae5005cda62f0a6e634b27105e06f523a957f97103261e5
packed-4-lr0.0032-beta20.999-seed42,packed-4,0.0032,0.999,42,complete,3.5843472869533803,408068096,packed-4-lr0.0032-beta20.999-seed42/attempt-001,9def31b5a6795912b140e36db6168e5e5615d72da9d1fcec6836b9ca9953030d
packed-4-lr0.0032-beta20.999-seed43,packed-4,0.0032,0.999,43,complete,3.6084342646545506,408068096,packed-4-lr0.0032-beta20.999-seed43/attempt-001,77362008b537ab121436a58f84ade0808e1ec26b7751e87668035ae8f77fa989
packed-4-lr0.0032-beta20.999-seed44,packed-4,0.0032,0.999,44,complete,3.5885318001586692,408068096,packed-4-lr0.0032-beta20.999-seed44/attempt-001,c7e0a268ebd4dd203ffb77e57261d4f3392efac80530fccad2950f0ff9018cf9
packed-4-lr0.0036-beta20.95-seed42,packed-4,0.0036,0.95,42,complete,3.760203827983183,408068096,packed-4-lr0.0036-beta20.95-seed42/attempt-001,b8a61d42414938de241555d483f2fdc6086c3397f2481ef886ac9c6dcc5d7fd5
packed-4-lr0.0036-beta20.95-seed43,packed-4,0.0036,0.95,43,complete,3.7707756413154554,408068096,packed-4-lr0.0036-beta20.95-seed43/attempt-001,68e92e40028560ffb76a8a3281e4df811464c6a8c22b355aab09daf9c9a97060
packed-4-lr0.0036-beta20.95-seed44,packed-4,0.0036,0.95,44,complete,3.7568762306317347,408068096,packed-4-lr0.0036-beta20.95-seed44/attempt-001,1bd2784d2e171da1a1f23b8216e2698d8d88739eadd020d3c692ea395abda34b
packed-4-lr0.0036-beta20.98-seed42,packed-4,0.0036,0.98,42,complete,3.6753869729162094,408068096,packed-4-lr0.0036-beta20.98-seed42/attempt-001,832c5c0331da010669389f61d673f229f40df617d73b7d6afe947bc91bbc313d
packed-4-lr0.0036-beta20.98-seed43,packed-4,0.0036,0.98,43,complete,3.6885671489830836,408068096,packed-4-lr0.0036-beta20.98-seed43/attempt-001,550ff3e8910a6368322ec111efe90a3240db095d1d04d4706b8643cca0fd029c
packed-4-lr0.0036-beta20.98-seed44,packed-4,0.0036,0.98,44,complete,3.6772624698881042,408068096,packed-4-lr0.0036-beta20.98-seed44/attempt-001,3065aa6dc85127e34eb56c90739e903400b8627180e95ae8223d2e2c103c0fbe
packed-4-lr0.0036-beta20.999-seed42,packed-4,0.0036,0.999,42,complete,3.5831130768147363,408068096,packed-4-lr0.0036-beta20.999-seed42/attempt-001,77f9f3a7dfce09f679fdc8c8d215d6808e1ee693ae9012b3ca10e51478d734dd
packed-4-lr0.0036-beta20.999-seed43,packed-4,0.0036,0.999,43,complete,3.595556113198678,408068096,packed-4-lr0.0036-beta20.999-seed43/attempt-001,cc6fbc9415cd8bd3a9931a8ad6f81858f26ca684f66edff76a24ae4a545c192d
packed-4-lr0.0036-beta20.999-seed44,packed-4,0.0036,0.999,44,complete,3.5945257536193336,408068096,packed-4-lr0.0036-beta20.999-seed44/attempt-001,28f278dec34b6fabfbb6944bcd0d77f0f901481c54871697683d6c220f01d3ed
packed-8-lr0.0032-beta20.95-seed42,packed-8,0.0032,0.95,42,complete,3.9222273177113913,408068096,packed-8-lr0.0032-beta20.95-seed42/attempt-001,d30d40e2da5b8a2ecc3b0c09f4ce14830d7d751ce5f8944f4fe02fcad0fb792a
packed-8-lr0.0032-beta20.95-seed43,packed-8,0.0032,0.95,43,complete,3.9134318983944203,408068096,packed-8-lr0.0032-beta20.95-seed43/attempt-001,1388db47771c13c89d819dc1dfa85caaf7182ac2c4e074e9a7c2149a6e45a75c
packed-8-lr0.0032-beta20.95-seed44,packed-8,0.0032,0.95,44,complete,3.926626389322132,408068096,packed-8-lr0.0032-beta20.95-seed44/attempt-001,0c739cc77450dc1c7d1b036e6b239b1733ba5723318349bd5453d86aa23c0ab7
packed-8-lr0.0032-beta20.98-seed42,packed-8,0.0032,0.98,42,complete,3.777905617210396,408068096,packed-8-lr0.0032-beta20.98-seed42/attempt-001,fd2017b66496bab9a05097f073e54625685409c1835e53f31b9be9072e2a974d
packed-8-lr0.0032-beta20.98-seed43,packed-8,0.0032,0.98,43,complete,3.783186060990684,408068096,packed-8-lr0.0032-beta20.98-seed43/attempt-001,5f1cd7aa058701c635e67bea52d85379e7e69f1ee9d8d05abdc0a5e5fb0a8647
packed-8-lr0.0032-beta20.98-seed44,packed-8,0.0032,0.98,44,complete,3.7828296575671145,408068096,packed-8-lr0.0032-beta20.98-seed44/attempt-001,d60e2797afe76aa27ce60dc1dfbc4ddce21683b387f3892babfff05d7d430095
packed-8-lr0.0032-beta20.999-seed42,packed-8,0.0032,0.999,42,complete,3.6338753186225983,408068096,packed-8-lr0.0032-beta20.999-seed42/attempt-001,cdaf50724ef961da9c85a02b5302a6fb5795de2a765739ac940beff6c5105781
packed-8-lr0.0032-beta20.999-seed43,packed-8,0.0032,0.999,43,complete,3.652323020261807,408068096,packed-8-lr0.0032-beta20.999-seed43/attempt-001,bcf5b2af2147e3a549ba748aedb306477b222ce2c1ab2bb802534ee7b75567e8
packed-8-lr0.0032-beta20.999-seed44,packed-8,0.0032,0.999,44,complete,3.657743086414173,408068096,packed-8-lr0.0032-beta20.999-seed44/attempt-001,ee7f4459d066db052417a988b07c8615e954699797bb7f4e9b043906757e7b22
packed-8-lr0.0036-beta20.95-seed42,packed-8,0.0036,0.95,42,complete,3.9156263423746194,408068096,packed-8-lr0.0036-beta20.95-seed42/attempt-001,6afba327c653ba3843b3af667b84394ea9dfa95a2d4bf490ffde65b4bba95384
packed-8-lr0.0036-beta20.95-seed43,packed-8,0.0036,0.95,43,complete,3.9113515278091926,408068096,packed-8-lr0.0036-beta20.95-seed43/attempt-001,28272fbddfc6be66a07008d70f1cac0192dfb7ac60bde967c4d8c3c8718a70c0
packed-8-lr0.0036-beta20.95-seed44,packed-8,0.0036,0.95,44,complete,3.922639744498982,408068096,packed-8-lr0.0036-beta20.95-seed44/attempt-001,9e300d8d62395d22d2f8d47f8a27186e890ec755d8f1ea2da39f0428ab3602c3
packed-8-lr0.0036-beta20.98-seed42,packed-8,0.0036,0.98,42,complete,3.7686974918239273,408068096,packed-8-lr0.0036-beta20.98-seed42/attempt-001,28a7e586b4f2c1e41ad070d41c59794f18dc8abdc328fb7927eb9c21cb9eb706
packed-8-lr0.0036-beta20.98-seed43,packed-8,0.0036,0.98,43,complete,3.787047843181813,408068096,packed-8-lr0.0036-beta20.98-seed43/attempt-001,09706c92b0c2f4ff48c6c03ade9deffc493c1851a891b367625d81fe6e4a5013
packed-8-lr0.0036-beta20.98-seed44,packed-8,0.0036,0.98,44,complete,3.7770844852076855,408068096,packed-8-lr0.0036-beta20.98-seed44/attempt-001,c87eafb9be055d16ce901aaa61bc8ed0364a09733424fe1d5241ac32669b70f3
packed-8-lr0.0036-beta20.999-seed42,packed-8,0.0036,0.999,42,complete,3.6266310273801357,408068096,packed-8-lr0.0036-beta20.999-seed42/attempt-001,299abed980c5a62a97999a8331511cfe001ef1665d3f19524edd4b6c49db02e9
packed-8-lr0.0036-beta20.999-seed43,packed-8,0.0036,0.999,43,complete,3.651424533830535,408068096,packed-8-lr0.0036-beta20.999-seed43/attempt-001,ede3fcd4d2ebf20b6db9df278a54c4a682b485cd96d7984a9919da64d0e1763c
packed-8-lr0.0036-beta20.999-seed44,packed-8,0.0036,0.999,44,complete,3.638192279561844,408068096,packed-8-lr0.0036-beta20.999-seed44/attempt-001,13182eaa5ad65200143e2af4c997c8ad43090738aad7626f3fa705434e8f5d06
synchronous-lr0.0024-beta20.95-seed42,synchronous,0.0024,0.95,42,complete,3.605162673295289,408071168,synchronous-lr0.0024-beta20.95-seed42/attempt-001,59774227aa6b93d0712f8c1dc5348b1ecd8b76bd04ab8f45f97a7c297aa81e29
synchronous-lr0.0024-beta20.95-seed43,synchronous,0.0024,0.95,43,complete,3.6147766234766547,408071168,synchronous-lr0.0024-beta20.95-seed43/attempt-001,a76743ba74200fa5c28340e904e52bffa6142fe9d28d6d28293d115d38d94777
synchronous-lr0.0024-beta20.95-seed44,synchronous,0.0024,0.95,44,complete,3.611344371601145,408071168,synchronous-lr0.0024-beta20.95-seed44/attempt-001,67f3fdf5ec7341411445a0de18209a2a281401e58c716bf41bb12458773b120d
synchronous-lr0.0024-beta20.98-seed42,synchronous,0.0024,0.98,42,complete,3.5867763811570783,408071168,synchronous-lr0.0024-beta20.98-seed42/attempt-001,69869cde9dc485d7a907023455b4203eb9f2bf3fd0b94bea483b59e92c9f19d3
synchronous-lr0.0024-beta20.98-seed43,synchronous,0.0024,0.98,43,complete,3.592110483485016,408071168,synchronous-lr0.0024-beta20.98-seed43/attempt-001,275b81136af165e6ee0d8213d29dcdced2b4e87931fcd81584967c690d23e873
synchronous-lr0.0024-beta20.98-seed44,synchronous,0.0024,0.98,44,complete,3.5851162236746204,408071168,synchronous-lr0.0024-beta20.98-seed44/attempt-001,dcd65bb1f4b8d6e400ed4fe84c75ae9c4dcdbcb31c16287b34e818c18e344838
synchronous-lr0.0024-beta20.999-seed42,synchronous,0.0024,0.999,42,complete,3.5572684375336427,408071168,synchronous-lr0.0024-beta20.999-seed42/attempt-001,23ce6a5cd3292f79c3f433b82d3fad51116488084914d610608f9d06daca554c
synchronous-lr0.0024-beta20.999-seed43,synchronous,0.0024,0.999,43,complete,3.5700521586652467,408071168,synchronous-lr0.0024-beta20.999-seed43/attempt-001,3c1bdc038170c2f31b5f956a5246f5ac8629d799f4bfb5795675bef94af60951
synchronous-lr0.0024-beta20.999-seed44,synchronous,0.0024,0.999,44,complete,3.5677561865331033,408071168,synchronous-lr0.0024-beta20.999-seed44/attempt-001,afa0082d00e49b988b27c9d837118d2cc14753eb5690720cada0dee28c0bff18
synchronous-lr0.0026-beta20.95-seed42,synchronous,0.0026,0.95,42,complete,3.609080012782781,408071168,synchronous-lr0.0026-beta20.95-seed42/attempt-001,6031049b709848942a6acc51f165c86e9d7a269eead96c0a4734b557c25880ba
synchronous-lr0.0026-beta20.95-seed43,synchronous,0.0026,0.95,43,complete,3.6133611510136436,408071168,synchronous-lr0.0026-beta20.95-seed43/attempt-001,af7406703b402ee3e98b81f0daa436fc10f6defcbf710c53c126bbd3e3fea8eb
synchronous-lr0.0026-beta20.95-seed44,synchronous,0.0026,0.95,44,complete,3.6169752447913166,408071168,synchronous-lr0.0026-beta20.95-seed44/attempt-001,2b9c3168a698ec5a0e2637c9ae86ba985ffd2ee55dbb4cbc32dc48fc1acee40f
synchronous-lr0.0026-beta20.98-seed42,synchronous,0.0026,0.98,42,complete,3.5797651264937658,408071168,synchronous-lr0.0026-beta20.98-seed42/attempt-001,4b3bbd3e19ed7e672134fc5ccbc8707739e88d7770c47e03a81dc56b96f2cbb2
synchronous-lr0.0026-beta20.98-seed43,synchronous,0.0026,0.98,43,complete,3.5845016497947304,408071168,synchronous-lr0.0026-beta20.98-seed43/attempt-001,6b672894f179384474292c61a5f1894eae8e07f41e0af94a517595bc386936e3
synchronous-lr0.0026-beta20.98-seed44,synchronous,0.0026,0.98,44,complete,3.588501257796993,408071168,synchronous-lr0.0026-beta20.98-seed44/attempt-001,d811f11149f5f7757c63ad8b1a1b579c7c3d7c0c99143a5e38ce010b4104fb2c
synchronous-lr0.0026-beta20.999-seed42,synchronous,0.0026,0.999,42,complete,3.5735184007403875,408071168,synchronous-lr0.0026-beta20.999-seed42/attempt-001,849543689458676d4cb905447daf47761eab37d4c5c06e8ed87e687cf5894011
synchronous-lr0.0026-beta20.999-seed43,synchronous,0.0026,0.999,43,complete,3.5637705116102287,408071168,synchronous-lr0.0026-beta20.999-seed43/attempt-001,8be49690cb6f0aecdb91a92f3a1cfd3b72b1e3e95734c4c80035ddc309697d2f
synchronous-lr0.0026-beta20.999-seed44,synchronous,0.0026,0.999,44,complete,3.562743722127688,408071168,synchronous-lr0.0026-beta20.999-seed44/attempt-001,6da008ed87a7ee36589d96687339971390af551a27005a29c394a0654d195e21
packed-4-lr0.0040-beta20.95-seed42,packed-4,0.004,0.95,42,complete,3.7721831568657542,408068096,packed-4-lr0.0040-beta20.95-seed42/attempt-001,5d2e3187b0df00f71885b55217c137a734e3d8c5c5e5cecc8e35ef24204050e9
packed-4-lr0.0040-beta20.95-seed43,packed-4,0.004,0.95,43,complete,3.767037372041985,408068096,packed-4-lr0.0040-beta20.95-seed43/attempt-001,3cf069d2608f6d55b8e6d180fcfcb3ba539de1244d651a9970bc58f1c014b225
packed-4-lr0.0040-beta20.95-seed44,packed-4,0.004,0.95,44,complete,3.7686322666189525,408068096,packed-4-lr0.0040-beta20.95-seed44/attempt-001,87b0b725e2b5c2e30828e217ad908546679a43196409fa0d477d7c06c8c34e61
packed-4-lr0.0040-beta20.98-seed42,packed-4,0.004,0.98,42,complete,3.676776879153307,408068096,packed-4-lr0.0040-beta20.98-seed42/attempt-001,6cdfa6e5830cd42bf5af825cbb2130d33dc7a2d86b3cfab489d144593e4675cf
packed-4-lr0.0040-beta20.98-seed43,packed-4,0.004,0.98,43,complete,3.6843489830877285,408068096,packed-4-lr0.0040-beta20.98-seed43/attempt-001,923262905e5e6ca7424b65f0344cfa568599d9999af2ddedc6fcb5386d15c1ba
packed-4-lr0.0040-beta20.98-seed44,packed-4,0.004,0.98,44,complete,3.671924991642262,408068096,packed-4-lr0.0040-beta20.98-seed44/attempt-001,12de75c61e88dda664f1aecb6c872319c2e5d37004cc1d70f096e9b7b2c9c463
packed-4-lr0.0040-beta20.999-seed42,packed-4,0.004,0.999,42,complete,3.589763796889349,408068096,packed-4-lr0.0040-beta20.999-seed42/attempt-001,d74d5a504240ee1072799575bab5fe99ed4f1fd36a3de3163571b8718bed7214
packed-4-lr0.0040-beta20.999-seed43,packed-4,0.004,0.999,43,complete,3.5960399876538878,408068096,packed-4-lr0.0040-beta20.999-seed43/attempt-001,211c5871526f808077dddcfc566aa34563dc31b8e72c888bc43d3f5c9fd48448
packed-4-lr0.0040-beta20.999-seed44,packed-4,0.004,0.999,44,complete,3.5945963344697747,408068096,packed-4-lr0.0040-beta20.999-seed44/attempt-001,300b105edd074dd8734318899245faef632aeb576660b906811f3f3798e9680a
packed-4-lr0.0044-beta20.95-seed42,packed-4,0.0044,0.95,42,complete,3.755671531379124,408068096,packed-4-lr0.0044-beta20.95-seed42/attempt-001,aa1b132b362a0e098999c768afe3747939c542cff5eb39c78bcbda8a0f184ed8
packed-4-lr0.0044-beta20.95-seed43,packed-4,0.0044,0.95,43,complete,3.764907859044823,408068096,packed-4-lr0.0044-beta20.95-seed43/attempt-001,44f891ba24b049e2cd15874888afc3131bc6c7b05dff1aaa2bf7f8a0091a2e32
packed-4-lr0.0044-beta20.95-seed44,packed-4,0.0044,0.95,44,complete,3.7703068917735525,408068096,packed-4-lr0.0044-beta20.95-seed44/attempt-001,e5f6338253f0b1069f77da030b64a25e9eaf7710ad5cbebe85b7627d3467bfdd
packed-4-lr0.0044-beta20.98-seed42,packed-4,0.0044,0.98,42,complete,3.6652586784727137,408068096,packed-4-lr0.0044-beta20.98-seed42/attempt-001,ee7c60ccbe87548deb47600fa4ff171ae608da63798ae225124bf6081e0f3404
packed-4-lr0.0044-beta20.98-seed43,packed-4,0.0044,0.98,43,complete,3.667299272989844,408068096,packed-4-lr0.0044-beta20.98-seed43/attempt-001,cc9bbcbb557d669d0876273146985bdb305e02fff4015c1da4203ba4acac351e
packed-4-lr0.0044-beta20.98-seed44,packed-4,0.0044,0.98,44,complete,3.659880946670043,408068096,packed-4-lr0.0044-beta20.98-seed44/attempt-001,8b039e05c593d068a3c9bfe928679ae8899a2768722a3c276a6873e2fde13462
packed-4-lr0.0044-beta20.999-seed42,packed-4,0.0044,0.999,42,complete,3.5944936882955556,408068096,packed-4-lr0.0044-beta20.999-seed42/attempt-001,a118c4b304e000d104973c6b174d3fbd09e6dd90ec11be661d6e8c7ce5c61f6f
packed-4-lr0.0044-beta20.999-seed43,packed-4,0.0044,0.999,43,complete,3.5920402516604995,408068096,packed-4-lr0.0044-beta20.999-seed43/attempt-001,f99db94964247814e942d6fef9baa02d7c56bd56b01483936d2a4450880782e3
packed-4-lr0.0044-beta20.999-seed44,packed-4,0.0044,0.999,44,complete,3.5927347205883917,408068096,packed-4-lr0.0044-beta20.999-seed44/attempt-001,7110e7bfcd3c6bb12f8b919e56754127339d6ea4ee50ff4ca583a25565e24d36
packed-8-lr0.0040-beta20.95-seed42,packed-8,0.004,0.95,42,complete,3.9170699327142287,408068096,packed-8-lr0.0040-beta20.95-seed42/attempt-001,0959b93e190e4f70f2796e19f167e686b5da3654ed5a99f69606850beab7f52e
packed-8-lr0.0040-beta20.95-seed43,packed-8,0.004,0.95,43,complete,3.921952970558297,408068096,packed-8-lr0.0040-beta20.95-seed43/attempt-001,fc7e1b5a61c252217667aa39393d0791af8c2742e41bb83fb60f9bbab915de94
packed-8-lr0.0040-beta20.95-seed44,packed-8,0.004,0.95,44,complete,3.923811334635717,408068096,packed-8-lr0.0040-beta20.95-seed44/attempt-001,c12d9887893b1ea85b2da5127d5b14e072eb4c23402c43018d22a9ee27733add
packed-8-lr0.0040-beta20.98-seed42,packed-8,0.004,0.98,42,complete,3.761207487831357,408068096,packed-8-lr0.0040-beta20.98-seed42/attempt-001,2658ba76576bbfc238e304e49f6e6045ca40bfacdcc4a37c9bb6f48ea70ab4e4
packed-8-lr0.0040-beta20.98-seed43,packed-8,0.004,0.98,43,complete,3.7842085022255003,408068096,packed-8-lr0.0040-beta20.98-seed43/attempt-001,95887ac3757df90dc44d3bd274d775db2bdbc2b495e9264c94c50b3d65df26ef
packed-8-lr0.0040-beta20.98-seed44,packed-8,0.004,0.98,44,complete,3.772608918323859,408068096,packed-8-lr0.0040-beta20.98-seed44/attempt-001,edb4df7187a2a804342522f9029b418438ea819efc2ba6e1e085a9f658916d28
packed-8-lr0.0040-beta20.999-seed42,packed-8,0.004,0.999,42,complete,3.6242603475034754,408068096,packed-8-lr0.0040-beta20.999-seed42/attempt-001,dc24d370f078753febebf2ffac07775aa8f2f3d27fb3766853a65a462e8c897f
packed-8-lr0.0040-beta20.999-seed43,packed-8,0.004,0.999,43,complete,3.631848118349113,408068096,packed-8-lr0.0040-beta20.999-seed43/attempt-001,9eaeeeaa38281cef45ace4242b6ceac87e770906907bd4621471e82f0135e799
packed-8-lr0.0040-beta20.999-seed44,packed-8,0.004,0.999,44,complete,3.641321667267858,408068096,packed-8-lr0.0040-beta20.999-seed44/attempt-001,f9495ac29f1ea12df7b27356b8be0721221df8115def34d533803ca19080df96
packed-8-lr0.0044-beta20.95-seed42,packed-8,0.0044,0.95,42,complete,3.9173662529526174,408068096,packed-8-lr0.0044-beta20.95-seed42/attempt-001,bd23063ce49b7eadcefc7ab812e2c14cc94d4f158d99d7c8e6952d01d9b22674
packed-8-lr0.0044-beta20.95-seed43,packed-8,0.0044,0.95,43,complete,3.9185209090986124,408068096,packed-8-lr0.0044-beta20.95-seed43/attempt-001,7668568b8f8764c6c23efc8341a5698adc413e4d40f990e4f3b6971704745af7
packed-8-lr0.0044-beta20.95-seed44,packed-8,0.0044,0.95,44,complete,3.9175014024351995,408068096,packed-8-lr0.0044-beta20.95-seed44/attempt-001,d077515f27f02b8aa08b2516a4a79c19a2bab0283f772e74a77a7b1c7631f115
packed-8-lr0.0044-beta20.98-seed42,packed-8,0.0044,0.98,42,complete,3.754047217307017,408068096,packed-8-lr0.0044-beta20.98-seed42/attempt-001,06bbd6bd433e2d64fa2f4ae48f11957f497bb67aea9d74bc6eed640a238ed18e
packed-8-lr0.0044-beta20.98-seed43,packed-8,0.0044,0.98,43,complete,3.782250007703975,408068096,packed-8-lr0.0044-beta20.98-seed43/attempt-001,7bdbf135a28193a9e64ad3acad4e4695bad3b3cebef54a3758568a5f58aa9668
packed-8-lr0.0044-beta20.98-seed44,packed-8,0.0044,0.98,44,complete,3.770786982194311,408068096,packed-8-lr0.0044-beta20.98-seed44/attempt-001,50d2a1265895bfa3c1dcedbd999ba8557cfbf6d12b37c0e2f6cad68bce518215
packed-8-lr0.0044-beta20.999-seed42,packed-8,0.0044,0.999,42,complete,3.6295054877654147,408068096,packed-8-lr0.0044-beta20.999-seed42/attempt-001,88183e98e1e42660290cee919553afa658bb3af8d5f2699ee0586be9c20d1ada
packed-8-lr0.0044-beta20.999-seed43,packed-8,0.0044,0.999,43,complete,3.629233376466889,408068096,packed-8-lr0.0044-beta20.999-seed43/attempt-001,997d1e54824d92df1df1970ca2f0c20f2dcb8cc9fb27d9147ae0b9fb128c027b
packed-8-lr0.0044-beta20.999-seed44,packed-8,0.0044,0.999,44,complete,3.6377627699250246,408068096,packed-8-lr0.0044-beta20.999-seed44/attempt-001,75b1675699fff6517f9397d51cda31d41b78ab907eea3cec9ba0f73aee0a823c
synchronous-lr0.0028-beta20.95-seed42,synchronous,0.0028,0.95,42,complete,3.608437074735801,408071168,synchronous-lr0.0028-beta20.95-seed42/attempt-001,4d00c9b5858884cd3dfdb11567dea5e4413bb368fe433cf3756ff39923625653
synchronous-lr0.0028-beta20.95-seed43,synchronous,0.0028,0.95,43,complete,3.624306684737119,408071168,synchronous-lr0.0028-beta20.95-seed43/attempt-001,d00e5dca3ba548eb938c6f204e6bb502151501058e6bdfea8f9874540adca722
synchronous-lr0.0028-beta20.95-seed44,synchronous,0.0028,0.95,44,complete,3.6090897116898164,408071168,synchronous-lr0.0028-beta20.95-seed44/attempt-001,5c45da3761e9476b794e31caa0936a639d5af1fe42d1eed3f88fa18b4c9c11b2
synchronous-lr0.0028-beta20.98-seed42,synchronous,0.0028,0.98,42,complete,3.5834367882154226,408071168,synchronous-lr0.0028-beta20.98-seed42/attempt-001,9fd2005f1414e4cbf4e1c1194a495bfedde74813dd1d355ffd559c489a469f3a
synchronous-lr0.0028-beta20.98-seed43,synchronous,0.0028,0.98,43,complete,3.5809925928087516,408071168,synchronous-lr0.0028-beta20.98-seed43/attempt-001,3acdccc4262d2e8e2076510934614d60dc541b5d9e596c3913716052ba5fc10a
synchronous-lr0.0028-beta20.98-seed44,synchronous,0.0028,0.98,44,complete,3.58018156866681,408071168,synchronous-lr0.0028-beta20.98-seed44/attempt-001,c0228ee5b008371f292b4ce64eec15a92e4f70f50bcf09822116135203eab5c3
synchronous-lr0.0028-beta20.999-seed42,synchronous,0.0028,0.999,42,complete,3.5602638766922396,408071168,synchronous-lr0.0028-beta20.999-seed42/attempt-001,7ebcce3004bf159a321589089459c301543470d117de71fac7cb800ec48483aa
synchronous-lr0.0028-beta20.999-seed43,synchronous,0.0028,0.999,43,complete,3.5669181933329734,408071168,synchronous-lr0.0028-beta20.999-seed43/attempt-001,467b1df27997604157e7cde0d5bbc4a286cf04ca29fc89fed0c94fec542b21b3
synchronous-lr0.0028-beta20.999-seed44,synchronous,0.0028,0.999,44,complete,3.56592686741891,408071168,synchronous-lr0.0028-beta20.999-seed44/attempt-001,9a56ede7e231544d94e37c641c6ce498dccecdb09793d2bbd9a2aad8aec19646
synchronous-lr0.0030-beta20.95-seed42,synchronous,0.003,0.95,42,complete,3.611888434164541,408071168,synchronous-lr0.0030-beta20.95-seed42/attempt-001,e682bfbfdc40c625bc553546decb65be3fb5e440984340c58240d9d3b88636a7
synchronous-lr0.0030-beta20.95-seed43,synchronous,0.003,0.95,43,complete,3.6102078704450054,408071168,synchronous-lr0.0030-beta20.95-seed43/attempt-001,10d646a07e39f3d8be65199fe70d3a2a21c2fad976dba31979e323f2fad9b5c6
synchronous-lr0.0030-beta20.95-seed44,synchronous,0.003,0.95,44,complete,3.613589551115579,408071168,synchronous-lr0.0030-beta20.95-seed44/attempt-001,7ec347b503fad255a3063647a3e0c16f5225726d79996ec9fc283763fa791cd8
synchronous-lr0.0030-beta20.98-seed42,synchronous,0.003,0.98,42,complete,3.591042782972942,408071168,synchronous-lr0.0030-beta20.98-seed42/attempt-001,ec0af8f9ed8235f3b34be9d46203a185593cf1041373658e8148b85541fbe562
synchronous-lr0.0030-beta20.98-seed43,synchronous,0.003,0.98,43,complete,3.5819747087153644,408071168,synchronous-lr0.0030-beta20.98-seed43/attempt-001,d6b1afd0d1dd66f6b28dfbbaf68ebf54b787b06e7ebcdef3cfd152fdd9470599
synchronous-lr0.0030-beta20.98-seed44,synchronous,0.003,0.98,44,complete,3.594385402370095,408071168,synchronous-lr0.0030-beta20.98-seed44/attempt-001,0fd96f292308464a1268cc198e4a25877fbfc5f4296bf8d231319b417c65bb50
synchronous-lr0.0030-beta20.999-seed42,synchronous,0.003,0.999,42,complete,3.5685586299535865,408071168,synchronous-lr0.0030-beta20.999-seed42/attempt-001,c1fbc85640445b60478451ab846c7f746431ed72799762ae37ee56e396ca11da
synchronous-lr0.0030-beta20.999-seed43,synchronous,0.003,0.999,43,complete,3.570322128842884,408071168,synchronous-lr0.0030-beta20.999-seed43/attempt-001,613b5a020dc915986b1c629ad9489bb2c9891c63210f33ccb0b0151e5a5a0e14
synchronous-lr0.0030-beta20.999-seed44,synchronous,0.003,0.999,44,complete,3.5773486873135796,408071168,synchronous-lr0.0030-beta20.999-seed44/attempt-001,7a90091f1a3a9d2a06b0d410bbd22b6ae7cf57294bd40886840b731dfd0664de
packed-4-lr0.0048-beta20.95-seed42,packed-4,0.0048,0.95,42,complete,3.7532636680141476,408068096,packed-4-lr0.0048-beta20.95-seed42/attempt-001,6e3e90110963d34963a5a2ede5e3611b422fe9402712a3a3abdc7257f02ba67f
packed-4-lr0.0048-beta20.95-seed43,packed-4,0.0048,0.95,43,complete,3.7704486185682593,408068096,packed-4-lr0.0048-beta20.95-seed43/attempt-001,978b77ee2ca68cc3032626f57fbe670c38f65b39163411676b3c5b3bee8caf8b
packed-4-lr0.0048-beta20.95-seed44,packed-4,0.0048,0.95,44,complete,3.7644220267051804,408068096,packed-4-lr0.0048-beta20.95-seed44/attempt-001,cf89c7869b903f6be0a68a2a2c7b7094f4ea2eded9c86bd1f35e66ab49d103cd
packed-4-lr0.0048-beta20.98-seed42,packed-4,0.0048,0.98,42,complete,3.6556375448387213,408068096,packed-4-lr0.0048-beta20.98-seed42/attempt-001,68fed4087829f006493c1c8b71e4a4f7f5839a41e97e28a73252f796440c94c8
packed-4-lr0.0048-beta20.98-seed43,packed-4,0.0048,0.98,43,complete,3.6654760671908058,408068096,packed-4-lr0.0048-beta20.98-seed43/attempt-001,70b84d61f001f469232ebe586416b17c203d48dc093c8635898dc3c80de1091f
packed-4-lr0.0048-beta20.98-seed44,packed-4,0.0048,0.98,44,complete,3.668943266703681,408068096,packed-4-lr0.0048-beta20.98-seed44/attempt-001,3ea75b1ea59ad5d1d45b9a10d694dbd3a382284920184f58c118408b54f22965
packed-4-lr0.0048-beta20.999-seed42,packed-4,0.0048,0.999,42,complete,3.5810224842790896,408068096,packed-4-lr0.0048-beta20.999-seed42/attempt-001,57e5fb57c0303077f297d84378757c3f64df1d4740bf38723405728cc64be069
packed-4-lr0.0048-beta20.999-seed43,packed-4,0.0048,0.999,43,complete,3.5877444513867363,408068096,packed-4-lr0.0048-beta20.999-seed43/attempt-001,9234f5c3686782cecb1657518f57164b298e8bfa93574fd13aa9030c1311018d
packed-4-lr0.0048-beta20.999-seed44,packed-4,0.0048,0.999,44,complete,3.5947002186066257,408068096,packed-4-lr0.0048-beta20.999-seed44/attempt-001,2b0010dcab5bc6d62c453fca458be47a4e9188726acd000ffe589ab828b77b83
packed-4-lr0.0052-beta20.95-seed42,packed-4,0.0052,0.95,42,complete,3.760953899825842,408068096,packed-4-lr0.0052-beta20.95-seed42/attempt-001,bec587b84497426e8c5b891726eaafbd29328cf25d98c26b9f7f2216f14e465f
packed-4-lr0.0052-beta20.95-seed43,packed-4,0.0052,0.95,43,complete,3.764187859829149,408068096,packed-4-lr0.0052-beta20.95-seed43/attempt-001,86834d340d4cf017c1af4fb471c7b415a8e861c4317a563b1fce3714b4b5d47d
packed-4-lr0.0052-beta20.95-seed44,packed-4,0.0052,0.95,44,complete,3.75290339101557,408068096,packed-4-lr0.0052-beta20.95-seed44/attempt-001,52ef3b9857c6c956e11f54beace9d3bd17027760475aa04d431ac0a371611c16
packed-4-lr0.0052-beta20.98-seed42,packed-4,0.0052,0.98,42,complete,3.6677958337141097,408068096,packed-4-lr0.0052-beta20.98-seed42/attempt-001,8b6e0b7d2da04286b7a4ce4ff849a347fd9bdd83fa1e3bc5ccce30d953d1b72f
packed-4-lr0.0052-beta20.98-seed43,packed-4,0.0052,0.98,43,complete,3.669148473498919,408068096,packed-4-lr0.0052-beta20.98-seed43/attempt-001,8e38e76148f656908b3a373eaf567c135ed058c6ffe7102eea291b58d1f452e2
packed-4-lr0.0052-beta20.98-seed44,packed-4,0.0052,0.98,44,complete,3.6664623272539005,408068096,packed-4-lr0.0052-beta20.98-seed44/attempt-001,711d741d2bc0a9b8a2314d45b6f1d68d84ce6a74df322f2ba2b73be4bfc35c0b
packed-4-lr0.0052-beta20.999-seed42,packed-4,0.0052,0.999,42,complete,3.5879076955427753,408068096,packed-4-lr0.0052-beta20.999-seed42/attempt-001,add60ad34195eb2aa0c485167bcee3703b0bc956753a41d07405ed37a00b8a7f
packed-4-lr0.0052-beta20.999-seed43,packed-4,0.0052,0.999,43,complete,3.5906694459235116,408068096,packed-4-lr0.0052-beta20.999-seed43/attempt-001,9154e6ce55f926854b5e47883c193889ea937f2d58f6092479a140d79e504ed1
packed-4-lr0.0052-beta20.999-seed44,packed-4,0.0052,0.999,44,complete,3.5964565356128637,408068096,packed-4-lr0.0052-beta20.999-seed44/attempt-001,657d7ef659c397ed6da680fc572f7d8e9e9c8c27d0bcabd3554112310aca4308
packed-8-lr0.0048-beta20.95-seed42,packed-8,0.0048,0.95,42,complete,3.915006230946106,408068096,packed-8-lr0.0048-beta20.95-seed42/attempt-001,ec7057b668c7a5e3a2adba975e1a9f4adc530bcfaf535fd298f5193bb3d29a1b
packed-8-lr0.0048-beta20.95-seed43,packed-8,0.0048,0.95,43,complete,3.916594454184709,408068096,packed-8-lr0.0048-beta20.95-seed43/attempt-001,a657597a87ff2cdd4a18497593d567c24298465da35b0e1ee153e0862a84f496
packed-8-lr0.0048-beta20.95-seed44,packed-8,0.0048,0.95,44,complete,3.9202105954496558,408068096,packed-8-lr0.0048-beta20.95-seed44/attempt-001,d30929a178e6e1b7e9d8bd46765aa00aede2d36766f2410a4ed0f9e75b373493
packed-8-lr0.0048-beta20.98-seed42,packed-8,0.0048,0.98,42,complete,3.7584901649800986,408068096,packed-8-lr0.0048-beta20.98-seed42/attempt-001,abee99b7247e75cf4261d9842530266408f3fafbafb15f32cd09ca7583973fef
packed-8-lr0.0048-beta20.98-seed43,packed-8,0.0048,0.98,43,complete,3.7768849623596656,408068096,packed-8-lr0.0048-beta20.98-seed43/attempt-001,4f6f8c9597d047dcd842b9fd861241e2e0f786deab01cdf01a8f5912639ef332
packed-8-lr0.0048-beta20.98-seed44,packed-8,0.0048,0.98,44,complete,3.7673633566111158,408068096,packed-8-lr0.0048-beta20.98-seed44/attempt-001,930774f6ac48b4e80b04e06ecd86932b0efd7f1b55f670aee3a8ef0a60b04d44
packed-8-lr0.0048-beta20.999-seed42,packed-8,0.0048,0.999,42,complete,3.6196119885431837,408068096,packed-8-lr0.0048-beta20.999-seed42/attempt-001,2709cd72e2f25dbf77bbc7ffca304a5b61e5baeb13e968cfbcfc98fffd5d2a4e
packed-8-lr0.0048-beta20.999-seed43,packed-8,0.0048,0.999,43,complete,3.6332520005642412,408068096,packed-8-lr0.0048-beta20.999-seed43/attempt-001,4aabc4b083b170c7739910a37b2dfdae7670c087cfcd8d4a2a3cb0c8d500e6bb
packed-8-lr0.0048-beta20.999-seed44,packed-8,0.0048,0.999,44,complete,3.6237526681390153,408068096,packed-8-lr0.0048-beta20.999-seed44/attempt-001,d1203222ce7709faf399935c4316cc5f92cfcd8dbe639a9a5d60bcb7defef083
packed-8-lr0.0052-beta20.95-seed42,packed-8,0.0052,0.95,42,complete,3.900668609165505,408068096,packed-8-lr0.0052-beta20.95-seed42/attempt-001,abc2f13914eeb0f990238a309bc38b58c530ee8f97d9d06b8b8bafd08f484e14
packed-8-lr0.0052-beta20.95-seed43,packed-8,0.0052,0.95,43,complete,3.9214143573550273,408068096,packed-8-lr0.0052-beta20.95-seed43/attempt-001,72fb1bbb33ba388f0d991139630b513caa62c8d1b2a259ab6c628c0e769750a6
packed-8-lr0.0052-beta20.95-seed44,packed-8,0.0052,0.95,44,complete,3.912115888347086,408068096,packed-8-lr0.0052-beta20.95-seed44/attempt-001,e46cf071e93ef50805192fe7adbfecc8f74e2c7543dd6242c5784d0d7dc61445
packed-8-lr0.0052-beta20.98-seed42,packed-8,0.0052,0.98,42,complete,3.7599046033440837,408068096,packed-8-lr0.0052-beta20.98-seed42/attempt-001,a624ae181c03cf244163930d6daeaafea49632ebb9677f623995cb183b851390
packed-8-lr0.0052-beta20.98-seed43,packed-8,0.0052,0.98,43,complete,3.769595741777101,408068096,packed-8-lr0.0052-beta20.98-seed43/attempt-001,380e4b28993dbbcc0aa0a34dea7db25248b80e5fb1d802a71b72364edde4beca
packed-8-lr0.0052-beta20.98-seed44,packed-8,0.0052,0.98,44,complete,3.760263026452015,408068096,packed-8-lr0.0052-beta20.98-seed44/attempt-001,1aed47939ba9d0877b04bd2a727c9f78e415f7bfad07956cc0b839458719ddff
packed-8-lr0.0052-beta20.999-seed42,packed-8,0.0052,0.999,42,complete,3.616152316823034,408068096,packed-8-lr0.0052-beta20.999-seed42/attempt-001,96a7b4f1f4d05519bd2ebcc993f0f2c1590b9d19f3adde3349d3100cbf442e55
packed-8-lr0.0052-beta20.999-seed43,packed-8,0.0052,0.999,43,complete,3.6377318328226185,408068096,packed-8-lr0.0052-beta20.999-seed43/attempt-001,21528ad507eaf47c2c5ab29e5c195ce6520f4d0f2afb337c7d74794a0b8009ed
packed-8-lr0.0052-beta20.999-seed44,packed-8,0.0052,0.999,44,complete,3.618118504678801,408068096,packed-8-lr0.0052-beta20.999-seed44/attempt-001,9621b10dcbf8bd08f17335b5b833589bfef986e27f5137d9f69543cf3279ac18
