mode,lr,beta2,seeds_completed,eligible,mean_loss,std_loss,rank
synchronous,0.0008,0.95,3,True,3.6245615580349364,0.004014164569230975,36
synchronous,0.0008,0.98,3,True,3.6032842209583333,0.007582067904738704,24
synchronous,0.0008,0.999,3,True,3.5887134560613276,0.0071404943578390586,19
synchronous,0.001,0.95,3,True,3.6203938685395616,0.010819578872628554,35
synchronous,0.001,0.98,3,True,3.5965558442894157,0.008589775214016783,23
synchronous,0.001,0.999,3,True,3.581477573306363,0.006323759641441876,11
synchronous,0.0012,0.95,3,True,3.6104850153563413,0.004409711655698562,27
synchronous,0.0012,0.98,3,True,3.5841951561452357,0.0011795319260360724,15
synchronous,0.0012,0.999,3,True,3.5695731271736157,0.00286008535760971,8
synchronous,0.0014,0.95,3,True,3.611655663985648,0.0050447783490834034,29
synchronous,0.0014,0.98,3,True,3.5821550263334894,0.0045189710402875815,13
synchronous,0.0014,0.999,3,True,3.566896473001681,0.002124991383676485,6
synchronous,0.0016,0.95,3,True,3.6177028371461875,0.005189438203781682,34
synchronous,0.0016,0.98,3,True,3.5898229975737608,0.007152055065917762,22
synchronous,0.0016,0.999,3,True,3.570823753713868,0.004557067212833817,9
synchronous,0.0018,0.95,3,True,3.614197211463554,0.011721391890808917,33
synchronous,0.0018,0.98,3,True,3.589763043898741,0.0019202419759559908,21
synchronous,0.0018,0.999,3,True,3.5665118193737344,0.008355818305412812,4
synchronous,0.002,0.95,3,True,3.610756915190311,0.0012281051406474286,28
synchronous,0.002,0.98,3,True,3.5884716012741062,0.004077578454425244,18
synchronous,0.002,0.999,3,True,3.56865202024676,0.007927263964464111,7
synchronous,0.0022,0.95,3,True,3.607315530585755,0.005513146498832029,25
synchronous,0.0022,0.98,3,True,3.5826760497114063,0.008905314018677364,14
synchronous,0.0022,0.999,3,True,3.5645048441324407,0.007246618412486263,2
synchronous,0.0024,0.95,3,True,3.610427889457696,0.004872059540060203,26
synchronous,0.0024,0.98,3,True,3.588001029438905,0.003654413788073852,17
synchronous,0.0024,0.999,3,True,3.5650255942439975,0.00681527564957187,3
synchronous,0.0026,0.95,3,True,3.6131388028625806,0.003952309595965593,31
synchronous,0.0026,0.98,3,True,3.5842560113618296,0.004373242643233418,16
synchronous,0.0026,0.999,3,True,3.5666775448261014,0.005946558365170652,5
synchronous,0.0028,0.95,3,True,3.6139444903875786,0.008979854539560583,32
synchronous,0.0028,0.98,3,True,3.581536983230328,0.0016945159414255373,12
synchronous,0.0028,0.999,3,True,3.5643696458147076,0.003590081730578393,1
synchronous,0.003,0.95,3,True,3.6118952852417086,0.0016908507451507408,30
synchronous,0.003,0.98,3,True,3.589134298019467,0.0064216871117426955,20
synchronous,0.003,0.999,3,True,3.5720764820366835,0.004650225096104241,10
packed-4,0.001,0.95,3,True,3.78946153893921,0.005464322957550627,36
packed-4,0.001,0.98,3,True,3.7071440062096097,0.0043679091124737834,24
packed-4,0.001,0.999,3,True,3.6345789319175412,0.0037441289082661435,12
packed-4,0.0012,0.95,3,True,3.7781559013734185,0.0046717333446142,35
packed-4,0.0012,0.98,3,True,3.693528385791029,0.00798464630417102,23
packed-4,0.0012,0.999,3,True,3.6201193120626782,0.006653471442911327,11
packed-4,0.0016,0.95,3,True,3.7716795918431303,0.008650252759451913,34
packed-4,0.0016,0.98,3,True,3.682722872139238,0.007128096716069916,21
packed-4,0.0016,0.999,3,True,3.60665377015259,0.0018724206298880695,10
packed-4,0.002,0.95,3,True,3.7666382517932346,0.0031696439309282834,29
packed-4,0.002,0.98,3,True,3.6775472202496853,0.006646963532831982,18
packed-4,0.002,0.999,3,True,3.595805916657849,0.003967412559722369,8
packed-4,0.0024,0.95,3,True,3.7673097751551534,0.008563588734362297,31
packed-4,0.0024,0.98,3,True,3.676558451450948,0.009055504497558254,17
packed-4,0.0024,0.999,3,True,3.5964578475757785,0.00387009736622522,9
packed-4,0.0028,0.95,3,True,3.767220616107657,0.005709079062060124,30
packed-4,0.0028,0.98,3,True,3.682826488739727,0.003644301456145159,22
packed-4,0.0028,0.999,3,True,3.593500542164561,0.0008261754283125726,6
packed-4,0.0032,0.95,3,True,3.767469250072204,0.00519478711379425,32
packed-4,0.0032,0.98,3,True,3.674261023773253,0.006857221513906863,16
packed-4,0.0032,0.999,3,True,3.5937711172555336,0.01286986621629334,7
packed-4,0.0036,0.95,3,True,3.7626185666434577,0.007257522058991688,26
packed-4,0.0036,0.98,3,True,3.6804055305957992,0.0071301040138024635,20
packed-4,0.0036,0.999,3,True,3.591064981210916,0.006905794513318017,2
packed-4,0.004,0.95,3,True,3.769284265175564,0.002634122615122738,33
packed-4,0.004,0.98,3,True,3.677683617961099,0.0062614313306483425,19
packed-4,0.004,0.999,3,True,3.5934667063376704,0.003287048435276023,5
packed-4,0.0044,0.95,3,True,3.7636287607325,0.007401048090516906,28
packed-4,0.0044,0.98,3,True,3.6641462993775336,0.0038322228256337035,14
packed-4,0.0044,0.999,3,True,3.5930895535148157,0.0012646215381744879,4
packed-4,0.0048,0.95,3,True,3.7627114377625293,0.008719244077605413,27
packed-4,0.0048,0.98,3,True,3.6633522929110693,0.006902417799609727,13
packed-4,0.0048,0.999,3,True,3.5878223847574837,0.00683920019383638,1
packed-4,0.0052,0.95,3,True,3.7593483835568535,0.005811030112522957,25
packed-4,0.0052,0.98,3,True,3.6678022114889766,0.0013430844796273773,15
packed-4,0.0052,0.999,3,True,3.591677892359717,0.004362727334708023,3
packed-8,0.001,0.95,3,True,3.9837702126629955,0.004232288014355683,36
packed-8,0.001,0.98,3,True,3.8475588140670665,0.006684430047854885,24
packed-8,0.001,0.999,3,True,3.7108188742673867,0.006792182767195946,12
packed-8,0.0012,0.95,3,True,3.9694052395052055,0.0023767056244332944,35
packed-8,0.0012,0.98,3,True,3.833995687100903,0.0076832234076005795,23
packed-8,0.0012,0.999,3,True,3.6893974348681056,0.006961078679489491,11
packed-8,0.0016,0.95,3,True,3.954749674849898,0.0025729162245166698,34
packed-8,0.0016,0.98,3,True,3.8168500408948893,0.005052364466758337,22
packed-8,0.0016,0.999,3,True,3.6669605566116776,0.007702848300134069,10
packed-8,0.002,0.95,3,True,3.9359704820931167,0.009551811906748135,33
packed-8,0.002,0.98,3,True,3.8037064252742976,0.0036645891975923103,21
packed-8,0.002,0.999,3,True,3.660160907778086,0.004759748292226723,9
packed-8,0.0024,0.95,3,True,3.928787362003658,0.007515938758297891,32
packed-8,0.0024,0.98,3,True,3.793102518896317,0.009482958191624745,20
packed-8,0.0024,0.999,3,True,3.653890068495903,0.001180411663199099,8
packed-8,0.0028,0.95,3,True,3.9217223077780785,0.009672347187563823,31
packed-8,0.0028,0.98,3,True,3.783949621401772,0.003074798191312389,19
packed-8,0.0028,0.999,3,True,3.6468550233791346,0.00779937333657905,6
packed-8,0.0032,0.95,3,True,3.920761868475981,0.006718206889233163,29
packed-8,0.0032,0.98,3,True,3.7813071119227315,0.0029511659659560985,18
packed-8,0.0032,0.999,3,True,3.647980475099526,0.0125124281697427,7
packed-8,0.0036,0.95,3,True,3.9165392048942644,0.0056992058651831965,26
packed-8,0.0036,0.98,3,True,3.777609940071142,0.009186453387984534,17
packed-8,0.0036,0.999,3,True,3.638749280257505,0.012406134686425187,5
packed-8,0.004,0.95,3,True,3.9209447459694142,0.0034819552815885998,30
packed-8,0.004,0.98,3,True,3.7726749694602386,0.011500649453590075,16
packed-8,0.004,0.999,3,True,3.6324767110401486,0.008548011733967445,4
packed-8,0.0044,0.95,3,True,3.9177961881621433,0.00063125404749454,28
packed-8,0.0044,0.98,3,True,3.7690280690684346,0.014183429700956374,15
packed-8,0.0044,0.999,3,True,3.632167211385776,0.004847805448273883,3
packed-8,0.0048,0.95,3,True,3.917270426860157,0.002667218919570906,27
packed-8,0.0048,0.98,3,True,3.767579494650293,0.009199303201754818,14
packed-8,0.0048,0.999,3,True,3.6255388857488136,0.006993240450307242,2
packed-8,0.0052,0.95,3,True,3.9113996182892063,0.01039140505815391,25
packed-8,0.0052,0.98,3,True,3.7632544571910667,0.005494636878983233,13
packed-8,0.0052,0.999,3,True,3.624000884774818,0.01193191830300525,1
