kind,left,right,horizon,lr,beta1,beta2,difference,pairedSD,seedDifferences
workers,awc4-cosine-h20--0.01--0.95--0.99,awc8-cosine-h20--0.01--0.95--0.99,20,0.01,0.95,0.99,0.022235185303695133,0.013741199419012506,"[0.00951983598280215,0.0203733417173817,0.03681237821090155]"
workers,awc4-cosine-h20--0.012--0.95--0.99,awc8-cosine-h20--0.012--0.95--0.99,20,0.012,0.95,0.99,0.014961932202095666,0.003154425505536237,"[0.01150161867338495,0.017677011797054387,0.01570716613584766]"
workers,awc4-cosine-h20--0.011--0.95--0.99,awc8-cosine-h20--0.011--0.95--0.99,20,0.011,0.95,0.99,0.013660030709284973,0.005864514590762766,"[0.020219131261122403,0.008922337316784823,0.011838623549947691]"
workers,awc4-cosine-h20--0.009--0.95--0.99,awc8-cosine-h20--0.009--0.95--0.99,20,0.009,0.95,0.99,0.01795100234913205,0.0056074478446851315,"[0.02075145692237612,0.011494930724690544,0.021606619400329485]"
workers,awc4-cosine-h20--0.008--0.95--0.99,awc8-cosine-h20--0.008--0.95--0.99,20,0.008,0.95,0.99,0.022504128681913056,0.005726279605079818,"[0.027726736209624736,0.023404741214635205,0.01638090862147923]"
workers,awc4-cosine-h20--0.011--0.9--0.99,awc8-cosine-h20--0.011--0.9--0.99,20,0.011,0.9,0.99,0.031112383463423487,0.004971173611971232,"[0.03636110756055766,0.030500666091514805,0.026475376738197998]"
workers,sync-cosine-h20--0.011--0.9--0.99,awc4-cosine-h20--0.011--0.9--0.99,20,0.011,0.9,0.99,0.019015616113466322,0.02407413779390695,"[-0.006116596796911011,0.02129371906016919,0.04186972607714079]"
workers,awc4-cosine-h20--0.009--0.9--0.99,awc8-cosine-h20--0.009--0.9--0.99,20,0.009,0.9,0.99,0.033981723270035825,0.004907354368591728,"[0.03964090865960079,0.030902445886421326,0.031401815264085364]"
workers,sync-cosine-h20--0.009--0.9--0.99,awc4-cosine-h20--0.009--0.9--0.99,20,0.009,0.9,0.99,0.028809905470739288,0.004294538214489711,"[0.028981757697435828,0.02443202076196549,0.03301593795281654]"
workers,awc4-cosine-h20--0.007--0.95--0.99,awc8-cosine-h20--0.007--0.95--0.99,20,0.007,0.95,0.99,0.026053306895785333,0.004236376045561158,"[0.028282714234084683,0.028709437244377245,0.02116776920889407]"
workers,awc4-cosine-h20--0.01--0.95--0.999,awc8-cosine-h20--0.01--0.95--0.999,20,0.01,0.95,0.999,0.0075447194690082915,0.0021417664978122383,"[0.010001504862421573,0.006070729787010176,0.006561923757593124]"
workers,awc4-cosine-h20--0.012--0.9--0.99,awc8-cosine-h20--0.012--0.9--0.99,20,0.012,0.9,0.99,0.019916460121906027,0.011097992641670445,"[0.00983934865975078,0.018099046985708522,0.031810984720258784]"
workers,awc4-cosine-h20--0.01--0.9--0.99,awc8-cosine-h20--0.01--0.9--0.99,20,0.01,0.9,0.99,0.028774841997575667,0.005706122800347069,"[0.031039138370595687,0.0330012905363275,0.02228409708580381]"
workers,sync-cosine-h20--0.01--0.9--0.99,awc4-cosine-h20--0.01--0.9--0.99,20,0.01,0.9,0.99,0.03550673401461394,0.00793078572172952,"[0.03881992870375761,0.02645659774217668,0.041243675597907536]"
workers,awc4-cosine-h20--0.008--0.95--0.999,awc8-cosine-h20--0.008--0.95--0.999,20,0.008,0.95,0.999,0.010572529405770137,0.006236964857765217,"[0.011335356484746484,0.016392994756802448,0.003989236975761479]"
workers,awc4-cosine-h20--0.009--0.95--0.999,awc8-cosine-h20--0.009--0.95--0.999,20,0.009,0.95,0.999,0.004901256049301435,0.004542924883442239,"[-0.00034440365234100767,0.007545468545470335,0.007502703254774978]"
workers,awc4-cosine-h20--0.006--0.95--0.99,awc8-cosine-h20--0.006--0.95--0.99,20,0.006,0.95,0.99,0.030402284576095173,0.003029393014411042,"[0.03197625674986648,0.032320696931751325,0.026909900046667712]"
workers,awc4-cosine-h20--0.007--0.95--0.999,awc8-cosine-h20--0.007--0.95--0.999,20,0.007,0.95,0.999,0.012336233071576608,0.004718030568047064,"[0.012936408644584674,0.007346832499365075,0.016725458070780075]"
workers,awc4-cosine-h20--0.01--0.9--0.999,awc8-cosine-h20--0.01--0.9--0.999,20,0.01,0.9,0.999,0.018851126318406426,0.0033578685170248053,"[0.015142197005355573,0.019726732716183193,0.021684449233680514]"
workers,sync-cosine-h20--0.01--0.9--0.999,awc4-cosine-h20--0.01--0.9--0.999,20,0.01,0.9,0.999,-0.40737730281432744,0.7053175956404704,"[-1.2217260754433665,0.009795488784896111,-0.01020132178451183]"
workers,awc4-cosine-h20--0.006--0.95--0.999,awc8-cosine-h20--0.006--0.95--0.999,20,0.006,0.95,0.999,0.023417438075060026,0.003804314843821246,"[0.02774448063410162,0.020597914928087047,0.021909918662991412]"
workers,awc4-cosine-h20--0.007--0.9--0.99,awc8-cosine-h20--0.007--0.9--0.99,20,0.007,0.9,0.99,0.03828814675418964,0.0019875828802835113,"[0.03901732053061302,0.039808159268723387,0.03603896046323252]"
workers,sync-cosine-h20--0.007--0.9--0.99,awc4-cosine-h20--0.007--0.9--0.99,20,0.007,0.9,0.99,0.03773936608519287,0.0037468888055713213,"[0.03507210183681275,0.04202315952587066,0.036122836892895194]"
workers,awc4-cosine-h20--0.011--0.95--0.999,awc8-cosine-h20--0.011--0.95--0.999,20,0.011,0.95,0.999,0.0061354426589456485,0.011038997051297924,"[0.010824432422067876,-0.006474016282443706,0.014055911837212776]"
workers,awc4-cosine-h20--0.009--0.9--0.999,awc8-cosine-h20--0.009--0.9--0.999,20,0.009,0.9,0.999,0.01663970203296043,0.004773622127892344,"[0.020068656339049973,0.011187689262029732,0.018662760497801578]"
workers,sync-cosine-h20--0.009--0.9--0.999,awc4-cosine-h20--0.009--0.9--0.999,20,0.009,0.9,0.999,0.011745878262424311,0.012165410407821679,"[0.007771034953660383,0.025401533540359456,0.0020650662932530928]"
workers,awc4-cosine-h20--0.008--0.9--0.999,awc8-cosine-h20--0.008--0.9--0.999,20,0.008,0.9,0.999,0.019237500703064143,0.005177747255111945,"[0.017878083510519005,0.014875081245599997,0.02495933735307343]"
workers,sync-cosine-h20--0.008--0.9--0.999,awc4-cosine-h20--0.008--0.9--0.999,20,0.008,0.9,0.999,0.017404773559649794,0.023434973743423716,"[0.029997700133152616,0.03185105947812028,-0.009634438932323519]"
workers,awc4-cosine-h20--0.007--0.9--0.999,awc8-cosine-h20--0.007--0.9--0.999,20,0.007,0.9,0.999,0.025613862147848554,0.003823223629646624,"[0.028623089379160138,0.026906649562620455,0.02131184750176507]"
workers,sync-cosine-h20--0.007--0.9--0.999,awc4-cosine-h20--0.007--0.9--0.999,20,0.007,0.9,0.999,0.02153660730110622,0.00564079048968438,"[0.015512375595195582,0.022403964050190073,0.026693482257933]"
workers,awc4-cosine-h20--0.008--0.9--0.99,awc8-cosine-h20--0.008--0.9--0.99,20,0.008,0.9,0.99,0.0323743211251597,0.010023570432479603,"[0.0318701695678949,0.022612339902738032,0.042640453904846165]"
workers,sync-cosine-h20--0.008--0.9--0.99,awc4-cosine-h20--0.008--0.9--0.99,20,0.008,0.9,0.99,0.040960802801746965,0.0028132004576494106,"[0.039186116135949245,0.044204406358729464,0.039491885910562186]"
workers,awc4-cosine-h20--0.006--0.9--0.99,awc8-cosine-h20--0.006--0.9--0.99,20,0.006,0.9,0.99,0.042436682436075866,0.0007142934457533777,"[0.04285685606670686,0.0428412546455359,0.04161193659598483]"
workers,sync-cosine-h20--0.006--0.9--0.99,awc4-cosine-h20--0.006--0.9--0.99,20,0.006,0.9,0.99,0.03191844866626677,0.013754126636156303,"[0.03299566393414244,0.04510229361827056,0.017657388446387312]"
workers,awc4-cosine-h20--0.011--0.9--0.999,awc8-cosine-h20--0.011--0.9--0.999,20,0.011,0.9,0.999,0.011950311409276715,0.006391801031425493,"[0.010887411618053733,0.006156589097691345,0.018806933512085067]"
workers,sync-cosine-h20--0.011--0.9--0.999,awc4-cosine-h20--0.011--0.9--0.999,20,0.011,0.9,0.999,-1.232519040206035,0.06683022574162084,"[-1.1785040599882763,-1.2117974458198986,-1.3072556148099301]"
workers,awc4-cosine-h20--0.005--0.95--0.99,awc8-cosine-h20--0.005--0.95--0.99,20,0.005,0.95,0.99,0.032053880139987445,0.003012620618691022,"[0.02998105502683135,0.035509678988554505,0.03067090640457648]"
workers,awc4-cosine-h20--0.006--0.9--0.999,awc8-cosine-h20--0.006--0.9--0.999,20,0.006,0.9,0.999,0.02705074012286775,0.0029991795415650795,"[0.030399907375585844,0.026139299312456732,0.02461301368056068]"
workers,sync-cosine-h20--0.006--0.9--0.999,awc4-cosine-h20--0.006--0.9--0.999,20,0.006,0.9,0.999,0.015240062912988961,0.02209116760308204,"[0.01524822995454711,0.03732714586304242,-0.006855187078622649]"
workers,awc4-cosine-h20--0.01--0.974--0.99,awc8-cosine-h20--0.01--0.974--0.99,20,0.01,0.974,0.99,0.021977636017884866,0.004909373272241611,"[0.016308951875346978,0.024773755120863328,0.024850201057444288]"
workers,awc4-cosine-h20--0.009--0.974--0.99,awc8-cosine-h20--0.009--0.974--0.99,20,0.009,0.974,0.99,0.01762454452139961,0.0033397623743774024,"[0.021480962305656437,0.015689693170559682,0.01570297808798271]"
workers,awc4-cosine-h20--0.005--0.95--0.999,awc8-cosine-h20--0.005--0.95--0.999,20,0.005,0.95,0.999,0.02144147323535117,0.006248094180001772,"[0.023531632805142255,0.026376536058435818,0.014416250842475442]"
workers,awc4-cosine-h20--0.005--0.9--0.99,awc8-cosine-h20--0.005--0.9--0.99,20,0.005,0.9,0.99,0.04415533670684043,0.0027699715620074622,"[0.042140690269814485,0.04301123196823653,0.04731408788247027]"
workers,sync-cosine-h20--0.005--0.9--0.99,awc4-cosine-h20--0.005--0.9--0.99,20,0.005,0.9,0.99,0.02943680797031985,0.007315445534104403,"[0.03196484241630726,0.02119263854680975,0.03515294294784255]"
workers,awc4-cosine-h20--0.012--0.974--0.99,awc8-cosine-h20--0.012--0.974--0.99,20,0.012,0.974,0.99,0.009953157175732308,0.019811076752218385,"[0.007071977099522453,0.031047064061347385,-0.008259569633672914]"
workers,awc4-cosine-h20--0.011--0.974--0.99,awc8-cosine-h20--0.011--0.974--0.99,20,0.011,0.974,0.99,0.011410166625800263,0.00673412055486096,"[0.008320888131808424,0.019134664158980463,0.006774947586611901]"
workers,awc4-cosine-h20--0.005--0.9--0.999,awc8-cosine-h20--0.005--0.9--0.999,20,0.005,0.9,0.999,0.02890488964262324,0.010059005368712962,"[0.018298933496139647,0.030106787410391078,0.038308948021338995]"
workers,sync-cosine-h20--0.005--0.9--0.999,awc4-cosine-h20--0.005--0.9--0.999,20,0.005,0.9,0.999,0.03243493748122791,0.010908051093341227,"[0.04491979090251297,0.02763539154934458,0.024749629991826172]"
workers,awc4-cosine-h20--0.007--0.974--0.99,awc8-cosine-h20--0.007--0.974--0.99,20,0.007,0.974,0.99,0.0213965632046443,0.008605666696561048,"[0.018154867671400954,0.031152277709241005,0.01488254423329094]"
workers,awc4-cosine-h20--0.008--0.974--0.99,awc8-cosine-h20--0.008--0.974--0.99,20,0.008,0.974,0.99,0.015035477842711161,0.0028278903223352666,"[0.012352050946482063,0.014765863036060978,0.017988519545590442]"
workers,awc4-cosine-h20--0.006--0.974--0.99,awc8-cosine-h20--0.006--0.974--0.99,20,0.006,0.974,0.99,0.03359528198575257,0.00831456309606374,"[0.029228167367889135,0.028374233166451823,0.043183445422916744]"
workers,awc4-cosine-h20--0.01--0.974--0.999,awc8-cosine-h20--0.01--0.974--0.999,20,0.01,0.974,0.999,0.003987985198181961,0.00538209086142335,"[0.010202405388859415,0.0008294106122681555,0.000932139593418313]"
workers,awc4-cosine-h20--0.008--0.974--0.999,awc8-cosine-h20--0.008--0.974--0.999,20,0.008,0.974,0.999,-0.0010694753085340736,0.005090978242513749,"[0.0048061049159833225,-0.0041692136677529135,-0.0038453171738326297]"
workers,awc4-cosine-h20--0.006--0.974--0.999,awc8-cosine-h20--0.006--0.974--0.999,20,0.006,0.974,0.999,0.016376038057123104,0.005892433531548891,"[0.017135652221606623,0.01014063427902201,0.021851827670740676]"
workers,awc4-cosine-h20--0.009--0.974--0.999,awc8-cosine-h20--0.009--0.974--0.999,20,0.009,0.974,0.999,3.902232511550826e-05,0.0075970196871002135,"[-0.006399559480974482,0.008418081282143497,-0.0019014548258224906]"
workers,awc4-cosine-h20--0.005--0.974--0.99,awc8-cosine-h20--0.005--0.974--0.99,20,0.005,0.974,0.99,0.032910505156024485,0.004659672179140696,"[0.037405165143774344,0.03322463344073778,0.028101716883561334]"
workers,awc4-cosine-h20--0.007--0.974--0.999,awc8-cosine-h20--0.007--0.974--0.999,20,0.007,0.974,0.999,-0.0020249453481917534,0.004451441696820723,"[-0.006668518710105431,0.002205572064059691,-0.0016118893985295202]"
workers,awc4-cosine-h20--0.005--0.974--0.999,awc8-cosine-h20--0.005--0.974--0.999,20,0.005,0.974,0.999,0.019319025821262176,0.004582165539403311,"[0.023085758199575146,0.020653583873464054,0.014217735390747333]"
workers,awc4-cosine-h20--0.011--0.974--0.999,awc8-cosine-h20--0.011--0.974--0.999,20,0.011,0.974,0.999,0.0017213429240131954,0.019325774647681673,"[0.0240333886308588,-0.009773837731472668,-0.009095522127346545]"
workers,awc4-cosine-h20--0.012--0.95--0.999,awc8-cosine-h20--0.012--0.95--0.999,20,0.012,0.95,0.999,-0.05613765233213005,0.05587344673646494,"[-0.11598925745010735,-0.005350855697741519,-0.04707284384854127]"
workers,awc4-cosine-h20--0.012--0.974--0.999,awc8-cosine-h20--0.012--0.974--0.999,20,0.012,0.974,0.999,-0.02266911340109153,0.008759144732722993,"[-0.03240389034851798,-0.0154251297185386,-0.02017832013621801]"
workers,awc4-cosine-h20--0.012--0.9--0.999,awc8-cosine-h20--0.012--0.9--0.999,20,0.012,0.9,0.999,-0.11103329260423249,0.17790604813424152,"[0.00532147449148912,-0.0225930165973236,-0.315828335706863]"
workers,awc4-cosine-h40--0.01--0.95--0.99,awc8-cosine-h40--0.01--0.95--0.99,40,0.01,0.95,0.99,0.021007253955753463,0.0030265669317416344,"[0.017774467465609955,0.021473896782616464,0.023773397619033965]"
workers,awc4-cosine-h40--0.008--0.95--0.999,awc8-cosine-h40--0.008--0.95--0.999,40,0.008,0.95,0.999,0.010837682437331075,0.004493794588243502,"[0.01574791257831798,0.0069294948382849775,0.009835639895390269]"
workers,awc4-cosine-h40--0.012--0.95--0.99,awc8-cosine-h40--0.012--0.95--0.99,40,0.012,0.95,0.99,0.016008037339043213,0.006251314460671222,"[0.0113488089179965,0.013562965656590986,0.023112337442542152]"
workers,awc4-cosine-h40--0.011--0.95--0.99,awc8-cosine-h40--0.011--0.95--0.99,40,0.011,0.95,0.99,0.01590526945024573,0.0039059496034720277,"[0.011477910007732905,0.017373758873687084,0.018864139469317198]"
workers,awc4-cosine-h40--0.01--0.95--0.999,awc8-cosine-h40--0.01--0.95--0.999,40,0.01,0.95,0.999,0.01032127595282469,0.00638085387145313,"[0.007849088247404712,0.005546420455330825,0.017568319155738532]"
workers,awc4-cosine-h40--0.012--0.974--0.99,awc8-cosine-h40--0.012--0.974--0.99,40,0.012,0.974,0.99,0.012688468958052054,0.003674054397391575,"[0.010360169996818325,0.016923928204116034,0.010781308673221801]"
workers,awc4-cosine-h40--0.011--0.95--0.999,awc8-cosine-h40--0.011--0.95--0.999,40,0.011,0.95,0.999,0.002631362133929264,0.0016676465009519434,"[0.0007322451503291028,0.0033051292841532742,0.003856711967305415]"
workers,awc4-cosine-h40--0.008--0.95--0.99,awc8-cosine-h40--0.008--0.95--0.99,40,0.008,0.95,0.99,0.02198328782544297,0.002775726872844506,"[0.025177145557456093,0.020153734232942977,0.020618983685929848]"
workers,awc4-cosine-h40--0.009--0.95--0.99,awc8-cosine-h40--0.009--0.95--0.99,40,0.009,0.95,0.99,0.020152100390002186,0.008314724875430285,"[0.01061875182209926,0.023933331339080155,0.02590421800882714]"
workers,awc4-cosine-h40--0.009--0.95--0.999,awc8-cosine-h40--0.009--0.95--0.999,40,0.009,0.95,0.999,0.004767632535407203,0.00528765581996938,"[-0.0008464427716687872,0.005495987215205389,0.009653353162685008]"
workers,awc4-cosine-h40--0.011--0.974--0.99,awc8-cosine-h40--0.011--0.974--0.99,40,0.011,0.974,0.99,0.015424560503412602,0.004100208161853198,"[0.015624541951343662,0.01942111863621543,0.011228020922678716]"
workers,awc4-cosine-h40--0.007--0.95--0.999,awc8-cosine-h40--0.007--0.95--0.999,40,0.007,0.95,0.999,0.00971618055204567,0.0012024878786949654,"[0.00833756468478386,0.010548809162163941,0.010262167809189204]"
workers,awc4-cosine-h40--0.01--0.974--0.99,awc8-cosine-h40--0.01--0.974--0.99,40,0.01,0.974,0.99,0.014827464199012782,0.004858953368717764,"[0.010154832902881328,0.01985344811978118,0.014474111574375836]"
workers,awc4-cosine-h40--0.007--0.95--0.99,awc8-cosine-h40--0.007--0.95--0.99,40,0.007,0.95,0.99,0.021110278604413207,0.004473715170540423,"[0.01745591002632052,0.01977545085225696,0.026099474934662137]"
workers,awc4-cosine-h40--0.008--0.974--0.99,awc8-cosine-h40--0.008--0.974--0.99,40,0.008,0.974,0.99,0.016728795359101767,0.003005778105228646,"[0.01804308192574977,0.013289712081202332,0.018853592070353198]"
workers,awc4-cosine-h40--0.009--0.974--0.99,awc8-cosine-h40--0.009--0.974--0.99,40,0.009,0.974,0.99,0.013872011358454136,0.0026122701810320685,"[0.010969763394224064,0.014611325629831029,0.016034945051307314]"
workers,awc4-cosine-h40--0.006--0.95--0.999,awc8-cosine-h40--0.006--0.95--0.999,40,0.006,0.95,0.999,0.012722218581763034,0.0043200950844357,"[0.017383577491817626,0.011930051841114953,0.008853026412356524]"
workers,awc4-cosine-h40--0.009--0.974--0.999,awc8-cosine-h40--0.009--0.974--0.999,40,0.009,0.974,0.999,0.0038278365389157187,0.003998606433489867,"[-0.000283817916706397,0.007702887952504511,0.004064439580949042]"
workers,awc4-cosine-h40--0.006--0.95--0.99,awc8-cosine-h40--0.006--0.95--0.99,40,0.006,0.95,0.99,0.025694599241098477,0.006465993121450287,"[0.02308241529616062,0.03305803702877386,0.020943345398360957]"
workers,awc4-cosine-h40--0.008--0.974--0.999,awc8-cosine-h40--0.008--0.974--0.999,40,0.008,0.974,0.999,0.007394241695880321,0.00331031345914611,"[0.004230652160754023,0.007118093746960152,0.01083397917992679]"
workers,awc4-cosine-h40--0.011--0.974--0.999,awc8-cosine-h40--0.011--0.974--0.999,40,0.011,0.974,0.999,0.004977664621572379,0.007425960370674691,"[0.007664413552511462,-0.0034177253404346075,0.010686305652640282]"
workers,awc4-cosine-h40--0.01--0.974--0.999,awc8-cosine-h40--0.01--0.974--0.999,40,0.01,0.974,0.999,0.0026249145022303466,0.007075101135973962,"[-0.005420224574813393,0.005417094262052835,0.007877873819451597]"
workers,awc4-cosine-h40--0.007--0.974--0.999,awc8-cosine-h40--0.007--0.974--0.999,40,0.007,0.974,0.999,0.010012663458307388,0.002794770522067927,"[0.007942400241603753,0.01319168170806373,0.00890390842525468]"
workers,awc4-cosine-h40--0.005--0.95--0.999,awc8-cosine-h40--0.005--0.95--0.999,40,0.005,0.95,0.999,0.016113250276225344,0.00332611807128842,"[0.017196836155551676,0.018762451328368623,0.012380463344755732]"
workers,awc4-cosine-h40--0.01--0.9--0.999,awc8-cosine-h40--0.01--0.9--0.999,40,0.01,0.9,0.999,0.0207451539197739,0.0010648426518974036,"[0.019817347324788237,0.0205102932621104,0.02190782117242307]"
workers,sync-cosine-h40--0.01--0.9--0.999,awc4-cosine-h40--0.01--0.9--0.999,40,0.01,0.9,0.999,-0.7583728655754473,0.6636518803059148,"[-1.1615299199212958,0.007592151852125362,-1.1211808286571712]"
workers,awc4-cosine-h40--0.007--0.974--0.99,awc8-cosine-h40--0.007--0.974--0.99,40,0.007,0.974,0.99,0.01553498376414512,0.004420145892569105,"[0.012795139077618867,0.02063419934230959,0.013175612872506903]"
workers,awc4-cosine-h40--0.008--0.9--0.999,awc8-cosine-h40--0.008--0.9--0.999,40,0.008,0.9,0.999,0.021999078242990116,0.006158394163245831,"[0.028015697915654947,0.01570808132809276,0.022273455485222637]"
workers,sync-cosine-h40--0.008--0.9--0.999,awc4-cosine-h40--0.008--0.9--0.999,40,0.008,0.9,0.999,-0.0032322067309481874,0.018658884742293477,"[-0.012804522428418785,0.01827017254989194,-0.015162270314317716]"
workers,awc4-cosine-h40--0.012--0.9--0.99,awc8-cosine-h40--0.012--0.9--0.99,40,0.012,0.9,0.99,0.02411922992627306,0.0016462934773208734,"[0.022847827732976,0.02597883239175358,0.023531029654089597]"
workers,awc4-cosine-h40--0.006--0.974--0.999,awc8-cosine-h40--0.006--0.974--0.999,40,0.006,0.974,0.999,0.009941264421246357,0.005666817888902498,"[0.003719539235957914,0.011297012551798158,0.014807241475983002]"
workers,awc4-cosine-h40--0.009--0.9--0.99,awc8-cosine-h40--0.009--0.9--0.99,40,0.009,0.9,0.99,0.02991746117928562,0.003578125497124796,"[0.032743803284259076,0.031114237406422607,0.025894342847175178]"
workers,sync-cosine-h40--0.009--0.9--0.99,awc4-cosine-h40--0.009--0.9--0.99,40,0.009,0.9,0.99,0.027190105819632954,0.00985479121188634,"[0.025970142794427886,0.0180020937880081,0.03759808087646288]"
workers,awc4-cosine-h40--0.006--0.974--0.99,awc8-cosine-h40--0.006--0.974--0.99,40,0.006,0.974,0.99,0.021294670672237892,0.002441272420372512,"[0.019760692236491906,0.02001349152557852,0.02410982825464325]"
workers,awc4-cosine-h40--0.011--0.9--0.99,awc8-cosine-h40--0.011--0.9--0.99,40,0.011,0.9,0.99,0.0263008631768679,0.0048294868538453885,"[0.021807214578399403,0.025687742550657422,0.03140763240154687]"
workers,sync-cosine-h40--0.011--0.9--0.99,awc4-cosine-h40--0.011--0.9--0.99,40,0.011,0.9,0.99,-0.26295045001333045,0.49242699007040175,"[-0.8314625471402741,0.012370436825865472,0.030240760274417244]"
workers,awc4-cosine-h40--0.007--0.9--0.999,awc8-cosine-h40--0.007--0.9--0.999,40,0.007,0.9,0.999,0.01754568594198617,0.004630733652745952,"[0.014385670556626096,0.015390131931804163,0.022861255337528252]"
workers,sync-cosine-h40--0.007--0.9--0.999,awc4-cosine-h40--0.007--0.9--0.999,40,0.007,0.9,0.999,0.014231422980881092,0.004190236636043984,"[0.009465397389625263,0.01733681594904013,0.015892055603977884]"
workers,awc4-cosine-h40--0.008--0.9--0.99,awc8-cosine-h40--0.008--0.9--0.99,40,0.008,0.9,0.99,0.03317770485691381,0.00696485069026618,"[0.02725762936925058,0.03142354332589736,0.04085194187559349]"
workers,sync-cosine-h40--0.008--0.9--0.99,awc4-cosine-h40--0.008--0.9--0.99,40,0.008,0.9,0.99,0.02515154403130652,0.007387410837700905,"[0.021944537850934864,0.01990959809281101,0.033600496150173687]"
workers,awc4-cosine-h40--0.01--0.9--0.99,awc8-cosine-h40--0.01--0.9--0.99,40,0.01,0.9,0.99,0.025543089077781616,0.009722432039550224,"[0.02500305953038806,0.03552428095982263,0.016101926743134154]"
workers,sync-cosine-h40--0.01--0.9--0.99,awc4-cosine-h40--0.01--0.9--0.99,40,0.01,0.9,0.99,0.030232243812505555,0.002246647558519698,"[0.029297760764399605,0.028603660599896497,0.03279531007322056]"
workers,awc4-cosine-h40--0.007--0.9--0.99,awc8-cosine-h40--0.007--0.9--0.99,40,0.007,0.9,0.99,0.033818153317729006,0.002485004661705428,"[0.034149337952034564,0.03118416360100751,0.036120958400144954]"
workers,sync-cosine-h40--0.007--0.9--0.99,awc4-cosine-h40--0.007--0.9--0.99,40,0.007,0.9,0.99,0.026597953570862476,0.0011802553724996005,"[0.027684195177865245,0.025342048001301798,0.026767617533420385]"
workers,awc4-cosine-h40--0.006--0.9--0.999,awc8-cosine-h40--0.006--0.9--0.999,40,0.006,0.9,0.999,0.018158420602834163,0.0029812908792383867,"[0.0178374862104258,0.0212871947480342,0.015350580850042483]"
workers,sync-cosine-h40--0.006--0.9--0.999,awc4-cosine-h40--0.006--0.9--0.999,40,0.006,0.9,0.999,0.019475767488280688,0.0028486645637440153,"[0.020904556345426872,0.01619547914179087,0.021327266977624326]"
workers,awc4-cosine-h40--0.005--0.974--0.999,awc8-cosine-h40--0.005--0.974--0.999,40,0.005,0.974,0.999,0.012515810301541771,0.0026193245283434633,"[0.010584593334970194,0.015497271397446166,0.011465566172208952]"
workers,awc4-cosine-h40--0.011--0.9--0.999,awc8-cosine-h40--0.011--0.9--0.999,40,0.011,0.9,0.999,0.006481646661351537,0.0077940538720922365,"[-0.0003191093947894075,0.0047771678295558395,0.014986881549288178]"
workers,sync-cosine-h40--0.011--0.9--0.999,awc4-cosine-h40--0.011--0.9--0.999,40,0.011,0.9,0.999,-0.8609152723845038,0.764156642837872,"[-1.2334925431912476,0.018067384757106897,-1.367320658719371]"
workers,awc4-cosine-h40--0.005--0.95--0.99,awc8-cosine-h40--0.005--0.95--0.99,40,0.005,0.95,0.99,0.021214260521708717,0.0025014854633329253,"[0.018985287041702215,0.023919717859283374,0.02073777666414056]"
workers,awc4-cosine-h40--0.009--0.9--0.999,awc8-cosine-h40--0.009--0.9--0.999,40,0.009,0.9,0.999,0.012479039063983214,0.0009793435471663488,"[0.01263338571162409,0.013372044392601534,0.011431687087724018]"
workers,sync-cosine-h40--0.009--0.9--0.999,awc4-cosine-h40--0.009--0.9--0.999,40,0.009,0.9,0.999,0.005780981751536185,0.02996357260666554,"[-0.02831887428121327,0.01775985985056261,0.027901959685259214]"
workers,awc4-cosine-h40--0.005--0.974--0.99,awc8-cosine-h40--0.005--0.974--0.99,40,0.005,0.974,0.99,0.02269473366371037,0.00233031540561703,"[0.02433814557725711,0.023718229010715408,0.02002782640315859]"
workers,awc4-cosine-h40--0.012--0.9--0.999,awc8-cosine-h40--0.012--0.9--0.999,40,0.012,0.9,0.999,0.004529103667849495,0.010736105205250287,"[0.005608483743253068,0.014684747143779653,-0.006705919883484235]"
workers,awc4-cosine-h40--0.006--0.9--0.99,awc8-cosine-h40--0.006--0.9--0.99,40,0.006,0.9,0.99,0.0369050472917681,0.001513158249871337,"[0.0385861055351997,0.03647704729120216,0.03565198904890243]"
workers,sync-cosine-h40--0.006--0.9--0.99,awc4-cosine-h40--0.006--0.9--0.99,40,0.006,0.9,0.99,0.02160989760030141,0.012891188867839203,"[0.019245256762549623,0.03551971210511695,0.010064723933237651]"
workers,awc4-cosine-h40--0.012--0.95--0.999,awc8-cosine-h40--0.012--0.95--0.999,40,0.012,0.95,0.999,-0.020852243576098495,0.024953425044523577,"[-0.04937774164865294,-0.0030687856286535364,-0.010110203450989008]"
workers,awc4-cosine-h40--0.005--0.9--0.999,awc8-cosine-h40--0.005--0.9--0.999,40,0.005,0.9,0.999,0.017149740602309265,0.0027235359175611915,"[0.018460092140319073,0.018970424689873866,0.014018704976734853]"
workers,sync-cosine-h40--0.005--0.9--0.999,awc4-cosine-h40--0.005--0.9--0.999,40,0.005,0.9,0.999,0.01799224326466531,0.004564476251834176,"[0.01419183392194201,0.023055059210648654,0.016729836661405262]"
workers,awc4-cosine-h40--0.012--0.974--0.999,awc8-cosine-h40--0.012--0.974--0.999,40,0.012,0.974,0.999,-0.02023836391043199,0.03425392497484095,"[-0.059325868720289776,0.004545293263339634,-0.005934516274345825]"
workers,awc4-cosine-h40--0.005--0.9--0.99,awc8-cosine-h40--0.005--0.9--0.99,40,0.005,0.9,0.99,0.029829699417737388,0.00942894571607869,"[0.039425948855416504,0.029485675603024397,0.02057747379477126]"
workers,sync-cosine-h40--0.005--0.9--0.99,awc4-cosine-h40--0.005--0.9--0.99,40,0.005,0.9,0.99,0.031670856913684986,0.00866463709330823,"[0.026911376106351526,0.02642915107715549,0.041672043557547944]"
workers,awc4-cosine-h80--0.01--0.974--0.999,awc8-cosine-h80--0.01--0.974--0.999,80,0.01,0.974,0.999,0.007406812628512505,0.0013055071506965985,"[0.007484046829617785,0.008671988103162942,0.006064402952756787]"
workers,awc4-cosine-h80--0.009--0.95--0.999,awc8-cosine-h80--0.009--0.95--0.999,80,0.009,0.95,0.999,0.00875785437777458,0.004045570055734531,"[0.007439696323890299,0.013298103535565264,0.005535763273868177]"
workers,awc4-cosine-h80--0.009--0.974--0.999,awc8-cosine-h80--0.009--0.974--0.999,80,0.009,0.974,0.999,0.0037107098819827065,0.003554794387273662,"[7.85847667281736e-05,0.003870779234266042,0.0071827656449539035]"
workers,awc4-cosine-h80--0.011--0.95--0.999,awc8-cosine-h80--0.011--0.95--0.999,80,0.011,0.95,0.999,0.007670406085438379,0.0017641125534543043,"[0.005961015853640728,0.00948457078284104,0.007565631619833368]"
workers,awc4-cosine-h80--0.011--0.974--0.99,awc8-cosine-h80--0.011--0.974--0.99,80,0.011,0.974,0.99,0.016245098179690814,0.004460705548980259,"[0.012953279675326446,0.021321873531773505,0.014460141331972487]"
workers,awc4-cosine-h80--0.011--0.974--0.999,awc8-cosine-h80--0.011--0.974--0.999,80,0.011,0.974,0.999,0.002888465364534909,0.005492101888542891,"[0.0043017421759588,-0.003172159373327599,0.007535813290973525]"
workers,awc4-cosine-h80--0.01--0.95--0.999,awc8-cosine-h80--0.01--0.95--0.999,80,0.01,0.95,0.999,0.008047287287859639,0.003132219601479457,"[0.010620745496094042,0.008961418076999017,0.0045596982904858585]"
workers,awc4-cosine-h80--0.008--0.974--0.999,awc8-cosine-h80--0.008--0.974--0.999,80,0.008,0.974,0.999,0.005076841609639171,0.0023774891972902705,"[0.0023355644108820073,0.00631901086281994,0.006575949555215566]"
workers,awc4-cosine-h80--0.012--0.974--0.999,awc8-cosine-h80--0.012--0.974--0.999,80,0.012,0.974,0.999,0.0006461687329519054,0.0021864530030707707,"[-0.0017840673909059745,0.0024537739435679384,0.0012687996461937523]"
workers,awc4-cosine-h80--0.008--0.95--0.999,awc8-cosine-h80--0.008--0.95--0.999,80,0.008,0.95,0.999,0.005801083359745866,0.003309419787786513,"[0.008425180227132234,0.002083240659137342,0.006894829192968022]"
workers,awc4-cosine-h80--0.007--0.974--0.999,awc8-cosine-h80--0.007--0.974--0.999,80,0.007,0.974,0.999,0.00559409517129265,0.0037993506714832366,"[0.005705238487984765,0.00933665475044565,0.0017403922754475332]"
workers,awc4-cosine-h80--0.01--0.974--0.99,awc8-cosine-h80--0.01--0.974--0.99,80,0.01,0.974,0.99,0.015959703873518194,0.0009342707826078382,"[0.015211532361120828,0.01700687315816074,0.015660706101273014]"
workers,awc4-cosine-h80--0.006--0.95--0.999,awc8-cosine-h80--0.006--0.95--0.999,80,0.006,0.95,0.999,0.01086424031215009,0.003184685920994181,"[0.010671791259142527,0.014140786667789396,0.007780143009518348]"
workers,awc4-cosine-h80--0.007--0.95--0.999,awc8-cosine-h80--0.007--0.95--0.999,80,0.007,0.95,0.999,0.00565012771609726,0.0011137534117554744,"[0.006932005342623615,0.005098849234951075,0.004919528570717091]"
workers,awc4-cosine-h80--0.009--0.974--0.99,awc8-cosine-h80--0.009--0.974--0.99,80,0.009,0.974,0.99,0.014533764769196692,0.00169975309101007,"[0.01324745787326087,0.013893087427107265,0.016460749007221942]"
workers,awc4-cosine-h80--0.012--0.974--0.99,awc8-cosine-h80--0.012--0.974--0.99,80,0.012,0.974,0.99,0.013166235362024103,0.00343779466440162,"[0.013431585916535926,0.0164636656176933,0.009603454551843082]"
workers,awc4-cosine-h80--0.009--0.95--0.99,awc8-cosine-h80--0.009--0.95--0.99,80,0.009,0.95,0.99,0.019013349972109683,0.0034792073446601158,"[0.018684427173881968,0.015710284717866507,0.022645338024580575]"
workers,awc4-cosine-h80--0.011--0.95--0.99,awc8-cosine-h80--0.011--0.95--0.99,80,0.011,0.95,0.99,0.018176729040941513,0.00181187581474602,"[0.019605827938642406,0.016138868886510505,0.018785490297671625]"
workers,awc4-cosine-h80--0.006--0.974--0.999,awc8-cosine-h80--0.006--0.974--0.999,80,0.006,0.974,0.999,0.006708795233991409,0.0012888730795740835,"[0.006448680482451508,0.00810788730285461,0.005569817916668107]"
workers,awc4-cosine-h80--0.01--0.95--0.99,awc8-cosine-h80--0.01--0.95--0.99,80,0.01,0.95,0.99,0.016057114110292314,0.0009696402656242114,"[0.01700522289385642,0.015067288891867037,0.016098830545153486]"
workers,awc4-cosine-h80--0.007--0.974--0.99,awc8-cosine-h80--0.007--0.974--0.99,80,0.007,0.974,0.99,0.015442031915319157,0.0030549308023097065,"[0.017061338708768137,0.017346413584399478,0.011918343452789859]"
workers,awc4-cosine-h80--0.012--0.95--0.99,awc8-cosine-h80--0.012--0.95--0.99,80,0.012,0.95,0.99,0.015554479714739777,0.0025339961775392144,"[0.017323076765163314,0.016688889930953632,0.012651472448102385]"
workers,awc4-cosine-h80--0.008--0.974--0.99,awc8-cosine-h80--0.008--0.974--0.99,80,0.008,0.974,0.99,0.011741566379144105,0.001381064570437295,"[0.012731650506035752,0.012329178191124335,0.010163870440272227]"
workers,awc4-cosine-h80--0.005--0.974--0.999,awc8-cosine-h80--0.005--0.974--0.999,80,0.005,0.974,0.999,0.0066760035663741375,0.005311787236470994,"[0.011374647609988298,0.0009124258776473937,0.00774093721148672]"
workers,awc4-cosine-h80--0.008--0.95--0.99,awc8-cosine-h80--0.008--0.95--0.99,80,0.008,0.95,0.99,0.018841626066463373,0.003354424864224059,"[0.015089089188739635,0.019886620539825817,0.021549168470824664]"
workers,awc4-cosine-h80--0.006--0.95--0.99,awc8-cosine-h80--0.006--0.95--0.99,80,0.006,0.95,0.99,0.02303391604001126,0.001264067850869432,"[0.022595824125501984,0.024458749763596632,0.022047174230935163]"
workers,awc4-cosine-h80--0.005--0.95--0.999,awc8-cosine-h80--0.005--0.95--0.999,80,0.005,0.95,0.999,0.009947440324541793,0.0011728360671433462,"[0.009836870392698316,0.011171645800173824,0.00883380478075324]"
workers,awc4-cosine-h80--0.006--0.974--0.99,awc8-cosine-h80--0.006--0.974--0.99,80,0.006,0.974,0.99,0.016548824679264218,0.0027932012410964904,"[0.013589381990981142,0.01691802929487851,0.019139062751933]"
workers,awc4-cosine-h80--0.007--0.95--0.99,awc8-cosine-h80--0.007--0.95--0.99,80,0.007,0.95,0.99,0.016572360163135052,0.0020289365969255136,"[0.014444431011089165,0.018485160328214345,0.016787489150101642]"
workers,awc4-cosine-h80--0.005--0.974--0.99,awc8-cosine-h80--0.005--0.974--0.99,80,0.005,0.974,0.99,0.01995786395695894,0.0008890981426138511,"[0.019047880895421976,0.0200012201782771,0.02082449079717774]"
workers,awc4-cosine-h80--0.007--0.9--0.999,awc8-cosine-h80--0.007--0.9--0.999,80,0.007,0.9,0.999,0.014039064400307222,0.0051145387652474115,"[0.017309666113104694,0.008145139340201002,0.01666238774761597]"
workers,sync-cosine-h80--0.007--0.9--0.999,awc4-cosine-h80--0.007--0.9--0.999,80,0.007,0.9,0.999,-0.009152444014626226,0.007742859650425494,"[-0.018083785017958043,-0.0043328858502196255,-0.005040661175701011]"
workers,awc4-cosine-h80--0.01--0.9--0.999,awc8-cosine-h80--0.01--0.9--0.999,80,0.01,0.9,0.999,0.013288367219095468,0.0028996523281597493,"[0.01663440030406038,0.011510324156426943,0.011720377196799081]"
workers,sync-cosine-h80--0.01--0.9--0.999,awc4-cosine-h80--0.01--0.9--0.999,80,0.01,0.9,0.999,-0.8131397575913827,0.7037904688338243,"[-1.2940198827580836,-1.1400503387338308,-0.005349051282233841]"
workers,awc4-cosine-h80--0.006--0.9--0.999,awc8-cosine-h80--0.006--0.9--0.999,80,0.006,0.9,0.999,0.018658500604777768,0.004304768027389967,"[0.02296990377922592,0.018645199486690522,0.014360398548416864]"
workers,sync-cosine-h80--0.006--0.9--0.999,awc4-cosine-h80--0.006--0.9--0.999,80,0.006,0.9,0.999,0.003177041357201945,0.01817319828190515,"[-0.013905611594884792,0.02227309956277601,0.001163636103714616]"
workers,awc4-cosine-h80--0.009--0.9--0.999,awc8-cosine-h80--0.009--0.9--0.999,80,0.009,0.9,0.999,0.011611704208099946,0.005397477634072478,"[0.005580248504812424,0.013267681573524648,0.015987182545962764]"
workers,sync-cosine-h80--0.009--0.9--0.999,awc4-cosine-h80--0.009--0.9--0.999,80,0.009,0.9,0.999,-0.00025808441302406965,0.008920757265739791,"[-0.0029520778380129897,0.009699179993557294,-0.0075213553946165135]"
workers,awc4-cosine-h80--0.008--0.9--0.999,awc8-cosine-h80--0.008--0.9--0.999,80,0.008,0.9,0.999,0.017977961865116576,0.004289438041816464,"[0.020420615606582704,0.013025099018534103,0.020488170970232922]"
workers,sync-cosine-h80--0.008--0.9--0.999,awc4-cosine-h80--0.008--0.9--0.999,80,0.008,0.9,0.999,-0.0028783761554156406,0.019343138195761812,"[-0.022811474926890174,0.0158151816115093,-0.001638835150866047]"
workers,awc4-cosine-h80--0.011--0.9--0.999,awc8-cosine-h80--0.011--0.9--0.999,80,0.011,0.9,0.999,0.014145310049476537,0.002190981016909288,"[0.014754282685341735,0.0159673848200228,0.011714262643065076]"
workers,sync-cosine-h80--0.011--0.9--0.999,awc4-cosine-h80--0.011--0.9--0.999,80,0.011,0.9,0.999,-1.355868350780716,0.14153906114302325,"[-1.2650688655067839,-1.283582512590037,-1.5189536742453273]"
workers,awc4-cosine-h80--0.012--0.95--0.999,awc8-cosine-h80--0.012--0.95--0.999,80,0.012,0.95,0.999,-0.008131261453916702,0.024667940800668767,"[0.0010759236034885156,-0.036078549294936924,0.010608841329698304]"
workers,awc4-cosine-h80--0.012--0.9--0.99,awc8-cosine-h80--0.012--0.9--0.99,80,0.012,0.9,0.99,0.027053643703611147,0.0004666289843482451,"[0.0275455645265672,0.026617280989125636,0.02699808559514061]"
workers,awc4-cosine-h80--0.005--0.95--0.99,awc8-cosine-h80--0.005--0.95--0.99,80,0.005,0.95,0.99,0.01824865127500752,0.0016862664972988836,"[0.016329071572888765,0.018925766356547413,0.019491115895586386]"
workers,awc4-cosine-h80--0.01--0.9--0.99,awc8-cosine-h80--0.01--0.9--0.99,80,0.01,0.9,0.99,0.026678848850948327,0.0015744435069584895,"[0.02845490016116603,0.025454514313695054,0.026127132077983894]"
workers,sync-cosine-h80--0.01--0.9--0.99,awc4-cosine-h80--0.01--0.9--0.99,80,0.01,0.9,0.99,0.02501587772627308,0.004971458395224415,"[0.02100248164898222,0.023468017069308456,0.030577134460528566]"
workers,awc4-cosine-h80--0.011--0.9--0.99,awc8-cosine-h80--0.011--0.9--0.99,80,0.011,0.9,0.99,0.029082452704825457,0.007491303656372091,"[0.03773124139516382,0.024622149881700306,0.024893966837612247]"
workers,sync-cosine-h80--0.011--0.9--0.99,awc4-cosine-h80--0.011--0.9--0.99,80,0.011,0.9,0.99,-0.2696484700041412,0.4896024118486611,"[0.01798249313628064,0.008035566183629328,-0.8349634693323336]"
workers,awc4-cosine-h80--0.009--0.9--0.99,awc8-cosine-h80--0.009--0.9--0.99,80,0.009,0.9,0.99,0.027704230046876017,0.002999871614181827,"[0.030681232638166467,0.024682000815721583,0.027749456686740004]"
workers,sync-cosine-h80--0.009--0.9--0.99,awc4-cosine-h80--0.009--0.9--0.99,80,0.009,0.9,0.99,0.023249175560545215,0.004892686101359401,"[0.028354167988658308,0.01860081042928119,0.022792548263696144]"
workers,awc4-cosine-h80--0.005--0.9--0.999,awc8-cosine-h80--0.005--0.9--0.999,80,0.005,0.9,0.999,0.014470495504380695,0.0052141115289140085,"[0.009946960705172536,0.013291306100097433,0.020173219707872114]"
workers,sync-cosine-h80--0.005--0.9--0.999,awc4-cosine-h80--0.005--0.9--0.999,80,0.005,0.9,0.999,0.008647754669271368,0.013580011127855647,"[0.013335263915197793,0.019263056533363798,-0.006655056440747487]"
workers,awc4-cosine-h80--0.007--0.9--0.99,awc8-cosine-h80--0.007--0.9--0.99,80,0.007,0.9,0.99,0.0294076953471006,0.005872160316864002,"[0.02781530896058859,0.03591182126455639,0.024495955816156822]"
workers,sync-cosine-h80--0.007--0.9--0.99,awc4-cosine-h80--0.007--0.9--0.99,80,0.007,0.9,0.99,0.025955315519438305,0.004773461323283293,"[0.02045418524710918,0.028407372196711744,0.02900438911449399]"
workers,awc4-cosine-h80--0.008--0.9--0.99,awc8-cosine-h80--0.008--0.9--0.99,80,0.008,0.9,0.99,0.024730738104210708,0.0010494762983556446,"[0.024959408719506637,0.023585780259895994,0.02564702533322949]"
workers,sync-cosine-h80--0.008--0.9--0.99,awc4-cosine-h80--0.008--0.9--0.99,80,0.008,0.9,0.99,0.025760239863029444,0.00559498788580696,"[0.01931133050867251,0.02932020243399336,0.028649186646422464]"
workers,awc4-cosine-h80--0.006--0.9--0.99,awc8-cosine-h80--0.006--0.9--0.99,80,0.006,0.9,0.99,0.02783279319411817,0.004601067311012263,"[0.024633468552357485,0.03310574583539694,0.025759165194600087]"
workers,sync-cosine-h80--0.006--0.9--0.99,awc4-cosine-h80--0.006--0.9--0.99,80,0.006,0.9,0.99,0.025308907025899902,0.004752594477671311,"[0.02603937905824072,0.029653974845647912,0.02023336717381108]"
workers,awc4-cosine-h80--0.005--0.9--0.99,awc8-cosine-h80--0.005--0.9--0.99,80,0.005,0.9,0.99,0.027577806693034262,0.0019484069551218876,"[0.02900021704145228,0.025357015064427113,0.028376187973223388]"
workers,sync-cosine-h80--0.005--0.9--0.99,awc4-cosine-h80--0.005--0.9--0.99,80,0.005,0.9,0.99,0.024825171993675916,0.0026106638687832234,"[0.022551362151511878,0.02767610942233434,0.024248044407181535]"
workers,awc4-cosine-h80--0.012--0.9--0.999,awc8-cosine-h80--0.012--0.9--0.999,80,0.012,0.9,0.999,-0.0037112038901788344,0.014634072074785055,"[0.004189023520603019,-0.020597540793762192,0.00527490560262267]"
schedule,awc8-cosine-h20--0.01--0.95--0.999,awc8-wsd-h20--0.01--0.95--0.999,20,0.01,0.95,0.999,0.005893195013904655,0.010792270653454936,"[-0.004487085521426515,0.005111699168804051,0.017054971394336427]"
schedule,awc8-cosine-h20--0.008--0.95--0.999,awc8-wsd-h20--0.008--0.95--0.999,20,0.008,0.95,0.999,-0.0015267940780430145,0.010195624535614517,"[0.009984565102339804,-0.009419578494017866,-0.005145368842450981]"
workers,sync-cosine-h20--0.01--0.9--0.999,awc8-cosine-h20--0.01--0.9--0.999,20,0.01,0.9,0.999,-0.38852617649592097,0.7085161642535994,"[-1.206583878438011,0.029522221501079304,0.011483127449168684]"
schedule,awc8-cosine-h20--0.01--0.9--0.999,awc8-wsd-h20--0.01--0.9--0.999,20,0.01,0.9,0.999,0.012167892269349778,0.004246737824680664,"[0.007393635226649042,0.015524368209967498,0.013585673371432794]"
workers,sync-cosine-h20--0.011--0.9--0.999,awc8-cosine-h20--0.011--0.9--0.999,20,0.011,0.9,0.999,-1.2205687287967584,0.061783703910182744,"[-1.1676166483702226,-1.2056408567222072,-1.288448681297845]"
workers,sync-cosine-h20--0.009--0.9--0.999,awc8-cosine-h20--0.009--0.9--0.999,20,0.009,0.9,0.999,0.028385580295384738,0.00794477607988578,"[0.027839691292710356,0.03658922280238919,0.02072782679105467]"
workers,sync-cosine-h20--0.011--0.9--0.99,awc8-cosine-h20--0.011--0.9--0.99,20,0.011,0.9,0.99,0.05012799957688981,0.01910487920232102,"[0.030244510763646648,0.051794385151684,0.06834510281533879]"
schedule,awc8-cosine-h20--0.006--0.95--0.999,awc8-wsd-h20--0.006--0.95--0.999,20,0.006,0.95,0.999,-0.019472022831462876,0.007135044387943673,"[-0.02658195797562657,-0.012312131528944281,-0.01952197898981778]"
workers,sync-cosine-h20--0.01--0.9--0.99,awc8-cosine-h20--0.01--0.9--0.99,20,0.01,0.9,0.99,0.0642815760121896,0.005241401976506287,"[0.0698590670743533,0.05945788827850418,0.06352777268371135]"
workers,sync-cosine-h20--0.008--0.9--0.999,awc8-cosine-h20--0.008--0.9--0.999,20,0.008,0.9,0.999,0.036642274262713936,0.018470335792873722,"[0.04787578364367162,0.04672614072372028,0.01532489842074991]"
schedule,awc8-cosine-h20--0.008--0.9--0.999,awc8-wsd-h20--0.008--0.9--0.999,20,0.008,0.9,0.999,0.006204206429885358,0.007181850122906492,"[0.008186512772208943,-0.001760598393157231,0.012186704910604362]"
workers,sync-cosine-h20--0.009--0.9--0.99,awc8-cosine-h20--0.009--0.9--0.99,20,0.009,0.9,0.99,0.06279162874077511,0.006791706227681979,"[0.06862266635703662,0.055334466648386815,0.06441775321690191]"
workers,sync-cosine-h20--0.007--0.9--0.999,awc8-cosine-h20--0.007--0.9--0.999,20,0.007,0.9,0.999,0.04715046944895477,0.0026913993517663362,"[0.04413546497435572,0.04931061361281053,0.04800532975969807]"
workers,sync-cosine-h20--0.006--0.9--0.999,awc8-cosine-h20--0.006--0.9--0.999,20,0.006,0.9,0.999,0.042290803035856715,0.02303851607956699,"[0.045648137330132954,0.06346644517549915,0.01775782660193803]"
schedule,awc8-cosine-h20--0.006--0.9--0.999,awc8-wsd-h20--0.006--0.9--0.999,20,0.006,0.9,0.999,-0.01634257854639924,0.0032362509242743333,"[-0.02004043739075856,-0.014027065776615277,-0.014960232471823875]"
workers,sync-cosine-h20--0.007--0.9--0.99,awc8-cosine-h20--0.007--0.9--0.99,20,0.007,0.9,0.99,0.07602751283938251,0.005117817622811223,"[0.07408942236742577,0.08183131879459404,0.07216179735612771]"
workers,sync-cosine-h20--0.008--0.9--0.99,awc8-cosine-h20--0.008--0.9--0.99,20,0.008,0.9,0.99,0.07333512392690666,0.00790801360725604,"[0.07105628570384415,0.0668167462614675,0.08213233981540835]"
workers,sync-cosine-h20--0.005--0.9--0.999,awc8-cosine-h20--0.005--0.9--0.999,20,0.005,0.9,0.999,0.061339827123851144,0.0031166834858177106,"[0.06321872439865261,0.05774217895973566,0.06305857801316517]"
workers,sync-cosine-h20--0.006--0.9--0.99,awc8-cosine-h20--0.006--0.9--0.99,20,0.006,0.9,0.99,0.07435513110234264,0.014395638209999199,"[0.0758525200008493,0.08794354826380646,0.059269325042372145]"
workers,sync-cosine-h20--0.005--0.9--0.99,awc8-cosine-h20--0.005--0.9--0.99,20,0.005,0.9,0.99,0.07359214467716028,0.009142397476104978,"[0.07410553268612174,0.06420387051504628,0.08246703083031282]"
schedule,awc8-cosine-h40--0.006--0.95--0.999,awc8-wsd-h40--0.006--0.95--0.999,40,0.006,0.95,0.999,0.012252574510403994,0.006170105495530798,"[0.007792420166570668,0.019294145135279717,0.009671158229361598]"
workers,sync-cosine-h40--0.011--0.9--0.999,awc8-cosine-h40--0.011--0.9--0.999,40,0.011,0.9,0.999,-0.8544336257231523,0.7620529017777702,"[-1.233811652586037,0.022844552586662736,-1.3523337771700827]"
workers,sync-cosine-h40--0.01--0.9--0.999,awc8-cosine-h40--0.01--0.9--0.999,40,0.01,0.9,0.999,-0.7376277116556733,0.6634811858009773,"[-1.1417125725965076,0.028102445114235763,-1.099273007484748]"
workers,sync-cosine-h40--0.009--0.9--0.999,awc8-cosine-h40--0.009--0.9--0.999,40,0.009,0.9,0.999,0.0182600208155194,0.02968232387621009,"[-0.01568548856958918,0.031131904243164144,0.03933364677298323]"
workers,sync-cosine-h40--0.007--0.9--0.999,awc8-cosine-h40--0.007--0.9--0.999,40,0.007,0.9,0.999,0.03177710892286726,0.007496389604801313,"[0.02385106794625136,0.03272694788084429,0.038753310941506136]"
workers,sync-cosine-h40--0.008--0.9--0.999,awc8-cosine-h40--0.008--0.9--0.999,40,0.008,0.9,0.999,0.018766871512041927,0.013781947463742235,"[0.015211175487236162,0.0339782538779847,0.007111185170904921]"
workers,sync-cosine-h40--0.006--0.9--0.999,awc8-cosine-h40--0.006--0.9--0.999,40,0.006,0.9,0.999,0.03763418809111485,0.0010404049134168575,"[0.038742042555852674,0.03748267388982507,0.03667784782766681]"
schedule,awc8-cosine-h40--0.006--0.9--0.999,awc8-wsd-h40--0.006--0.9--0.999,40,0.006,0.9,0.999,0.014750791551168577,0.001177544484332517,"[0.014117657978226728,0.014025260731034273,0.016109455944244733]"
workers,sync-cosine-h40--0.011--0.9--0.99,awc8-cosine-h40--0.011--0.9--0.99,40,0.011,0.9,0.99,-0.23664958683646256,0.49637769190066355,"[-0.8096553325618747,0.038058179376522894,0.061648392675964114]"
workers,sync-cosine-h40--0.01--0.9--0.99,awc8-cosine-h40--0.01--0.9--0.99,40,0.01,0.9,0.99,0.05577533289028717,0.0077216728945611775,"[0.054300820294787666,0.06412794155971913,0.04889723681635472]"
workers,sync-cosine-h40--0.005--0.9--0.999,awc8-cosine-h40--0.005--0.9--0.999,40,0.005,0.9,0.999,0.03514198386697457,0.006036774602417049,"[0.03265192606226108,0.04202548390052252,0.030748541638140114]"
workers,sync-cosine-h40--0.009--0.9--0.99,awc8-cosine-h40--0.009--0.9--0.99,40,0.009,0.9,0.99,0.05710756699891858,0.00732143083099342,"[0.05871394607868696,0.04911633119443071,0.06349242372363806]"
workers,sync-cosine-h40--0.008--0.9--0.99,awc8-cosine-h40--0.008--0.9--0.99,40,0.008,0.9,0.99,0.05832924888822033,0.014003684648424644,"[0.049202167220185444,0.05133314141870837,0.07445243802576718]"
workers,sync-cosine-h40--0.007--0.9--0.99,awc8-cosine-h40--0.007--0.9--0.99,40,0.007,0.9,0.99,0.06041610688859148,0.003409800996109866,"[0.06183353312989981,0.056526211602309306,0.06288857593356534]"
workers,sync-cosine-h40--0.006--0.9--0.99,awc8-cosine-h40--0.006--0.9--0.99,40,0.006,0.9,0.99,0.05851494489206951,0.013153352187001385,"[0.05783136229774932,0.07199675939631911,0.045716712982140084]"
workers,sync-cosine-h40--0.005--0.9--0.99,awc8-cosine-h40--0.005--0.9--0.99,40,0.005,0.9,0.99,0.061500556331422374,0.005251459279623529,"[0.06633732496176803,0.055914826680179885,0.062249517352319206]"
schedule,awc8-cosine-h80--0.006--0.95--0.999,awc8-wsd-h80--0.006--0.95--0.999,80,0.006,0.95,0.999,0.029622965876323182,0.003261129004404143,"[0.027046577876975064,0.03328952718172973,0.028532792570264753]"
workers,sync-cosine-h80--0.009--0.9--0.999,awc8-cosine-h80--0.009--0.9--0.999,80,0.009,0.9,0.999,0.011353619795075875,0.010472349146642926,"[0.0026281706667994342,0.022966861567081942,0.00846582715134625]"
workers,sync-cosine-h80--0.01--0.9--0.999,awc8-cosine-h80--0.01--0.9--0.999,80,0.01,0.9,0.999,-0.7998513903722873,0.7021645423400169,"[-1.2773854824540232,-1.1285400145774038,0.00637132591456524]"
workers,sync-cosine-h80--0.007--0.9--0.999,awc8-cosine-h80--0.007--0.9--0.999,80,0.007,0.9,0.999,0.004886620385680995,0.006267371413990937,"[-0.0007741189048533492,0.0038122534899813765,0.011621726571914959]"
workers,sync-cosine-h80--0.011--0.9--0.999,awc8-cosine-h80--0.011--0.9--0.999,80,0.011,0.9,0.999,-1.3417230407312395,0.14360215521925443,"[-1.2503145828214421,-1.2676151277700143,-1.5072394116022623]"
workers,sync-cosine-h80--0.008--0.9--0.999,awc8-cosine-h80--0.008--0.9--0.999,80,0.008,0.9,0.999,0.015099585709700936,0.015949655013927585,"[-0.00239085932030747,0.028840280630043402,0.018849335819366875]"
workers,sync-cosine-h80--0.006--0.9--0.999,awc8-cosine-h80--0.006--0.9--0.999,80,0.006,0.9,0.999,0.021835541961979715,0.016838817705900996,"[0.009064292184341127,0.04091829904946653,0.01552403465213148]"
schedule,awc8-cosine-h80--0.006--0.9--0.999,awc8-wsd-h80--0.006--0.9--0.999,80,0.006,0.9,0.999,0.030152496734955864,0.0023677983662371907,"[0.029892288912431564,0.027925549942482863,0.03263965134995317]"
workers,sync-cosine-h80--0.005--0.9--0.999,awc8-cosine-h80--0.005--0.9--0.999,80,0.005,0.9,0.999,0.02311825017365206,0.009519158959336216,"[0.02328222462037033,0.03255436263346123,0.013518163267124628]"
workers,sync-cosine-h80--0.01--0.9--0.99,awc8-cosine-h80--0.01--0.9--0.99,80,0.01,0.9,0.99,0.051694726577221406,0.004346623311569937,"[0.04945738181014825,0.04892253138300351,0.05670426653851246]"
workers,sync-cosine-h80--0.008--0.9--0.99,awc8-cosine-h80--0.008--0.9--0.99,80,0.008,0.9,0.99,0.05049097796724015,0.005431547831413659,"[0.044270739228179146,0.05290598269388935,0.054296211979651954]"
workers,sync-cosine-h80--0.009--0.9--0.99,awc8-cosine-h80--0.009--0.9--0.99,80,0.009,0.9,0.99,0.05095340560742123,0.007884348795778802,"[0.059035400626824774,0.04328281124500277,0.05054200495043615]"
workers,sync-cosine-h80--0.011--0.9--0.99,awc8-cosine-h80--0.011--0.9--0.99,80,0.011,0.9,0.99,-0.24056601729931573,0.4933391933894596,"[0.05571373453144446,0.032657716065329634,-0.8100695024947213]"
workers,sync-cosine-h80--0.007--0.9--0.99,awc8-cosine-h80--0.007--0.9--0.99,80,0.007,0.9,0.99,0.05536301086653891,0.008185374446172431,"[0.04826949420769777,0.06431919346126813,0.05350034493065081]"
workers,sync-cosine-h80--0.006--0.9--0.99,awc8-cosine-h80--0.006--0.9--0.99,80,0.006,0.9,0.99,0.05314170022001807,0.008651940584811559,"[0.050672847610598204,0.06275972068104485,0.045992532368411165]"
workers,sync-cosine-h80--0.005--0.9--0.99,awc8-cosine-h80--0.005--0.9--0.99,80,0.005,0.9,0.99,0.05240297868671018,0.0007651529338134977,"[0.05155157919296416,0.05303312448676145,0.05262423238040492]"
schedule,sync-cosine-h20--0.008--0.9--0.98,sync-wsd-h20--0.008--0.9--0.98,20,0.008,0.9,0.98,0.020797230405922445,0.0021668737875462814,"[0.020667128830837544,0.023026223705703952,0.018698338681225835]"
schedule,sync-cosine-h20--0.006--0.9--0.98,sync-wsd-h20--0.006--0.9--0.98,20,0.006,0.9,0.98,0.009639327047312296,0.005660893531515311,"[0.007012481499648171,0.005769075696868242,0.016136423945420475]"
schedule,sync-cosine-h20--0.008--0.9--0.999,sync-wsd-h20--0.008--0.9--0.999,20,0.008,0.9,0.999,0.24615307614108195,0.4058684160726103,"[0.7141484394513018,0.03370594216789957,-0.009395153195955519]"
schedule,sync-cosine-h20--0.004--0.9--0.98,sync-wsd-h20--0.004--0.9--0.98,20,0.004,0.9,0.98,-0.009122392505539404,0.005029461745723631,"[-0.014608044786332375,-0.00472844561172403,-0.008030687118561808]"
schedule,sync-cosine-h20--0.006--0.9--0.999,sync-wsd-h20--0.006--0.9--0.999,20,0.006,0.9,0.999,0.015385560569331306,0.021243646568801584,"[-0.0034743982502729587,0.011231763459612853,0.038399316498654024]"
schedule,sync-cosine-h20--0.004--0.9--0.999,sync-wsd-h20--0.004--0.9--0.999,20,0.004,0.9,0.999,-0.010543398874939639,0.021384468318109497,"[0.0012681260375750902,0.0023301196635325816,-0.03522844232592659]"
schedule,sync-cosine-h40--0.004--0.9--0.98,sync-wsd-h40--0.004--0.9--0.98,40,0.004,0.9,0.98,0.011188870825206513,0.0013144968917452441,"[0.012077787912999405,0.011809903664043997,0.009678920898576138]"
schedule,sync-cosine-h40--0.004--0.9--0.999,sync-wsd-h40--0.004--0.9--0.999,40,0.004,0.9,0.999,0.026346665995104896,0.004878102903291427,"[0.02833265676404162,0.029918511071635567,0.020788830149637505]"
schedule,sync-cosine-h80--0.004--0.9--0.999,sync-wsd-h80--0.004--0.9--0.999,80,0.004,0.9,0.999,0.026964043932252785,0.010466165126189702,"[0.03199863958146443,0.03396148453996206,0.014932007675331871]"
schedule,sync-cosine-h80--0.004--0.9--0.98,sync-wsd-h80--0.004--0.9--0.98,80,0.004,0.9,0.98,0.021762744426305918,0.0021603309727697443,"[0.02425418884013686,0.020624532504950555,0.020409511933830338]"
workers,sync-wsd-h20--0.006--0.95--0.999,awc8-wsd-h20--0.006--0.95--0.999,20,0.006,0.95,0.999,0.016151924536905355,0.005942079692511099,"[0.009967340943389136,0.016670987738443,0.021817444928883933]"
workers,sync-wsd-h20--0.008--0.95--0.999,awc8-wsd-h20--0.008--0.95--0.999,20,0.008,0.95,0.999,-0.008761508753712288,0.023035154038758256,"[-0.034129996771957494,-0.003001727419803757,0.010847197930624386]"
workers,sync-wsd-h20--0.004--0.95--0.999,awc8-wsd-h20--0.004--0.95--0.999,20,0.004,0.95,0.999,0.031094594544560355,0.004094326789199813,"[0.03295963673254887,0.02639979686789351,0.03392435003323868]"
workers,sync-wsd-h20--0.003--0.95--0.999,awc8-wsd-h20--0.003--0.95--0.999,20,0.003,0.95,0.999,0.03741950567964943,0.00836329060320422,"[0.028976766871446902,0.04570101680245919,0.037580733365042196]"
workers,sync-wsd-h20--0.006--0.9--0.999,awc8-wsd-h20--0.006--0.9--0.999,20,0.006,0.9,0.999,0.01056266392012617,0.04023905676835078,"[0.029082098189647354,0.03820761593927102,-0.03560172236853987]"
workers,sync-wsd-h20--0.008--0.95--0.98,awc8-wsd-h20--0.008--0.95--0.98,20,0.008,0.95,0.98,0.04732068911763898,0.003921870406844028,"[0.049239413079997796,0.042808871470968235,0.04991378280195091]"
workers,sync-wsd-h20--0.004--0.9--0.999,awc8-wsd-h20--0.004--0.9--0.999,20,0.004,0.9,0.999,0.03797623406719364,0.007419185760240352,"[0.03822911250557093,0.03043384199510024,0.04526574770090974]"
workers,sync-wsd-h20--0.006--0.95--0.98,awc8-wsd-h20--0.006--0.95--0.98,20,0.006,0.95,0.98,0.05522935384121741,0.005049936585201166,"[0.06081656859277418,0.050990363123711635,0.05388112980716642]"
workers,sync-wsd-h20--0.008--0.9--0.999,awc8-wsd-h20--0.008--0.9--0.999,20,0.008,0.9,0.999,-0.20330659544848265,0.3940593506502968,"[-0.6580861430354212,0.011259600162663475,0.03690675652730979]"
workers,sync-wsd-h20--0.004--0.95--0.98,awc8-wsd-h20--0.004--0.95--0.98,20,0.004,0.95,0.98,0.06892335293821539,0.0011434264262124674,"[0.06760569207955136,0.06965464983096048,0.06950971690413432]"
workers,sync-wsd-h20--0.003--0.9--0.999,awc8-wsd-h20--0.003--0.9--0.999,20,0.003,0.9,0.999,0.043731635225881714,0.007244756451162491,"[0.05074335318590828,0.044177149990965336,0.03627440250077152]"
workers,sync-wsd-h20--0.003--0.95--0.98,awc8-wsd-h20--0.003--0.95--0.98,20,0.003,0.95,0.98,0.07595694072674375,0.005122338844406071,"[0.0746188794750795,0.08161551534997757,0.07163642735517417]"
workers,sync-wsd-h20--0.006--0.9--0.98,awc8-wsd-h20--0.006--0.9--0.98,20,0.006,0.9,0.98,0.0710188500750936,0.008072879864873603,"[0.0662282256351876,0.08033939351281205,0.06648893107728115]"
workers,sync-wsd-h20--0.008--0.9--0.98,awc8-wsd-h20--0.008--0.9--0.98,20,0.008,0.9,0.98,0.06748725433288423,0.007670208537881554,"[0.0701629803355428,0.05883758808039907,0.07346119458271083]"
workers,sync-wsd-h20--0.002--0.95--0.999,awc8-wsd-h20--0.002--0.95--0.999,20,0.002,0.95,0.999,0.06713878395278705,0.008592938609484556,"[0.07647379896413753,0.05955893803961754,0.06538361485460609]"
workers,sync-wsd-h20--0.004--0.9--0.98,awc8-wsd-h20--0.004--0.9--0.98,20,0.004,0.9,0.98,0.08625211096468262,0.011686923890302032,"[0.09773130782456807,0.08665704014935027,0.07436798492012953]"
workers,sync-wsd-h20--0.002--0.9--0.999,awc8-wsd-h20--0.002--0.9--0.999,20,0.002,0.9,0.999,0.06606606209815331,0.005472128665799596,"[0.06513633722393308,0.06111835574782454,0.07194349332270233]"
workers,sync-wsd-h20--0.003--0.9--0.98,awc8-wsd-h20--0.003--0.9--0.98,20,0.003,0.9,0.98,0.08957809239997694,0.005460820550023304,"[0.08845277728966083,0.09551390643028324,0.08476759347998675]"
workers,sync-wsd-h20--0.002--0.95--0.98,awc8-wsd-h20--0.002--0.95--0.98,20,0.002,0.95,0.98,0.10442134632795315,0.006927134622451271,"[0.11071461120381176,0.09699904938268977,0.10555037839735792]"
workers,sync-wsd-h20--0.008--0.95--0.9,awc8-wsd-h20--0.008--0.95--0.9,20,0.008,0.95,0.9,0.09492895594888633,0.0006828300388431363,"[0.09414950502957264,0.09542163314593655,0.09521572967114977]"
workers,sync-wsd-h20--0.004--0.95--0.9,awc8-wsd-h20--0.004--0.95--0.9,20,0.004,0.95,0.9,0.11097856795730825,0.004366727383232646,"[0.10617136365342228,0.11469989471059971,0.11206444550790273]"
workers,sync-wsd-h20--0.006--0.95--0.9,awc8-wsd-h20--0.006--0.95--0.9,20,0.006,0.95,0.9,0.10741131624721352,0.004959665240708282,"[0.10567174149974079,0.1035557793915074,0.11300642785039239]"
workers,sync-wsd-h20--0.003--0.95--0.9,awc8-wsd-h20--0.003--0.95--0.9,20,0.003,0.95,0.9,0.1189571405049114,0.0028932656929886737,"[0.11880231611298031,0.11614439553802702,0.12192470986372683]"
workers,sync-wsd-h20--0.002--0.9--0.98,awc8-wsd-h20--0.002--0.9--0.98,20,0.002,0.9,0.98,0.11317095651255382,0.0022323623691053287,"[0.11493319286793069,0.1106606256360938,0.11391905103363698]"
workers,sync-wsd-h20--0.002--0.95--0.9,awc8-wsd-h20--0.002--0.95--0.9,20,0.002,0.95,0.9,0.13521274319121032,0.007406246776297074,"[0.14109312391083373,0.12689497593695798,0.13765012972583923]"
workers,sync-wsd-h20--0.006--0.9--0.9,awc8-wsd-h20--0.006--0.9--0.9,20,0.006,0.9,0.9,0.1544723527686475,0.004847035001062296,"[0.15014487221655548,0.1535622628029638,0.1597099232864232]"
workers,sync-wsd-h20--0.008--0.9--0.9,awc8-wsd-h20--0.008--0.9--0.9,20,0.008,0.9,0.9,0.1461056703370902,0.004229479428700131,"[0.14958471161802045,0.14733443203865138,0.1413978673545988]"
workers,sync-wsd-h20--0.004--0.9--0.9,awc8-wsd-h20--0.004--0.9--0.9,20,0.004,0.9,0.9,0.17162074423267804,0.004222163386368274,"[0.1750820556126662,0.1728634967402347,0.16691668034513318]"
workers,sync-wsd-h20--0.003--0.9--0.9,awc8-wsd-h20--0.003--0.9--0.9,20,0.003,0.9,0.9,0.1806192097098173,0.008032929756764893,"[0.18908237012562124,0.17309990273264209,0.17967535627118858]"
workers,sync-wsd-h20--0.002--0.9--0.9,awc8-wsd-h20--0.002--0.9--0.9,20,0.002,0.9,0.9,0.19080408064598023,0.006478416754387978,"[0.18702614735040424,0.18710150916422208,0.1982845854233144]"
workers,sync-wsd-h40--0.004--0.95--0.999,awc8-wsd-h40--0.004--0.95--0.999,40,0.004,0.95,0.999,0.023208954512478435,0.004811428291936992,"[0.0217096106043968,0.019325720457066264,0.028591532475972237]"
workers,sync-wsd-h40--0.003--0.95--0.999,awc8-wsd-h40--0.003--0.95--0.999,40,0.003,0.95,0.999,0.02657929072556679,0.0036606260787993604,"[0.022771516428121696,0.030072462135701805,0.026893893612876862]"
workers,sync-wsd-h40--0.004--0.9--0.999,awc8-wsd-h40--0.004--0.9--0.999,40,0.004,0.9,0.999,0.01942612703568895,0.012522594447141495,"[0.026157438852798087,0.0049774908148170205,0.027143451439451738]"
workers,sync-wsd-h40--0.002--0.95--0.999,awc8-wsd-h40--0.002--0.95--0.999,40,0.002,0.95,0.999,0.04773553756265114,0.005172302937888107,"[0.05228827646887213,0.04211146083139905,0.04880687538768225]"
workers,sync-wsd-h40--0.003--0.9--0.999,awc8-wsd-h40--0.003--0.9--0.999,40,0.003,0.9,0.999,0.03633204779036984,0.0064719127106475744,"[0.04046061019908764,0.03966238274123768,0.0288731504307842]"
workers,sync-wsd-h40--0.004--0.95--0.98,awc8-wsd-h40--0.004--0.95--0.98,40,0.004,0.95,0.98,0.05706357839222228,0.0014114464537786115,"[0.057813396210690815,0.055435469171300156,0.05794186979467586]"
workers,sync-wsd-h40--0.003--0.95--0.98,awc8-wsd-h40--0.003--0.95--0.98,40,0.003,0.95,0.98,0.06033158124318986,0.003391460017765236,"[0.05866949250101605,0.06423347188394812,0.05809177934460541]"
workers,sync-wsd-h40--0.002--0.9--0.999,awc8-wsd-h40--0.002--0.9--0.999,40,0.002,0.9,0.999,0.04967859943073005,0.0015976820326909467,"[0.048589656733330155,0.04893340387324141,0.05151273768561859]"
workers,sync-wsd-h40--0.004--0.9--0.98,awc8-wsd-h40--0.004--0.9--0.98,40,0.004,0.9,0.98,0.0760710508682707,0.008674824922287605,"[0.08464801983918857,0.07626355844777644,0.06730157431784711]"
workers,sync-wsd-h40--0.002--0.95--0.98,awc8-wsd-h40--0.002--0.95--0.98,40,0.002,0.95,0.98,0.08433262611877002,0.006586203844710995,"[0.09147579616950718,0.07850063796480367,0.0830214442219992]"
workers,sync-wsd-h40--0.003--0.9--0.98,awc8-wsd-h40--0.003--0.9--0.98,40,0.003,0.9,0.98,0.07799767109995133,0.007910710681047957,"[0.08175484458100035,0.08332963767066603,0.06890853104818762]"
workers,sync-wsd-h40--0.004--0.95--0.9,awc8-wsd-h40--0.004--0.95--0.9,40,0.004,0.95,0.9,0.10518568059919516,0.0027959433145189646,"[0.1019729333717545,0.1070677178801489,0.10651639054568207]"
workers,sync-wsd-h40--0.002--0.9--0.98,awc8-wsd-h40--0.002--0.9--0.98,40,0.002,0.9,0.98,0.09250125102254803,0.0034371634750537524,"[0.09645642267065302,0.0902380856478211,0.09080924474916996]"
workers,sync-wsd-h40--0.003--0.95--0.9,awc8-wsd-h40--0.003--0.95--0.9,40,0.003,0.95,0.9,0.11267829079655318,0.0009173952102697977,"[0.11369148346676061,0.11190393630264861,0.11243945262025035]"
workers,sync-wsd-h40--0.002--0.95--0.9,awc8-wsd-h40--0.002--0.95--0.9,40,0.002,0.95,0.9,0.12253974414541317,0.0027868301844570127,"[0.12570342873730356,0.12044824772236096,0.12146755597657499]"
workers,sync-wsd-h40--0.004--0.9--0.9,awc8-wsd-h40--0.004--0.9--0.9,40,0.004,0.9,0.9,0.16740737827644248,0.004433800757724726,"[0.1725001022601238,0.16531567107532563,0.164406361493878]"
workers,sync-wsd-h40--0.003--0.9--0.9,awc8-wsd-h40--0.003--0.9--0.9,40,0.003,0.9,0.9,0.16876575299194588,0.007859185673509343,"[0.1777938831548349,0.16345391051539382,0.16504946530560893]"
workers,sync-wsd-h40--0.002--0.9--0.9,awc8-wsd-h40--0.002--0.9--0.9,40,0.002,0.9,0.9,0.18213094583757852,0.005984669940475616,"[0.1828036402795279,0.17583835097758982,0.1877508462556179]"
workers,sync-wsd-h80--0.003--0.95--0.999,awc8-wsd-h80--0.003--0.95--0.999,80,0.003,0.95,0.999,0.02055073973134469,0.0015722265697913826,"[0.018802415497108704,0.021848479663917342,0.02100132403300803]"
workers,sync-wsd-h80--0.004--0.95--0.999,awc8-wsd-h80--0.004--0.95--0.999,80,0.004,0.95,0.999,0.017934465059469346,0.004735213119930916,"[0.013380481690815405,0.017590737396044,0.02283217609154864]"
workers,sync-wsd-h80--0.002--0.95--0.999,awc8-wsd-h80--0.002--0.95--0.999,80,0.002,0.95,0.999,0.03628972476805877,0.0029370745065578855,"[0.039002803478886516,0.03317085468638714,0.03669551613890265]"
workers,sync-wsd-h80--0.004--0.9--0.999,awc8-wsd-h80--0.004--0.9--0.999,80,0.004,0.9,0.999,0.02418494392715509,0.007779922184229736,"[0.029630847853466147,0.01527460261050706,0.02764938131749206]"
workers,sync-wsd-h80--0.003--0.9--0.999,awc8-wsd-h80--0.003--0.9--0.999,80,0.003,0.9,0.999,0.03130932780695487,0.005809608018286515,"[0.032113078676283546,0.03667521049232114,0.025139694252259925]"
workers,sync-wsd-h80--0.004--0.95--0.98,awc8-wsd-h80--0.004--0.95--0.98,80,0.004,0.95,0.98,0.05098302857373316,0.0011839845929080936,"[0.05226245951691588,0.04992604596652761,0.05076058023775598]"
workers,sync-wsd-h80--0.003--0.95--0.98,awc8-wsd-h80--0.003--0.95--0.98,80,0.003,0.95,0.98,0.05241447722639577,0.0023899576309388414,"[0.050969642570467766,0.055173125653831256,0.051100663454888284]"
workers,sync-wsd-h80--0.002--0.9--0.999,awc8-wsd-h80--0.002--0.9--0.999,80,0.002,0.9,0.999,0.039961648870335896,0.001917308519305766,"[0.0398259288790177,0.04194321130398526,0.03811580642800472]"
workers,sync-wsd-h80--0.002--0.95--0.98,awc8-wsd-h80--0.002--0.95--0.98,80,0.002,0.95,0.98,0.07036138502376292,0.0035939369725116795,"[0.07405221050415633,0.06687288421004567,0.07015906035708674]"
workers,sync-wsd-h80--0.004--0.9--0.98,awc8-wsd-h80--0.004--0.9--0.98,80,0.004,0.9,0.98,0.06954619111869349,0.00552928190506753,"[0.0726089974867481,0.07286632081093947,0.06316325505839293]"
workers,sync-wsd-h80--0.003--0.9--0.98,awc8-wsd-h80--0.003--0.9--0.98,80,0.003,0.9,0.98,0.06808087243614643,0.006579148102965411,"[0.06769873887890743,0.07484275881501956,0.0617011196145123]"
workers,sync-wsd-h80--0.002--0.9--0.98,awc8-wsd-h80--0.002--0.9--0.98,80,0.002,0.9,0.98,0.08236319908100469,0.003661884204695045,"[0.08652452120677623,0.08093211061049654,0.07963296542574128]"
workers,sync-wsd-h80--0.004--0.95--0.9,awc8-wsd-h80--0.004--0.95--0.9,80,0.004,0.95,0.9,0.10323229061126711,0.0018212214355463865,"[0.10113989451426653,0.1044608521627941,0.10409612515674072]"
workers,sync-wsd-h80--0.003--0.95--0.9,awc8-wsd-h80--0.003--0.95--0.9,80,0.003,0.95,0.9,0.1091321955928272,0.002592429795096142,"[0.112119619416994,0.10780330605059296,0.10747366131089464]"
workers,sync-wsd-h80--0.002--0.95--0.9,awc8-wsd-h80--0.002--0.95--0.9,80,0.002,0.95,0.9,0.12010989650694655,0.0004898643016478661,"[0.12010893950089141,0.12060023861051361,0.11962051140943464]"
workers,sync-wsd-h80--0.004--0.9--0.9,awc8-wsd-h80--0.004--0.9--0.9,80,0.004,0.9,0.9,0.163516185111098,0.0059837751110170204,"[0.17042059531089304,0.1598350598854985,0.16029290013690245]"
workers,sync-wsd-h80--0.003--0.9--0.9,awc8-wsd-h80--0.003--0.9--0.9,80,0.003,0.9,0.9,0.16266926483114785,0.004227153222526406,"[0.1673405781300663,0.15910766021614275,0.1615595561472345]"
workers,sync-wsd-h80--0.002--0.9--0.9,awc8-wsd-h80--0.002--0.9--0.9,80,0.002,0.9,0.9,0.17256943221780144,0.002395563093004546,"[0.1739070281887405,0.1698037674515227,0.17399750101314115]"
workers,sync-wsd-h120--0.003--0.95--0.999,awc8-wsd-h120--0.003--0.95--0.999,120,0.003,0.95,0.999,0.01718324875765065,0.0011972005882532847,"[0.016046648991333345,0.017070083324802976,0.018433013956815625]"
workers,sync-wsd-h120--0.002--0.95--0.999,awc8-wsd-h120--0.002--0.95--0.999,120,0.002,0.95,0.999,0.03085248138959325,0.0018103925487669738,"[0.03288464287456261,0.029411829151496427,0.03026097214272072]"
workers,sync-wsd-h120--0.003--0.9--0.999,awc8-wsd-h120--0.003--0.9--0.999,120,0.003,0.9,0.999,0.028358750029983337,0.0065260417390396105,"[0.027210994998155158,0.035382527899381344,0.02248272719241351]"
workers,sync-wsd-h120--0.002--0.9--0.999,awc8-wsd-h120--0.002--0.9--0.999,120,0.002,0.9,0.999,0.03423070701129749,0.002173289318413205,"[0.03388733717158354,0.036555241049511356,0.03224954281279757]"
workers,sync-wsd-h120--0.003--0.95--0.98,awc8-wsd-h120--0.003--0.95--0.98,120,0.003,0.95,0.98,0.05026935558782745,0.002159309077644484,"[0.04845310802682601,0.05265685399656306,0.049698104740093285]"
workers,sync-wsd-h120--0.002--0.95--0.98,awc8-wsd-h120--0.002--0.95--0.98,120,0.002,0.95,0.98,0.06414655657776998,0.0018768974387136405,"[0.06611228861776164,0.0623733316800088,0.0639540494355395]"
workers,sync-wsd-h120--0.003--0.9--0.98,awc8-wsd-h120--0.003--0.9--0.98,120,0.003,0.9,0.98,0.0656065095035639,0.007202215054355338,"[0.06292446034507782,0.07376492808072,0.060130140084893924]"
workers,sync-wsd-h120--0.002--0.9--0.98,awc8-wsd-h120--0.002--0.9--0.98,120,0.002,0.9,0.98,0.07651552721088543,0.0033301943171115977,"[0.08032040843780308,0.07509511701815708,0.07413105617669613]"
workers,sync-wsd-h120--0.003--0.95--0.9,awc8-wsd-h120--0.003--0.95--0.9,120,0.003,0.95,0.9,0.10787520075870309,0.0014358278415250623,"[0.10943454759348281,0.10758330769879532,0.10660774698383113]"
workers,sync-wsd-h120--0.002--0.95--0.9,awc8-wsd-h120--0.002--0.95--0.9,120,0.002,0.95,0.9,0.11854272962474359,0.0009547237856508438,"[0.1175153174026109,0.11940257963832268,0.11871029183329718]"
workers,sync-wsd-h120--0.003--0.9--0.9,awc8-wsd-h120--0.003--0.9--0.9,120,0.003,0.9,0.9,0.16101612194155676,0.0018507500997042806,"[0.16110540293995124,0.15912234715598395,0.16282061572873507]"
workers,sync-wsd-h120--0.002--0.9--0.9,awc8-wsd-h120--0.002--0.9--0.9,120,0.002,0.9,0.9,0.1694819687959573,0.0034040586688616225,"[0.1660296980969065,0.16958053365963321,0.1728356746313322]"
workers,sync-wsd-h160--0.003--0.95--0.999,awc8-wsd-h160--0.003--0.95--0.999,160,0.003,0.95,0.999,0.015170696387446133,0.0010221101692089597,"[0.014841760793392833,0.014353553146829068,0.016316775222116497]"
workers,sync-wsd-h160--0.002--0.95--0.999,awc8-wsd-h160--0.002--0.95--0.999,160,0.002,0.95,0.999,0.02719265650438733,0.001676851294355573,"[0.029123659121825796,0.02635065390807556,0.02610365648326063]"
workers,sync-wsd-h160--0.003--0.9--0.999,awc8-wsd-h160--0.003--0.9--0.999,160,0.003,0.9,0.999,0.02564977429855464,0.005982794375230726,"[0.02404768351758335,0.032270511036821325,0.02063112834125924]"
workers,sync-wsd-h160--0.002--0.9--0.999,awc8-wsd-h160--0.002--0.9--0.999,160,0.002,0.9,0.999,0.02978125613861682,0.0018894605872884216,"[0.02956398171932939,0.03176996121431186,0.028009825482209205]"
workers,sync-wsd-h160--0.003--0.95--0.98,awc8-wsd-h160--0.003--0.95--0.98,160,0.003,0.95,0.98,0.05014461916373136,0.0025438040805459057,"[0.04793426722969851,0.05292511523329235,0.049574475028203224]"
workers,sync-wsd-h160--0.002--0.95--0.98,awc8-wsd-h160--0.002--0.95--0.98,160,0.002,0.95,0.98,0.06081840614874068,0.0008140421419306584,"[0.06133073615092455,0.05987974346597813,0.061244738829319356]"
workers,sync-wsd-h160--0.003--0.9--0.98,awc8-wsd-h160--0.003--0.9--0.98,160,0.003,0.9,0.98,0.06447177081561091,0.006893993410784198,"[0.0616065952359377,0.07233632734146989,0.05947238986942516]"
workers,sync-wsd-h160--0.002--0.9--0.98,awc8-wsd-h160--0.002--0.9--0.98,160,0.002,0.9,0.98,0.07282588125037748,0.003162028520358779,"[0.07647624587566426,0.07093322345771735,0.07106817441775082]"
workers,sync-wsd-h160--0.003--0.95--0.9,awc8-wsd-h160--0.003--0.95--0.9,160,0.003,0.95,0.9,0.10962009709882888,0.0022019388311216416,"[0.11172714713255116,0.10979896395655331,0.10733418020738217]"
workers,sync-wsd-h160--0.002--0.95--0.9,awc8-wsd-h160--0.002--0.95--0.9,160,0.002,0.95,0.9,0.11726351418904413,0.002178400118423541,"[0.11474828523880376,0.1184957402445157,0.11854651708381292]"
workers,sync-wsd-h160--0.003--0.9--0.9,awc8-wsd-h160--0.003--0.9--0.9,160,0.003,0.9,0.9,0.16249550148552405,0.0027597915736259147,"[0.16090415594850516,0.16090011506066038,0.16568223344740662]"
workers,sync-wsd-h160--0.002--0.9--0.9,awc8-wsd-h160--0.002--0.9--0.9,160,0.002,0.9,0.9,0.16661476983053625,0.0040659822251098935,"[0.16331845813118884,0.16536759178919347,0.17115825957122643]"
