schedule,method,horizon,lr,beta1,beta2,id,mean,sd,runs,rank
cosine,awc4,20,0.01,0.95,0.99,awc4-cosine-h20--0.01--0.95--0.99,3.570301989298633,0.004893428801824943,"[{""id"":""awc4-cosine-h20--0.01--0.95--0.99--s42"",""seed"":42,""loss"":3.5757506800491314,""jobId"":""2565894"",""artifacts"":{""metrics.jsonl"":""logs/cosine/awc4/h20/lr-0.01-b1-0.95-b2-0.99/s42/metrics.jsonl"",""result.json"":""logs/cosine/awc4/h20/lr-0.01-b1-0.95-b2-0.99/s42/result.json"",""resolved.yaml"":""logs/cosine/awc4/h20/lr-0.01-b1-0.95-b2-0.99/s42/resolved.yaml"",""receipt.json"":""logs/cosine/awc4/h20/lr-0.01-b1-0.95-b2-0.99/s42/receipt.json"",""request.json"":""logs/cosine/awc4/h20/lr-0.01-b1-0.95-b2-0.99/s42/request.json"",""environment.json"":""shared/environment-47142c0055b07b04533b7c95c98a2bc9dc5c0eb7c1332b3fe4d9faebfd0123e0.json""}},{""id"":""awc4-cosine-h20--0.01--0.95--0.99--s43"",""seed"":43,""loss"":3.5688735884698835,""jobId"":""2565895"",""artifacts"":{""metrics.jsonl"":""logs/cosine/awc4/h20/lr-0.01-b1-0.95-b2-0.99/s43/metrics.jsonl"",""result.json"":""logs/cosine/awc4/h20/lr-0.01-b1-0.95-b2-0.99/s43/result.json"",""resolved.yaml"":""logs/cosine/awc4/h20/lr-0.01-b1-0.95-b2-0.99/s43/resolved.yaml"",""receipt.json"":""logs/cosine/awc4/h20/lr-0.01-b1-0.95-b2-0.99/s43/receipt.json"",""request.json"":""logs/cosine/awc4/h20/lr-0.01-b1-0.95-b2-0.99/s43/request.json"",""environment.json"":""shared/environment-574bd338d6137c4e8725cafc646ef6f0efda6cb76a1df9e2893c8ec9396a3c76.json""}},{""id"":""awc4-cosine-h20--0.01--0.95--0.99--s44"",""seed"":44,""loss"":3.5662816993768836,""jobId"":""2565896"",""artifacts"":{""metrics.jsonl"":""logs/cosine/awc4/h20/lr-0.01-b1-0.95-b2-0.99/s44/metrics.jsonl"",""result.json"":""logs/cosine/awc4/h20/lr-0.01-b1-0.95-b2-0.99/s44/result.json"",""resolved.yaml"":""logs/cosine/awc4/h20/lr-0.01-b1-0.95-b2-0.99/s44/resolved.yaml"",""receipt.json"":""logs/cosine/awc4/h20/lr-0.01-b1-0.95-b2-0.99/s44/receipt.json"",""request.json"":""logs/cosine/awc4/h20/lr-0.01-b1-0.95-b2-0.99/s44/request.json"",""environment.json"":""shared/environment-ed6050cb6acdb2eaeaec9e0ecbb32d5f806ee7fda53761d10631b754b9bfdd52.json""}}]",1
cosine,awc4,40,0.01,0.95,0.99,awc4-cosine-h40--0.01--0.95--0.99,3.4413278096785627,0.0017907971635927446,"[{""id"":""awc4-cosine-h40--0.01--0.95--0.99--s42"",""seed"":42,""loss"":3.443109206496687,""jobId"":""2567246"",""artifacts"":{""metrics.jsonl"":""logs/cosine/awc4/h40/lr-0.01-b1-0.95-b2-0.99/s42/metrics.jsonl"",""result.json"":""logs/cosine/awc4/h40/lr-0.01-b1-0.95-b2-0.99/s42/result.json"",""resolved.yaml"":""logs/cosine/awc4/h40/lr-0.01-b1-0.95-b2-0.99/s42/resolved.yaml"",""receipt.json"":""logs/cosine/awc4/h40/lr-0.01-b1-0.95-b2-0.99/s42/receipt.json"",""request.json"":""logs/cosine/awc4/h40/lr-0.01-b1-0.95-b2-0.99/s42/request.json"",""environment.json"":""shared/environment-aca8fe5c730c53ad37235aed1743e91013f1e64e51793c7bd11c37b351881f75.json""}},{""id"":""awc4-cosine-h40--0.01--0.95--0.99--s43"",""seed"":43,""loss"":3.4413464646185425,""jobId"":""2567248"",""artifacts"":{""metrics.jsonl"":""logs/cosine/awc4/h40/lr-0.01-b1-0.95-b2-0.99/s43/metrics.jsonl"",""result.json"":""logs/cosine/awc4/h40/lr-0.01-b1-0.95-b2-0.99/s43/result.json"",""resolved.yaml"":""logs/cosine/awc4/h40/lr-0.01-b1-0.95-b2-0.99/s43/resolved.yaml"",""receipt.json"":""logs/cosine/awc4/h40/lr-0.01-b1-0.95-b2-0.99/s43/receipt.json"",""request.json"":""logs/cosine/awc4/h40/lr-0.01-b1-0.95-b2-0.99/s43/request.json"",""environment.json"":""shared/environment-349f80163be65d7b941ec20eb956afe02be811a1bc1d6c880f93666109910172.json""}},{""id"":""awc4-cosine-h40--0.01--0.95--0.99--s44"",""seed"":44,""loss"":3.4395277579204584,""jobId"":""2567295"",""artifacts"":{""metrics.jsonl"":""logs/cosine/awc4/h40/lr-0.01-b1-0.95-b2-0.99/s44/metrics.jsonl"",""result.json"":""logs/cosine/awc4/h40/lr-0.01-b1-0.95-b2-0.99/s44/result.json"",""resolved.yaml"":""logs/cosine/awc4/h40/lr-0.01-b1-0.95-b2-0.99/s44/resolved.yaml"",""receipt.json"":""logs/cosine/awc4/h40/lr-0.01-b1-0.95-b2-0.99/s44/receipt.json"",""request.json"":""logs/cosine/awc4/h40/lr-0.01-b1-0.95-b2-0.99/s44/request.json"",""environment.json"":""shared/environment-409092524d7f4e3fb82f7bd0035addc33fb198848fa3f6bdd1391e01d45eece6.json""}}]",1
cosine,awc4,80,0.01,0.974,0.999,awc4-cosine-h80--0.01--0.974--0.999,3.351158180401799,0.00469385878167558,"[{""id"":""awc4-cosine-h80--0.01--0.974--0.999--s42"",""seed"":42,""loss"":3.349651404525718,""jobId"":""2568206"",""artifacts"":{""metrics.jsonl"":""logs/cosine/awc4/h80/lr-0.01-b1-0.974-b2-0.999/s42/metrics.jsonl"",""result.json"":""logs/cosine/awc4/h80/lr-0.01-b1-0.974-b2-0.999/s42/result.json"",""resolved.yaml"":""logs/cosine/awc4/h80/lr-0.01-b1-0.974-b2-0.999/s42/resolved.yaml"",""receipt.json"":""logs/cosine/awc4/h80/lr-0.01-b1-0.974-b2-0.999/s42/receipt.json"",""request.json"":""logs/cosine/awc4/h80/lr-0.01-b1-0.974-b2-0.999/s42/request.json"",""environment.json"":""shared/environment-21a0137c9ab05e0417c1a9b9d4250bfacab53bf3351bbf63d6e39e4915e13dee.json""}},{""id"":""awc4-cosine-h80--0.01--0.974--0.999--s43"",""seed"":43,""loss"":3.347402740320636,""jobId"":""2568217"",""artifacts"":{""metrics.jsonl"":""logs/cosine/awc4/h80/lr-0.01-b1-0.974-b2-0.999/s43/metrics.jsonl"",""result.json"":""logs/cosine/awc4/h80/lr-0.01-b1-0.974-b2-0.999/s43/result.json"",""resolved.yaml"":""logs/cosine/awc4/h80/lr-0.01-b1-0.974-b2-0.999/s43/resolved.yaml"",""receipt.json"":""logs/cosine/awc4/h80/lr-0.01-b1-0.974-b2-0.999/s43/receipt.json"",""request.json"":""logs/cosine/awc4/h80/lr-0.01-b1-0.974-b2-0.999/s43/request.json"",""environment.json"":""shared/environment-9174432c7dd09f894899041f596c6bb843ed1ed470f04e84a53b19637bdce4ad.json""}},{""id"":""awc4-cosine-h80--0.01--0.974--0.999--s44"",""seed"":44,""loss"":3.3564203963590438,""jobId"":""2568220"",""artifacts"":{""metrics.jsonl"":""logs/cosine/awc4/h80/lr-0.01-b1-0.974-b2-0.999/s44/metrics.jsonl"",""result.json"":""logs/cosine/awc4/h80/lr-0.01-b1-0.974-b2-0.999/s44/result.json"",""resolved.yaml"":""logs/cosine/awc4/h80/lr-0.01-b1-0.974-b2-0.999/s44/resolved.yaml"",""receipt.json"":""logs/cosine/awc4/h80/lr-0.01-b1-0.974-b2-0.999/s44/receipt.json"",""request.json"":""logs/cosine/awc4/h80/lr-0.01-b1-0.974-b2-0.999/s44/request.json"",""environment.json"":""shared/environment-4540c975254894bc95ebe7d472d3e15c09796bb655bcbd24f9d7027f06509962.json""}}]",1
cosine,awc8,20,0.014,0.95,0.99,awc8-cosine-h20--0.014--0.95--0.99,3.5855890708524827,0.0031062413369639247,"[{""id"":""awc8-cosine-h20--0.014--0.95--0.99--s42"",""seed"":42,""loss"":3.5891697125974296,""jobId"":""2580832"",""artifacts"":{""metrics.jsonl"":""logs/cosine/awc8/h20/lr-0.014-b1-0.95-b2-0.99/s42/metrics.jsonl"",""result.json"":""logs/cosine/awc8/h20/lr-0.014-b1-0.95-b2-0.99/s42/result.json"",""resolved.yaml"":""logs/cosine/awc8/h20/lr-0.014-b1-0.95-b2-0.99/s42/resolved.yaml"",""receipt.json"":""logs/cosine/awc8/h20/lr-0.014-b1-0.95-b2-0.99/s42/receipt.json"",""request.json"":""logs/cosine/awc8/h20/lr-0.014-b1-0.95-b2-0.99/s42/request.json"",""environment.json"":""shared/environment-f8b5c0cfcf4cf095539e1557642be4be1cc89166df6d555b888d593c63faa517.json""}},{""id"":""awc8-cosine-h20--0.014--0.95--0.99--s43"",""seed"":43,""loss"":3.5836171218868613,""jobId"":""2580833"",""artifacts"":{""metrics.jsonl"":""logs/cosine/awc8/h20/lr-0.014-b1-0.95-b2-0.99/s43/metrics.jsonl"",""result.json"":""logs/cosine/awc8/h20/lr-0.014-b1-0.95-b2-0.99/s43/result.json"",""resolved.yaml"":""logs/cosine/awc8/h20/lr-0.014-b1-0.95-b2-0.99/s43/resolved.yaml"",""receipt.json"":""logs/cosine/awc8/h20/lr-0.014-b1-0.95-b2-0.99/s43/receipt.json"",""request.json"":""logs/cosine/awc8/h20/lr-0.014-b1-0.95-b2-0.99/s43/request.json"",""environment.json"":""shared/environment-47b02ff6207de89554e25b174d7abe4d1b01d5ebcf9ccde70749ccafd3fa2085.json""}},{""id"":""awc8-cosine-h20--0.014--0.95--0.99--s44"",""seed"":44,""loss"":3.5839803780731567,""jobId"":""2580834"",""artifacts"":{""metrics.jsonl"":""logs/cosine/awc8/h20/lr-0.014-b1-0.95-b2-0.99/s44/metrics.jsonl"",""result.json"":""logs/cosine/awc8/h20/lr-0.014-b1-0.95-b2-0.99/s44/result.json"",""resolved.yaml"":""logs/cosine/awc8/h20/lr-0.014-b1-0.95-b2-0.99/s44/resolved.yaml"",""receipt.json"":""logs/cosine/awc8/h20/lr-0.014-b1-0.95-b2-0.99/s44/receipt.json"",""request.json"":""logs/cosine/awc8/h20/lr-0.014-b1-0.95-b2-0.99/s44/request.json"",""environment.json"":""shared/environment-b9659206747b1b7b54788d503c5754453c008c16caecb245494d6cac06c7ff21.json""}}]",1
cosine,awc8,40,0.012,0.95,0.999,awc8-cosine-h40--0.012--0.95--0.999,3.4474511389243774,0.0035438597382347697,"[{""id"":""awc8-cosine-h40--0.012--0.95--0.999--s42"",""seed"":42,""loss"":3.443383541711023,""jobId"":""2578313"",""artifacts"":{""metrics.jsonl"":""logs/cosine/awc8/h40/lr-0.012-b1-0.95-b2-0.999/s42/metrics.jsonl"",""result.json"":""logs/cosine/awc8/h40/lr-0.012-b1-0.95-b2-0.999/s42/result.json"",""resolved.yaml"":""logs/cosine/awc8/h40/lr-0.012-b1-0.95-b2-0.999/s42/resolved.yaml"",""receipt.json"":""logs/cosine/awc8/h40/lr-0.012-b1-0.95-b2-0.999/s42/receipt.json"",""request.json"":""logs/cosine/awc8/h40/lr-0.012-b1-0.95-b2-0.999/s42/request.json"",""environment.json"":""shared/environment-42a2d3e60a8edda7153024eb248adc57f376002f7f686b2008d67a5ef5e2f086.json""}},{""id"":""awc8-cosine-h40--0.012--0.95--0.999--s43"",""seed"":43,""loss"":3.4498721474569543,""jobId"":""2578314"",""artifacts"":{""metrics.jsonl"":""logs/cosine/awc8/h40/lr-0.012-b1-0.95-b2-0.999/s43/metrics.jsonl"",""result.json"":""logs/cosine/awc8/h40/lr-0.012-b1-0.95-b2-0.999/s43/result.json"",""resolved.yaml"":""logs/cosine/awc8/h40/lr-0.012-b1-0.95-b2-0.999/s43/resolved.yaml"",""receipt.json"":""logs/cosine/awc8/h40/lr-0.012-b1-0.95-b2-0.999/s43/receipt.json"",""request.json"":""logs/cosine/awc8/h40/lr-0.012-b1-0.95-b2-0.999/s43/request.json"",""environment.json"":""shared/environment-b509cf2d59aadf9617426628b9b4cf5371d16d31c251afea59361bb08eeb5b92.json""}},{""id"":""awc8-cosine-h40--0.012--0.95--0.999--s44"",""seed"":44,""loss"":3.449097727605155,""jobId"":""2578315"",""artifacts"":{""metrics.jsonl"":""logs/cosine/awc8/h40/lr-0.012-b1-0.95-b2-0.999/s44/metrics.jsonl"",""result.json"":""logs/cosine/awc8/h40/lr-0.012-b1-0.95-b2-0.999/s44/result.json"",""resolved.yaml"":""logs/cosine/awc8/h40/lr-0.012-b1-0.95-b2-0.999/s44/resolved.yaml"",""receipt.json"":""logs/cosine/awc8/h40/lr-0.012-b1-0.95-b2-0.999/s44/receipt.json"",""request.json"":""logs/cosine/awc8/h40/lr-0.012-b1-0.95-b2-0.999/s44/request.json"",""environment.json"":""shared/environment-3295ea41666839628fbe273e4f4308b65e8462246c334bca245a92420aa120b3.json""}}]",1
cosine,awc8,80,0.012,0.974,0.999,awc8-cosine-h80--0.012--0.974--0.999,3.3553511154795275,0.001988160834744261,"[{""id"":""awc8-cosine-h80--0.012--0.974--0.999--s42"",""seed"":42,""loss"":3.3552921020995776,""jobId"":""2578567"",""artifacts"":{""metrics.jsonl"":""logs/cosine/awc8/h80/lr-0.012-b1-0.974-b2-0.999/s42/metrics.jsonl"",""result.json"":""logs/cosine/awc8/h80/lr-0.012-b1-0.974-b2-0.999/s42/result.json"",""resolved.yaml"":""logs/cosine/awc8/h80/lr-0.012-b1-0.974-b2-0.999/s42/resolved.yaml"",""receipt.json"":""logs/cosine/awc8/h80/lr-0.012-b1-0.974-b2-0.999/s42/receipt.json"",""request.json"":""logs/cosine/awc8/h80/lr-0.012-b1-0.974-b2-0.999/s42/request.json"",""environment.json"":""shared/environment-90eda87620b308993653a3d044ba7a7167aa46f98af9079599d0848b494fd251.json""}},{""id"":""awc8-cosine-h80--0.012--0.974--0.999--s43"",""seed"":43,""loss"":3.3533931183152794,""jobId"":""2578568"",""artifacts"":{""metrics.jsonl"":""logs/cosine/awc8/h80/lr-0.012-b1-0.974-b2-0.999/s43/metrics.jsonl"",""result.json"":""logs/cosine/awc8/h80/lr-0.012-b1-0.974-b2-0.999/s43/result.json"",""resolved.yaml"":""logs/cosine/awc8/h80/lr-0.012-b1-0.974-b2-0.999/s43/resolved.yaml"",""receipt.json"":""logs/cosine/awc8/h80/lr-0.012-b1-0.974-b2-0.999/s43/receipt.json"",""request.json"":""logs/cosine/awc8/h80/lr-0.012-b1-0.974-b2-0.999/s43/request.json"",""environment.json"":""shared/environment-90fbbef0d456a62839142808998d7ac628e71097c1093cbc013f6fd4dbffa85d.json""}},{""id"":""awc8-cosine-h80--0.012--0.974--0.999--s44"",""seed"":44,""loss"":3.3573681260237254,""jobId"":""2578569"",""artifacts"":{""metrics.jsonl"":""logs/cosine/awc8/h80/lr-0.012-b1-0.974-b2-0.999/s44/metrics.jsonl"",""result.json"":""logs/cosine/awc8/h80/lr-0.012-b1-0.974-b2-0.999/s44/result.json"",""resolved.yaml"":""logs/cosine/awc8/h80/lr-0.012-b1-0.974-b2-0.999/s44/resolved.yaml"",""receipt.json"":""logs/cosine/awc8/h80/lr-0.012-b1-0.974-b2-0.999/s44/receipt.json"",""request.json"":""logs/cosine/awc8/h80/lr-0.012-b1-0.974-b2-0.999/s44/request.json"",""environment.json"":""shared/environment-ca0bd3f5636d39b28fcfb91f73276be089cecb726701fd91632d6513d90f2c2f.json""}}]",1
cosine,sync,20,0.01,0.9,0.99,sync-cosine-h20--0.01--0.9--0.99,3.5498177983944066,0.0032837215065733127,"[{""id"":""sync-cosine-h20--0.01--0.9--0.99--s42"",""seed"":42,""loss"":3.5495782484084852,""jobId"":""2565618"",""artifacts"":{""metrics.jsonl"":""logs/cosine/sync/h20/lr-0.01-b1-0.9-b2-0.99/s42/metrics.jsonl"",""result.json"":""logs/cosine/sync/h20/lr-0.01-b1-0.9-b2-0.99/s42/result.json"",""resolved.yaml"":""logs/cosine/sync/h20/lr-0.01-b1-0.9-b2-0.99/s42/resolved.yaml"",""receipt.json"":""logs/cosine/sync/h20/lr-0.01-b1-0.9-b2-0.99/s42/receipt.json"",""request.json"":""logs/cosine/sync/h20/lr-0.01-b1-0.9-b2-0.99/s42/request.json"",""environment.json"":""shared/environment-a369ced6d9d33e0b4e72f7cdbcba861454124b93ac17086ede123bdbd1392853.json""}},{""id"":""sync-cosine-h20--0.01--0.9--0.99--s43"",""seed"":43,""loss"":3.5532147350840058,""jobId"":""2565619"",""artifacts"":{""metrics.jsonl"":""logs/cosine/sync/h20/lr-0.01-b1-0.9-b2-0.99/s43/metrics.jsonl"",""result.json"":""logs/cosine/sync/h20/lr-0.01-b1-0.9-b2-0.99/s43/result.json"",""resolved.yaml"":""logs/cosine/sync/h20/lr-0.01-b1-0.9-b2-0.99/s43/resolved.yaml"",""receipt.json"":""logs/cosine/sync/h20/lr-0.01-b1-0.9-b2-0.99/s43/receipt.json"",""request.json"":""logs/cosine/sync/h20/lr-0.01-b1-0.9-b2-0.99/s43/request.json"",""environment.json"":""shared/environment-98072c17d4ba5b433231225eac0a2991a6b9d295a47b3cf42e6b75d1545f3913.json""}},{""id"":""sync-cosine-h20--0.01--0.9--0.99--s44"",""seed"":44,""loss"":3.5466604116907283,""jobId"":""2565620"",""artifacts"":{""metrics.jsonl"":""logs/cosine/sync/h20/lr-0.01-b1-0.9-b2-0.99/s44/metrics.jsonl"",""result.json"":""logs/cosine/sync/h20/lr-0.01-b1-0.9-b2-0.99/s44/result.json"",""resolved.yaml"":""logs/cosine/sync/h20/lr-0.01-b1-0.9-b2-0.99/s44/resolved.yaml"",""receipt.json"":""logs/cosine/sync/h20/lr-0.01-b1-0.9-b2-0.99/s44/receipt.json"",""request.json"":""logs/cosine/sync/h20/lr-0.01-b1-0.9-b2-0.99/s44/request.json"",""environment.json"":""shared/environment-7a0e1fedd90ab51becb04e2b07c188666e081d774d98d0c1910b82ad08e7d711.json""}}]",1
cosine,sync,40,0.01,0.9,0.98,sync-cosine-h40--0.01--0.9--0.98,3.429878804190539,0.0038753304952734136,"[{""id"":""sync-cosine-h40--0.01--0.9--0.98--s42"",""seed"":42,""loss"":3.4312042850351276,""jobId"":""2565630"",""artifacts"":{""metrics.jsonl"":""logs/cosine/sync/h40/lr-0.01-b1-0.9-b2-0.98/s42/metrics.jsonl"",""result.json"":""logs/cosine/sync/h40/lr-0.01-b1-0.9-b2-0.98/s42/result.json"",""resolved.yaml"":""logs/cosine/sync/h40/lr-0.01-b1-0.9-b2-0.98/s42/resolved.yaml"",""receipt.json"":""logs/cosine/sync/h40/lr-0.01-b1-0.9-b2-0.98/s42/receipt.json"",""request.json"":""logs/cosine/sync/h40/lr-0.01-b1-0.9-b2-0.98/s42/request.json"",""environment.json"":""shared/environment-4fd491717993e91a7f563fc46745ea260a4e8a632a515434e1b84b6051f8694e.json""}},{""id"":""sync-cosine-h40--0.01--0.9--0.98--s43"",""seed"":43,""loss"":3.4255146435211548,""jobId"":""2565631"",""artifacts"":{""metrics.jsonl"":""logs/cosine/sync/h40/lr-0.01-b1-0.9-b2-0.98/s43/metrics.jsonl"",""result.json"":""logs/cosine/sync/h40/lr-0.01-b1-0.9-b2-0.98/s43/result.json"",""resolved.yaml"":""logs/cosine/sync/h40/lr-0.01-b1-0.9-b2-0.98/s43/resolved.yaml"",""receipt.json"":""logs/cosine/sync/h40/lr-0.01-b1-0.9-b2-0.98/s43/receipt.json"",""request.json"":""logs/cosine/sync/h40/lr-0.01-b1-0.9-b2-0.98/s43/request.json"",""environment.json"":""shared/environment-9634e0d7041c7572ba5002eb21d09bb75db805c0397d4f566c367d84964d9a41.json""}},{""id"":""sync-cosine-h40--0.01--0.9--0.98--s44"",""seed"":44,""loss"":3.4329174840153347,""jobId"":""2565632"",""artifacts"":{""metrics.jsonl"":""logs/cosine/sync/h40/lr-0.01-b1-0.9-b2-0.98/s44/metrics.jsonl"",""result.json"":""logs/cosine/sync/h40/lr-0.01-b1-0.9-b2-0.98/s44/result.json"",""resolved.yaml"":""logs/cosine/sync/h40/lr-0.01-b1-0.9-b2-0.98/s44/resolved.yaml"",""receipt.json"":""logs/cosine/sync/h40/lr-0.01-b1-0.9-b2-0.98/s44/receipt.json"",""request.json"":""logs/cosine/sync/h40/lr-0.01-b1-0.9-b2-0.98/s44/request.json"",""environment.json"":""shared/environment-cecbe219c41c17f399792277c43e3a2146baa9ad7bad6762699dad836a496897.json""}}]",1
cosine,sync,80,0.01,0.9,0.99,sync-cosine-h80--0.01--0.9--0.99,3.3474222322236544,0.0033709697019137005,"[{""id"":""sync-cosine-h80--0.01--0.9--0.99--s42"",""seed"":42,""loss"":3.3454949984867444,""jobId"":""2565653"",""artifacts"":{""metrics.jsonl"":""logs/cosine/sync/h80/lr-0.01-b1-0.9-b2-0.99/s42/metrics.jsonl"",""result.json"":""logs/cosine/sync/h80/lr-0.01-b1-0.9-b2-0.99/s42/result.json"",""resolved.yaml"":""logs/cosine/sync/h80/lr-0.01-b1-0.9-b2-0.99/s42/resolved.yaml"",""receipt.json"":""logs/cosine/sync/h80/lr-0.01-b1-0.9-b2-0.99/s42/receipt.json"",""request.json"":""logs/cosine/sync/h80/lr-0.01-b1-0.9-b2-0.99/s42/request.json"",""environment.json"":""shared/environment-bc9f52fcdb0d4f41f7e6ccc4250809be15583231360431c393904ae792c093c8.json""}},{""id"":""sync-cosine-h80--0.01--0.9--0.99--s43"",""seed"":43,""loss"":3.3513146311467708,""jobId"":""2565654"",""artifacts"":{""metrics.jsonl"":""logs/cosine/sync/h80/lr-0.01-b1-0.9-b2-0.99/s43/metrics.jsonl"",""result.json"":""logs/cosine/sync/h80/lr-0.01-b1-0.9-b2-0.99/s43/result.json"",""resolved.yaml"":""logs/cosine/sync/h80/lr-0.01-b1-0.9-b2-0.99/s43/resolved.yaml"",""receipt.json"":""logs/cosine/sync/h80/lr-0.01-b1-0.9-b2-0.99/s43/receipt.json"",""request.json"":""logs/cosine/sync/h80/lr-0.01-b1-0.9-b2-0.99/s43/request.json"",""environment.json"":""shared/environment-8e444a363411e18697754fdf2cfeea99d9d9f9cc37d14dc2f666d0ae5b5f1f47.json""}},{""id"":""sync-cosine-h80--0.01--0.9--0.99--s44"",""seed"":44,""loss"":3.3454570670374477,""jobId"":""2565655"",""artifacts"":{""metrics.jsonl"":""logs/cosine/sync/h80/lr-0.01-b1-0.9-b2-0.99/s44/metrics.jsonl"",""result.json"":""logs/cosine/sync/h80/lr-0.01-b1-0.9-b2-0.99/s44/result.json"",""resolved.yaml"":""logs/cosine/sync/h80/lr-0.01-b1-0.9-b2-0.99/s44/resolved.yaml"",""receipt.json"":""logs/cosine/sync/h80/lr-0.01-b1-0.9-b2-0.99/s44/receipt.json"",""request.json"":""logs/cosine/sync/h80/lr-0.01-b1-0.9-b2-0.99/s44/request.json"",""environment.json"":""shared/environment-a0bf75166f923f95d041cd4bec75f70bdcd8ddb592a3a6d4a1b08f11ea03451b.json""}}]",1
wsd,awc8,20,0.006,0.95,0.999,awc8-wsd-h20--0.006--0.95--0.999,3.5931279608856075,0.004362500831615707,"[{""id"":""awc8-wsd-h20--0.006--0.95--0.999--s42"",""seed"":42,""loss"":3.5881057930940465,""jobId"":""2479658"",""artifacts"":{""metrics.jsonl"":""logs/wsd/awc8/h20/lr-0.006-b1-0.95-b2-0.999/s42/metrics.jsonl"",""result.json"":""logs/wsd/awc8/h20/lr-0.006-b1-0.95-b2-0.999/s42/result.json"",""resolved.yaml"":""logs/wsd/awc8/h20/lr-0.006-b1-0.95-b2-0.999/s42/resolved.yaml"",""receipt.json"":""logs/wsd/awc8/h20/lr-0.006-b1-0.95-b2-0.999/s42/receipt.json"",""request.json"":""logs/wsd/awc8/h20/lr-0.006-b1-0.95-b2-0.999/s42/request.json"",""environment.json"":""shared/environment-aab8046113790411bb525b96be00d5355a00e918a939b4edffb23cf97b87949c.json""}},{""id"":""awc8-wsd-h20--0.006--0.95--0.999--s43"",""seed"":43,""loss"":3.595977846361822,""jobId"":""2479659"",""artifacts"":{""metrics.jsonl"":""logs/wsd/awc8/h20/lr-0.006-b1-0.95-b2-0.999/s43/metrics.jsonl"",""result.json"":""logs/wsd/awc8/h20/lr-0.006-b1-0.95-b2-0.999/s43/result.json"",""resolved.yaml"":""logs/wsd/awc8/h20/lr-0.006-b1-0.95-b2-0.999/s43/resolved.yaml"",""receipt.json"":""logs/wsd/awc8/h20/lr-0.006-b1-0.95-b2-0.999/s43/receipt.json"",""request.json"":""logs/wsd/awc8/h20/lr-0.006-b1-0.95-b2-0.999/s43/request.json"",""environment.json"":""shared/environment-7bd88c3c7326c28518492de829809d1b3431aa8a684bc526d067fa741655b9ad.json""}},{""id"":""awc8-wsd-h20--0.006--0.95--0.999--s44"",""seed"":44,""loss"":3.5953002432009535,""jobId"":""2479660"",""artifacts"":{""metrics.jsonl"":""logs/wsd/awc8/h20/lr-0.006-b1-0.95-b2-0.999/s44/metrics.jsonl"",""result.json"":""logs/wsd/awc8/h20/lr-0.006-b1-0.95-b2-0.999/s44/result.json"",""resolved.yaml"":""logs/wsd/awc8/h20/lr-0.006-b1-0.95-b2-0.999/s44/resolved.yaml"",""receipt.json"":""logs/wsd/awc8/h20/lr-0.006-b1-0.95-b2-0.999/s44/receipt.json"",""request.json"":""logs/wsd/awc8/h20/lr-0.006-b1-0.95-b2-0.999/s44/request.json"",""environment.json"":""shared/environment-1dbb88c3e0fcab17c99c0c2d09f047d311c5cdc2d7c9b0c4c0466c6814c9caf3.json""}}]",1
wsd,awc8,40,0.006,0.95,0.999,awc8-wsd-h40--0.006--0.95--0.999,3.476281924858702,0.0026868578194084824,"[{""id"":""awc8-wsd-h40--0.006--0.95--0.999--s42"",""seed"":42,""loss"":3.4735672746780732,""jobId"":""2481097"",""artifacts"":{""metrics.jsonl"":""logs/wsd/awc8/h40/lr-0.006-b1-0.95-b2-0.999/s42/metrics.jsonl"",""result.json"":""logs/wsd/awc8/h40/lr-0.006-b1-0.95-b2-0.999/s42/result.json"",""resolved.yaml"":""logs/wsd/awc8/h40/lr-0.006-b1-0.95-b2-0.999/s42/resolved.yaml"",""receipt.json"":""logs/wsd/awc8/h40/lr-0.006-b1-0.95-b2-0.999/s42/receipt.json"",""request.json"":""logs/wsd/awc8/h40/lr-0.006-b1-0.95-b2-0.999/s42/request.json"",""environment.json"":""shared/environment-56ee5206dfe117ed43b8a97fbb8fd03805cb59c0cf34915c106bc50c66e39675.json"",""continuation.json"":""logs/wsd/awc8/h40/lr-0.006-b1-0.95-b2-0.999/s42/continuation.json""}},{""id"":""awc8-wsd-h40--0.006--0.95--0.999--s43"",""seed"":43,""loss"":3.4789400999554836,""jobId"":""2481098"",""artifacts"":{""metrics.jsonl"":""logs/wsd/awc8/h40/lr-0.006-b1-0.95-b2-0.999/s43/metrics.jsonl"",""result.json"":""logs/wsd/awc8/h40/lr-0.006-b1-0.95-b2-0.999/s43/result.json"",""resolved.yaml"":""logs/wsd/awc8/h40/lr-0.006-b1-0.95-b2-0.999/s43/resolved.yaml"",""receipt.json"":""logs/wsd/awc8/h40/lr-0.006-b1-0.95-b2-0.999/s43/receipt.json"",""request.json"":""logs/wsd/awc8/h40/lr-0.006-b1-0.95-b2-0.999/s43/request.json"",""environment.json"":""shared/environment-ab11c56f45ba8e9faeeb5ca5324e095f532004b1e20f11724bf59befcbfe1ee2.json"",""continuation.json"":""logs/wsd/awc8/h40/lr-0.006-b1-0.95-b2-0.999/s43/continuation.json""}},{""id"":""awc8-wsd-h40--0.006--0.95--0.999--s44"",""seed"":44,""loss"":3.4763383999425486,""jobId"":""2481099"",""artifacts"":{""metrics.jsonl"":""logs/wsd/awc8/h40/lr-0.006-b1-0.95-b2-0.999/s44/metrics.jsonl"",""result.json"":""logs/wsd/awc8/h40/lr-0.006-b1-0.95-b2-0.999/s44/result.json"",""resolved.yaml"":""logs/wsd/awc8/h40/lr-0.006-b1-0.95-b2-0.999/s44/resolved.yaml"",""receipt.json"":""logs/wsd/awc8/h40/lr-0.006-b1-0.95-b2-0.999/s44/receipt.json"",""request.json"":""logs/wsd/awc8/h40/lr-0.006-b1-0.95-b2-0.999/s44/request.json"",""environment.json"":""shared/environment-a1edecd1a1cc69ee5ba8a03f3dcdcc7857b5228f3a34ca71b29579c765a98b19.json"",""continuation.json"":""logs/wsd/awc8/h40/lr-0.006-b1-0.95-b2-0.999/s44/continuation.json""}}]",1
wsd,awc8,80,0.003,0.95,0.999,awc8-wsd-h80--0.003--0.95--0.999,3.395320425063012,0.004651819163651643,"[{""id"":""awc8-wsd-h80--0.003--0.95--0.999--s42"",""seed"":42,""loss"":3.3901543558150875,""jobId"":""2482124"",""artifacts"":{""metrics.jsonl"":""logs/wsd/awc8/h80/lr-0.003-b1-0.95-b2-0.999/s42/metrics.jsonl"",""result.json"":""logs/wsd/awc8/h80/lr-0.003-b1-0.95-b2-0.999/s42/result.json"",""resolved.yaml"":""logs/wsd/awc8/h80/lr-0.003-b1-0.95-b2-0.999/s42/resolved.yaml"",""receipt.json"":""logs/wsd/awc8/h80/lr-0.003-b1-0.95-b2-0.999/s42/receipt.json"",""request.json"":""logs/wsd/awc8/h80/lr-0.003-b1-0.95-b2-0.999/s42/request.json"",""environment.json"":""shared/environment-1cd89c073d8bdca886d3f01a94e2c7af82675476a412ad94fcddcf49601c5e91.json"",""continuation.json"":""logs/wsd/awc8/h80/lr-0.003-b1-0.95-b2-0.999/s42/continuation.json""}},{""id"":""awc8-wsd-h80--0.003--0.95--0.999--s43"",""seed"":43,""loss"":3.3991775153865236,""jobId"":""2482125"",""artifacts"":{""metrics.jsonl"":""logs/wsd/awc8/h80/lr-0.003-b1-0.95-b2-0.999/s43/metrics.jsonl"",""result.json"":""logs/wsd/awc8/h80/lr-0.003-b1-0.95-b2-0.999/s43/result.json"",""resolved.yaml"":""logs/wsd/awc8/h80/lr-0.003-b1-0.95-b2-0.999/s43/resolved.yaml"",""receipt.json"":""logs/wsd/awc8/h80/lr-0.003-b1-0.95-b2-0.999/s43/receipt.json"",""request.json"":""logs/wsd/awc8/h80/lr-0.003-b1-0.95-b2-0.999/s43/request.json"",""environment.json"":""shared/environment-1503cc40f4e72a8e237328a6416886736ddad079784eb6ea6ac7e3967c602685.json"",""continuation.json"":""logs/wsd/awc8/h80/lr-0.003-b1-0.95-b2-0.999/s43/continuation.json""}},{""id"":""awc8-wsd-h80--0.003--0.95--0.999--s44"",""seed"":44,""loss"":3.3966294039874243,""jobId"":""2482126"",""artifacts"":{""metrics.jsonl"":""logs/wsd/awc8/h80/lr-0.003-b1-0.95-b2-0.999/s44/metrics.jsonl"",""result.json"":""logs/wsd/awc8/h80/lr-0.003-b1-0.95-b2-0.999/s44/result.json"",""resolved.yaml"":""logs/wsd/awc8/h80/lr-0.003-b1-0.95-b2-0.999/s44/resolved.yaml"",""receipt.json"":""logs/wsd/awc8/h80/lr-0.003-b1-0.95-b2-0.999/s44/receipt.json"",""request.json"":""logs/wsd/awc8/h80/lr-0.003-b1-0.95-b2-0.999/s44/request.json"",""environment.json"":""shared/environment-c4e104ea832ad249d72d2a6f72505ab95bdd6a60af5cffd7c046591a5b6df559.json"",""continuation.json"":""logs/wsd/awc8/h80/lr-0.003-b1-0.95-b2-0.999/s44/continuation.json""}}]",1
wsd,awc8,120,0.003,0.95,0.999,awc8-wsd-h120--0.003--0.95--0.999,3.3563471201186217,0.003995737423941051,"[{""id"":""awc8-wsd-h120--0.003--0.95--0.999--s42"",""seed"":42,""loss"":3.351924329591714,""jobId"":""2482620"",""artifacts"":{""metrics.jsonl"":""logs/wsd/awc8/h120/lr-0.003-b1-0.95-b2-0.999/s42/metrics.jsonl"",""result.json"":""logs/wsd/awc8/h120/lr-0.003-b1-0.95-b2-0.999/s42/result.json"",""resolved.yaml"":""logs/wsd/awc8/h120/lr-0.003-b1-0.95-b2-0.999/s42/resolved.yaml"",""receipt.json"":""logs/wsd/awc8/h120/lr-0.003-b1-0.95-b2-0.999/s42/receipt.json"",""request.json"":""logs/wsd/awc8/h120/lr-0.003-b1-0.95-b2-0.999/s42/request.json"",""environment.json"":""shared/environment-d7b6c025c7fae2e4cc3453fd7a778ddea8c0a24a8f2b7e68b9a98e86c7f5c5df.json"",""continuation.json"":""logs/wsd/awc8/h120/lr-0.003-b1-0.95-b2-0.999/s42/continuation.json""}},{""id"":""awc8-wsd-h120--0.003--0.95--0.999--s43"",""seed"":43,""loss"":3.359696544611667,""jobId"":""2482621"",""artifacts"":{""metrics.jsonl"":""logs/wsd/awc8/h120/lr-0.003-b1-0.95-b2-0.999/s43/metrics.jsonl"",""result.json"":""logs/wsd/awc8/h120/lr-0.003-b1-0.95-b2-0.999/s43/result.json"",""resolved.yaml"":""logs/wsd/awc8/h120/lr-0.003-b1-0.95-b2-0.999/s43/resolved.yaml"",""receipt.json"":""logs/wsd/awc8/h120/lr-0.003-b1-0.95-b2-0.999/s43/receipt.json"",""request.json"":""logs/wsd/awc8/h120/lr-0.003-b1-0.95-b2-0.999/s43/request.json"",""environment.json"":""shared/environment-798117e6a02cfea96805f21a755cf1658ab0a0ac98d7411ed8cb3d29c477f878.json"",""continuation.json"":""logs/wsd/awc8/h120/lr-0.003-b1-0.95-b2-0.999/s43/continuation.json""}},{""id"":""awc8-wsd-h120--0.003--0.95--0.999--s44"",""seed"":44,""loss"":3.357420486152484,""jobId"":""2482622"",""artifacts"":{""metrics.jsonl"":""logs/wsd/awc8/h120/lr-0.003-b1-0.95-b2-0.999/s44/metrics.jsonl"",""result.json"":""logs/wsd/awc8/h120/lr-0.003-b1-0.95-b2-0.999/s44/result.json"",""resolved.yaml"":""logs/wsd/awc8/h120/lr-0.003-b1-0.95-b2-0.999/s44/resolved.yaml"",""receipt.json"":""logs/wsd/awc8/h120/lr-0.003-b1-0.95-b2-0.999/s44/receipt.json"",""request.json"":""logs/wsd/awc8/h120/lr-0.003-b1-0.95-b2-0.999/s44/request.json"",""environment.json"":""shared/environment-89804daa9dc414911c135b68b7c1e62024f421328f0d32a0d7b4f5a77ccaafe6.json"",""continuation.json"":""logs/wsd/awc8/h120/lr-0.003-b1-0.95-b2-0.999/s44/continuation.json""}}]",1
wsd,awc8,160,0.003,0.95,0.999,awc8-wsd-h160--0.003--0.95--0.999,3.332261551229621,0.0036105182492211763,"[{""id"":""awc8-wsd-h160--0.003--0.95--0.999--s42"",""seed"":42,""loss"":3.3282830529138687,""jobId"":""2487123"",""artifacts"":{""metrics.jsonl"":""logs/wsd/awc8/h160/lr-0.003-b1-0.95-b2-0.999/s42/metrics.jsonl"",""result.json"":""logs/wsd/awc8/h160/lr-0.003-b1-0.95-b2-0.999/s42/result.json"",""resolved.yaml"":""logs/wsd/awc8/h160/lr-0.003-b1-0.95-b2-0.999/s42/resolved.yaml"",""receipt.json"":""logs/wsd/awc8/h160/lr-0.003-b1-0.95-b2-0.999/s42/receipt.json"",""request.json"":""logs/wsd/awc8/h160/lr-0.003-b1-0.95-b2-0.999/s42/request.json"",""environment.json"":""shared/environment-16fb334fb057b61735ab437d01a308584a956d4e2a6431bff652ca26e99f256d.json"",""continuation.json"":""logs/wsd/awc8/h160/lr-0.003-b1-0.95-b2-0.999/s42/continuation.json""}},{""id"":""awc8-wsd-h160--0.003--0.95--0.999--s43"",""seed"":43,""loss"":3.3353299228975146,""jobId"":""2487124"",""artifacts"":{""metrics.jsonl"":""logs/wsd/awc8/h160/lr-0.003-b1-0.95-b2-0.999/s43/metrics.jsonl"",""result.json"":""logs/wsd/awc8/h160/lr-0.003-b1-0.95-b2-0.999/s43/result.json"",""resolved.yaml"":""logs/wsd/awc8/h160/lr-0.003-b1-0.95-b2-0.999/s43/resolved.yaml"",""receipt.json"":""logs/wsd/awc8/h160/lr-0.003-b1-0.95-b2-0.999/s43/receipt.json"",""request.json"":""logs/wsd/awc8/h160/lr-0.003-b1-0.95-b2-0.999/s43/request.json"",""environment.json"":""shared/environment-fabf688558fccf23f92e4a27ae663c60c6ff1b1a42561d46b4e68d80f7a97d6b.json"",""continuation.json"":""logs/wsd/awc8/h160/lr-0.003-b1-0.95-b2-0.999/s43/continuation.json""}},{""id"":""awc8-wsd-h160--0.003--0.95--0.999--s44"",""seed"":44,""loss"":3.3331716778774796,""jobId"":""2487125"",""artifacts"":{""metrics.jsonl"":""logs/wsd/awc8/h160/lr-0.003-b1-0.95-b2-0.999/s44/metrics.jsonl"",""result.json"":""logs/wsd/awc8/h160/lr-0.003-b1-0.95-b2-0.999/s44/result.json"",""resolved.yaml"":""logs/wsd/awc8/h160/lr-0.003-b1-0.95-b2-0.999/s44/resolved.yaml"",""receipt.json"":""logs/wsd/awc8/h160/lr-0.003-b1-0.95-b2-0.999/s44/receipt.json"",""request.json"":""logs/wsd/awc8/h160/lr-0.003-b1-0.95-b2-0.999/s44/request.json"",""environment.json"":""shared/environment-65424f3d645b22b0aa411df2379b13ae27ba7f97ea8cf6066114b9cf55749545.json"",""continuation.json"":""logs/wsd/awc8/h160/lr-0.003-b1-0.95-b2-0.999/s44/continuation.json""}}]",1
wsd,sync,20,0.004,0.95,0.98,sync-wsd-h20--0.004--0.95--0.98,3.556698765636138,0.002044938356603904,"[{""id"":""sync-wsd-h20--0.004--0.95--0.98--s42"",""seed"":42,""loss"":3.5544962947525507,""jobId"":""2452443"",""artifacts"":{""metrics.jsonl"":""logs/wsd/sync/h20/lr-0.004-b1-0.95-b2-0.98/s42/metrics.jsonl"",""result.json"":""logs/wsd/sync/h20/lr-0.004-b1-0.95-b2-0.98/s42/result.json"",""resolved.yaml"":""logs/wsd/sync/h20/lr-0.004-b1-0.95-b2-0.98/s42/resolved.yaml"",""receipt.json"":""logs/wsd/sync/h20/lr-0.004-b1-0.95-b2-0.98/s42/receipt.json"",""request.json"":""logs/wsd/sync/h20/lr-0.004-b1-0.95-b2-0.98/s42/request.json"",""environment.json"":""shared/environment-610442260763eed2eb7c9db782a3a2fc719e5c239c414dd9b81d864bb609266f.json""}},{""id"":""sync-wsd-h20--0.004--0.95--0.98--s43"",""seed"":43,""loss"":3.557062698977349,""jobId"":""2452447"",""artifacts"":{""metrics.jsonl"":""logs/wsd/sync/h20/lr-0.004-b1-0.95-b2-0.98/s43/metrics.jsonl"",""result.json"":""logs/wsd/sync/h20/lr-0.004-b1-0.95-b2-0.98/s43/result.json"",""resolved.yaml"":""logs/wsd/sync/h20/lr-0.004-b1-0.95-b2-0.98/s43/resolved.yaml"",""receipt.json"":""logs/wsd/sync/h20/lr-0.004-b1-0.95-b2-0.98/s43/receipt.json"",""request.json"":""logs/wsd/sync/h20/lr-0.004-b1-0.95-b2-0.98/s43/request.json"",""environment.json"":""shared/environment-40322af685cc0304251f5262ebbc5f5f6c7557c4565a008b634fafbe12f9a4d5.json""}},{""id"":""sync-wsd-h20--0.004--0.95--0.98--s44"",""seed"":44,""loss"":3.5585373031785137,""jobId"":""2452449"",""artifacts"":{""metrics.jsonl"":""logs/wsd/sync/h20/lr-0.004-b1-0.95-b2-0.98/s44/metrics.jsonl"",""result.json"":""logs/wsd/sync/h20/lr-0.004-b1-0.95-b2-0.98/s44/result.json"",""resolved.yaml"":""logs/wsd/sync/h20/lr-0.004-b1-0.95-b2-0.98/s44/resolved.yaml"",""receipt.json"":""logs/wsd/sync/h20/lr-0.004-b1-0.95-b2-0.98/s44/receipt.json"",""request.json"":""logs/wsd/sync/h20/lr-0.004-b1-0.95-b2-0.98/s44/request.json"",""environment.json"":""shared/environment-835138dfb368f1fb659da93e303639954f4c8f0ab7cf39938331ca968e704cbc.json""}}]",1
wsd,sync,40,0.004,0.95,0.98,sync-wsd-h40--0.004--0.95--0.98,3.452800166443473,0.003135828008909997,"[{""id"":""sync-wsd-h40--0.004--0.95--0.98--s42"",""seed"":42,""loss"":3.4492329075080965,""jobId"":""2456286"",""artifacts"":{""metrics.jsonl"":""logs/wsd/sync/h40/lr-0.004-b1-0.95-b2-0.98/s42/metrics.jsonl"",""result.json"":""logs/wsd/sync/h40/lr-0.004-b1-0.95-b2-0.98/s42/result.json"",""resolved.yaml"":""logs/wsd/sync/h40/lr-0.004-b1-0.95-b2-0.98/s42/resolved.yaml"",""receipt.json"":""logs/wsd/sync/h40/lr-0.004-b1-0.95-b2-0.98/s42/receipt.json"",""request.json"":""logs/wsd/sync/h40/lr-0.004-b1-0.95-b2-0.98/s42/request.json"",""environment.json"":""shared/environment-37241481cc992f33721c05acbdb0a321af641862c1e247e3556f5165bab50fae.json"",""continuation.json"":""logs/wsd/sync/h40/lr-0.004-b1-0.95-b2-0.98/s42/continuation.json""}},{""id"":""sync-wsd-h40--0.004--0.95--0.98--s43"",""seed"":43,""loss"":3.4551217690214986,""jobId"":""2456287"",""artifacts"":{""metrics.jsonl"":""logs/wsd/sync/h40/lr-0.004-b1-0.95-b2-0.98/s43/metrics.jsonl"",""result.json"":""logs/wsd/sync/h40/lr-0.004-b1-0.95-b2-0.98/s43/result.json"",""resolved.yaml"":""logs/wsd/sync/h40/lr-0.004-b1-0.95-b2-0.98/s43/resolved.yaml"",""receipt.json"":""logs/wsd/sync/h40/lr-0.004-b1-0.95-b2-0.98/s43/receipt.json"",""request.json"":""logs/wsd/sync/h40/lr-0.004-b1-0.95-b2-0.98/s43/request.json"",""environment.json"":""shared/environment-8cbc83f20666dc1fa8747e485ff02cd1c79b79cb2d290ebe77bc709d7af622ca.json"",""continuation.json"":""logs/wsd/sync/h40/lr-0.004-b1-0.95-b2-0.98/s43/continuation.json""}},{""id"":""sync-wsd-h40--0.004--0.95--0.98--s44"",""seed"":44,""loss"":3.4540458228008246,""jobId"":""2456288"",""artifacts"":{""metrics.jsonl"":""logs/wsd/sync/h40/lr-0.004-b1-0.95-b2-0.98/s44/metrics.jsonl"",""result.json"":""logs/wsd/sync/h40/lr-0.004-b1-0.95-b2-0.98/s44/result.json"",""resolved.yaml"":""logs/wsd/sync/h40/lr-0.004-b1-0.95-b2-0.98/s44/resolved.yaml"",""receipt.json"":""logs/wsd/sync/h40/lr-0.004-b1-0.95-b2-0.98/s44/receipt.json"",""request.json"":""logs/wsd/sync/h40/lr-0.004-b1-0.95-b2-0.98/s44/request.json"",""environment.json"":""shared/environment-d9b3a3d94c9e2954dc22f3525d7790aa96ebe57c78eb86b0584801618fdc3efa.json"",""continuation.json"":""logs/wsd/sync/h40/lr-0.004-b1-0.95-b2-0.98/s44/continuation.json""}}]",1
wsd,sync,80,0.003,0.95,0.999,sync-wsd-h80--0.003--0.95--0.999,3.374769685331667,0.0030796182174545766,"[{""id"":""sync-wsd-h80--0.003--0.95--0.999--s42"",""seed"":42,""loss"":3.371351940317979,""jobId"":""2460653"",""artifacts"":{""metrics.jsonl"":""logs/wsd/sync/h80/lr-0.003-b1-0.95-b2-0.999/s42/metrics.jsonl"",""result.json"":""logs/wsd/sync/h80/lr-0.003-b1-0.95-b2-0.999/s42/result.json"",""resolved.yaml"":""logs/wsd/sync/h80/lr-0.003-b1-0.95-b2-0.999/s42/resolved.yaml"",""receipt.json"":""logs/wsd/sync/h80/lr-0.003-b1-0.95-b2-0.999/s42/receipt.json"",""request.json"":""logs/wsd/sync/h80/lr-0.003-b1-0.95-b2-0.999/s42/request.json"",""environment.json"":""shared/environment-4f9a4cd662fa7712a88b62965b902201758b212b5de2790fa6d8d07e3f7c6e96.json"",""continuation.json"":""logs/wsd/sync/h80/lr-0.003-b1-0.95-b2-0.999/s42/continuation.json""}},{""id"":""sync-wsd-h80--0.003--0.95--0.999--s43"",""seed"":43,""loss"":3.3773290357226062,""jobId"":""2460654"",""artifacts"":{""metrics.jsonl"":""logs/wsd/sync/h80/lr-0.003-b1-0.95-b2-0.999/s43/metrics.jsonl"",""result.json"":""logs/wsd/sync/h80/lr-0.003-b1-0.95-b2-0.999/s43/result.json"",""resolved.yaml"":""logs/wsd/sync/h80/lr-0.003-b1-0.95-b2-0.999/s43/resolved.yaml"",""receipt.json"":""logs/wsd/sync/h80/lr-0.003-b1-0.95-b2-0.999/s43/receipt.json"",""request.json"":""logs/wsd/sync/h80/lr-0.003-b1-0.95-b2-0.999/s43/request.json"",""environment.json"":""shared/environment-e0da0b272cd21f5ba8232363bc3afd873581cc46657d643650a434ba33493728.json"",""continuation.json"":""logs/wsd/sync/h80/lr-0.003-b1-0.95-b2-0.999/s43/continuation.json""}},{""id"":""sync-wsd-h80--0.003--0.95--0.999--s44"",""seed"":44,""loss"":3.3756280799544163,""jobId"":""2460783"",""artifacts"":{""metrics.jsonl"":""logs/wsd/sync/h80/lr-0.003-b1-0.95-b2-0.999/s44/metrics.jsonl"",""result.json"":""logs/wsd/sync/h80/lr-0.003-b1-0.95-b2-0.999/s44/result.json"",""resolved.yaml"":""logs/wsd/sync/h80/lr-0.003-b1-0.95-b2-0.999/s44/resolved.yaml"",""receipt.json"":""logs/wsd/sync/h80/lr-0.003-b1-0.95-b2-0.999/s44/receipt.json"",""request.json"":""logs/wsd/sync/h80/lr-0.003-b1-0.95-b2-0.999/s44/request.json"",""environment.json"":""shared/environment-90d7fc894fde6dc1f5b805592a7eb073f6b93a43e9a7f2d48e235474327537b5.json"",""continuation.json"":""logs/wsd/sync/h80/lr-0.003-b1-0.95-b2-0.999/s44/continuation.json""}}]",1
wsd,sync,120,0.003,0.95,0.999,sync-wsd-h120--0.003--0.95--0.999,3.339163871360971,0.0033778466051173125,"[{""id"":""sync-wsd-h120--0.003--0.95--0.999--s42"",""seed"":42,""loss"":3.3358776806003805,""jobId"":""2461571"",""artifacts"":{""metrics.jsonl"":""logs/wsd/sync/h120/lr-0.003-b1-0.95-b2-0.999/s42/metrics.jsonl"",""result.json"":""logs/wsd/sync/h120/lr-0.003-b1-0.95-b2-0.999/s42/result.json"",""resolved.yaml"":""logs/wsd/sync/h120/lr-0.003-b1-0.95-b2-0.999/s42/resolved.yaml"",""receipt.json"":""logs/wsd/sync/h120/lr-0.003-b1-0.95-b2-0.999/s42/receipt.json"",""request.json"":""logs/wsd/sync/h120/lr-0.003-b1-0.95-b2-0.999/s42/request.json"",""environment.json"":""shared/environment-fdac57abe64a584a2e326704710034720baba0a49d9a1a3ecfa24e587cf78b35.json"",""continuation.json"":""logs/wsd/sync/h120/lr-0.003-b1-0.95-b2-0.999/s42/continuation.json""}},{""id"":""sync-wsd-h120--0.003--0.95--0.999--s43"",""seed"":43,""loss"":3.342626461286864,""jobId"":""2461572"",""artifacts"":{""metrics.jsonl"":""logs/wsd/sync/h120/lr-0.003-b1-0.95-b2-0.999/s43/metrics.jsonl"",""result.json"":""logs/wsd/sync/h120/lr-0.003-b1-0.95-b2-0.999/s43/result.json"",""resolved.yaml"":""logs/wsd/sync/h120/lr-0.003-b1-0.95-b2-0.999/s43/resolved.yaml"",""receipt.json"":""logs/wsd/sync/h120/lr-0.003-b1-0.95-b2-0.999/s43/receipt.json"",""request.json"":""logs/wsd/sync/h120/lr-0.003-b1-0.95-b2-0.999/s43/request.json"",""environment.json"":""shared/environment-644aaa1503bb8d849191c2e4b065120e455ae6e723dd2eb9beaea0ab8c13a2c2.json"",""continuation.json"":""logs/wsd/sync/h120/lr-0.003-b1-0.95-b2-0.999/s43/continuation.json""}},{""id"":""sync-wsd-h120--0.003--0.95--0.999--s44"",""seed"":44,""loss"":3.3389874721956683,""jobId"":""2461573"",""artifacts"":{""metrics.jsonl"":""logs/wsd/sync/h120/lr-0.003-b1-0.95-b2-0.999/s44/metrics.jsonl"",""result.json"":""logs/wsd/sync/h120/lr-0.003-b1-0.95-b2-0.999/s44/result.json"",""resolved.yaml"":""logs/wsd/sync/h120/lr-0.003-b1-0.95-b2-0.999/s44/resolved.yaml"",""receipt.json"":""logs/wsd/sync/h120/lr-0.003-b1-0.95-b2-0.999/s44/receipt.json"",""request.json"":""logs/wsd/sync/h120/lr-0.003-b1-0.95-b2-0.999/s44/request.json"",""environment.json"":""shared/environment-c84fd40debdcd5ba23c9db0460de179c2f5587167e75744b973aec45e2541962.json"",""continuation.json"":""logs/wsd/sync/h120/lr-0.003-b1-0.95-b2-0.999/s44/continuation.json""}}]",1
wsd,sync,160,0.003,0.95,0.999,sync-wsd-h160--0.003--0.95--0.999,3.3170908548421747,0.00377307617192755,"[{""id"":""sync-wsd-h160--0.003--0.95--0.999--s42"",""seed"":42,""loss"":3.313441292120476,""jobId"":""2462450"",""artifacts"":{""metrics.jsonl"":""logs/wsd/sync/h160/lr-0.003-b1-0.95-b2-0.999/s42/metrics.jsonl"",""result.json"":""logs/wsd/sync/h160/lr-0.003-b1-0.95-b2-0.999/s42/result.json"",""resolved.yaml"":""logs/wsd/sync/h160/lr-0.003-b1-0.95-b2-0.999/s42/resolved.yaml"",""receipt.json"":""logs/wsd/sync/h160/lr-0.003-b1-0.95-b2-0.999/s42/receipt.json"",""request.json"":""logs/wsd/sync/h160/lr-0.003-b1-0.95-b2-0.999/s42/request.json"",""environment.json"":""shared/environment-e53da46c9857478102f626280b2d8cebc856b0671b2b55c952b9196f2f160424.json"",""continuation.json"":""logs/wsd/sync/h160/lr-0.003-b1-0.95-b2-0.999/s42/continuation.json""}},{""id"":""sync-wsd-h160--0.003--0.95--0.999--s43"",""seed"":43,""loss"":3.3209763697506856,""jobId"":""2462451"",""artifacts"":{""metrics.jsonl"":""logs/wsd/sync/h160/lr-0.003-b1-0.95-b2-0.999/s43/metrics.jsonl"",""result.json"":""logs/wsd/sync/h160/lr-0.003-b1-0.95-b2-0.999/s43/result.json"",""resolved.yaml"":""logs/wsd/sync/h160/lr-0.003-b1-0.95-b2-0.999/s43/resolved.yaml"",""receipt.json"":""logs/wsd/sync/h160/lr-0.003-b1-0.95-b2-0.999/s43/receipt.json"",""request.json"":""logs/wsd/sync/h160/lr-0.003-b1-0.95-b2-0.999/s43/request.json"",""environment.json"":""shared/environment-f5c8ccb9d1fa3298d9069fc7abb24ee07a6aaa41de532e6fbd2d38b52ff18505.json"",""continuation.json"":""logs/wsd/sync/h160/lr-0.003-b1-0.95-b2-0.999/s43/continuation.json""}},{""id"":""sync-wsd-h160--0.003--0.95--0.999--s44"",""seed"":44,""loss"":3.316854902655363,""jobId"":""2462452"",""artifacts"":{""metrics.jsonl"":""logs/wsd/sync/h160/lr-0.003-b1-0.95-b2-0.999/s44/metrics.jsonl"",""result.json"":""logs/wsd/sync/h160/lr-0.003-b1-0.95-b2-0.999/s44/result.json"",""resolved.yaml"":""logs/wsd/sync/h160/lr-0.003-b1-0.95-b2-0.999/s44/resolved.yaml"",""receipt.json"":""logs/wsd/sync/h160/lr-0.003-b1-0.95-b2-0.999/s44/receipt.json"",""request.json"":""logs/wsd/sync/h160/lr-0.003-b1-0.95-b2-0.999/s44/request.json"",""environment.json"":""shared/environment-1e1c655ee2f49a4b499a636e635575025bcdabc864a6d805195e817397a875ee.json"",""continuation.json"":""logs/wsd/sync/h160/lr-0.003-b1-0.95-b2-0.999/s44/continuation.json""}}]",1
