recipe,seed,tokens,native_loss,candidate_loss,difference,native_clipping_count,native_training_seconds,native_training_elapsed_seconds,candidate_clipping_count,candidate_training_seconds,candidate_training_elapsed_seconds
20m-sync-production,45,408027136,3.556657526408683,3.563529784281193,0.006872257872510001,50,282.45683060912415,307.06620944000315,61,221.11589288699906,245.62732787401183
20m-sync-production,46,408027136,3.5659283992691697,3.5620693271893855,-0.003859072079784198,51,282.0686373721692,305.49696159898303,60,213.61781286014593,237.41310946000158
20m-sync-production,47,408027136,3.56319449095487,3.566122019643704,0.002927528688834169,57,280.56528973999957,303.90507511099713,64,225.5124507979781,249.9732810999849
20m-packed4-production,45,408027136,3.575591227197683,3.577481397285114,0.0018901700874307537,182,299.6736741491186,326.68691121201846,175,228.17467176602804,255.7356351200142
20m-packed4-production,46,408027136,3.583175442763543,3.574425103397133,-0.00875033936641012,194,303.3082823981531,330.224760771991,171,227.98367924173363,261.2092124070041
20m-packed4-production,47,408027136,3.589121171806019,3.5761677474831983,-0.012953424322820872,203,269.8771853179205,296.8233972119924,197,232.91065920511028,260.9271835340187
20m-packed8-production,45,408027136,3.596588346418311,3.597398873370478,0.000810526952166768,332,288.0616829930332,319.22157412199886,354,228.8785791778937,259.5528776499996
20m-packed8-production,46,408027136,3.590688607618844,3.5896900732244723,-0.0009985343943714753,397,277.8931799013226,308.97879464100697,377,238.2914004958875,273.24218083999585
20m-packed8-production,47,408027136,3.582105491380242,3.5859069930259007,0.0038015016456585116,391,283.25454460585024,314.48164461299893,372,230.9547258909879,261.66327621600067
20m-sync-small,45,408092672,3.5599282613107186,3.559798348631961,-0.0001299126787577265,301,533.5361037319817,547.3358001050074,297,276.0558881679899,288.9447102769918
20m-sync-small,46,408092672,3.5620739567243667,3.5631625761498684,0.0010886194255017578,313,556.7921261631127,570.6844452140067,306,276.76682289110613,289.9618725970213
20m-sync-small,47,408092672,3.564533132463925,3.5644499208164717,-8.321164745339615e-05,312,609.5614529949962,622.9732698469998,303,278.77993439289276,292.0569398270163
20m-packed4-small,45,408092672,3.5614831755515155,3.563671405784417,0.002188230232901489,2165,484.73602025414584,501.69780881499173,2300,308.970646620005,325.9721918690002
20m-packed4-small,46,408092672,3.559171870584688,3.5629800844625317,0.0038082138778436914,1709,452.20695987684303,468.4530848870054,1780,303.9080716869962,320.281016079
20m-packed4-small,47,408092672,3.5661376015383675,3.5667754352658982,0.0006378337275307899,1682,426.9265621410741,443.9493204570026,1696,312.1474199879631,329.64569851000124
