lr,beta1,beta2,seed,unclipped_loss,clipped_loss,clipped_evidence,difference,unclipped_directory,clipped_directory
0.0056,0.9,0.95,42,3.7041138326042233,3.631975330687588,original_files_reaudited,0.07213850191663518,runs/packed4-awc-noclip-20m-batch128k-20260912/experiments/packed4-awc-noclip-lr0.0056-beta1-0.9-beta2-0.95-seed42,runs/packed4-20m-batch128k-micro32-20260911/experiments/packed4-lr0.0056-beta2-0.95-seed42
0.0056,0.9,0.95,43,3.7066826286739927,3.642912327986876,original_files_reaudited,0.06377030068711687,runs/packed4-awc-noclip-20m-batch128k-20260912/experiments/packed4-awc-noclip-lr0.0056-beta1-0.9-beta2-0.95-seed43,runs/packed4-20m-batch128k-micro32-20260911/experiments/packed4-lr0.0056-beta2-0.95-seed43
0.0056,0.9,0.95,44,3.6937339171556256,3.6341899108092117,original_files_reaudited,0.05954400634641388,runs/packed4-awc-noclip-20m-batch128k-20260912/experiments/packed4-awc-noclip-lr0.0056-beta1-0.9-beta2-0.95-seed44,runs/packed4-20m-batch128k-micro32-20260911/experiments/packed4-lr0.0056-beta2-0.95-seed44
0.0056,0.9,0.98,42,3.6899800325197973,3.609251321150892,original_files_reaudited,0.08072871136890525,runs/packed4-awc-noclip-20m-batch128k-20260912/experiments/packed4-awc-noclip-lr0.0056-beta1-0.9-beta2-0.98-seed42,runs/packed4-20m-batch128k-micro32-20260911/experiments/packed4-lr0.0056-beta2-0.98-seed42
0.0056,0.9,0.98,43,3.6150332748986327,3.609599696300922,original_files_reaudited,0.005433578597710653,runs/packed4-awc-noclip-20m-batch128k-20260912/experiments/packed4-awc-noclip-lr0.0056-beta1-0.9-beta2-0.98-seed43,runs/packed4-20m-batch128k-micro32-20260911/experiments/packed4-lr0.0056-beta2-0.98-seed43
0.0056,0.9,0.98,44,3.7001994500104773,3.5996826962317847,original_files_reaudited,0.10051675377869262,runs/packed4-awc-noclip-20m-batch128k-20260912/experiments/packed4-awc-noclip-lr0.0056-beta1-0.9-beta2-0.98-seed44,runs/packed4-20m-batch128k-micro32-20260911/experiments/packed4-lr0.0056-beta2-0.98-seed44
0.0056,0.9,0.99,42,3.750102472635661,3.596142369521728,original_files_reaudited,0.15396010311393304,runs/packed4-awc-noclip-20m-batch128k-20260912/experiments/packed4-awc-noclip-lr0.0056-beta1-0.9-beta2-0.99-seed42,runs/packed4-awc-20m-beta99-lr016-20260911/experiments/packed4-awc-lr0.0056-beta2-0.99-seed42
0.0056,0.9,0.99,43,3.7810388647709563,3.6106213251962562,original_files_reaudited,0.17041753957470007,runs/packed4-awc-noclip-20m-batch128k-20260912/experiments/packed4-awc-noclip-lr0.0056-beta1-0.9-beta2-0.99-seed43,runs/packed4-awc-20m-beta99-lr016-20260911/experiments/packed4-awc-lr0.0056-beta2-0.99-seed43
0.0056,0.9,0.99,44,3.595197512008627,3.606265532195382,original_files_reaudited,-0.011068020186755234,runs/packed4-awc-noclip-20m-batch128k-20260912/experiments/packed4-awc-noclip-lr0.0056-beta1-0.9-beta2-0.99-seed44,runs/packed4-awc-20m-beta99-lr016-20260911/experiments/packed4-awc-lr0.0056-beta2-0.99-seed44
0.0056,0.9,0.999,42,3.704067632604476,3.6107921876669864,original_files_reaudited,0.09327544493748974,runs/packed4-awc-noclip-20m-batch128k-20260912/experiments/packed4-awc-noclip-lr0.0056-beta1-0.9-beta2-0.999-seed42,runs/packed4-20m-batch128k-micro32-20260911/experiments/packed4-lr0.0056-beta2-0.999-seed42
0.0056,0.9,0.999,43,3.6389566431809572,3.609492914919798,original_files_reaudited,0.029463728261159172,runs/packed4-awc-noclip-20m-batch128k-20260912/experiments/packed4-awc-noclip-lr0.0056-beta1-0.9-beta2-0.999-seed43,runs/packed4-20m-batch128k-micro32-20260911/experiments/packed4-lr0.0056-beta2-0.999-seed43
0.0056,0.9,0.999,44,3.7391540799854712,3.6184492175554643,original_files_reaudited,0.12070486243000689,runs/packed4-awc-noclip-20m-batch128k-20260912/experiments/packed4-awc-noclip-lr0.0056-beta1-0.9-beta2-0.999-seed44,runs/packed4-20m-batch128k-micro32-20260911/experiments/packed4-lr0.0056-beta2-0.999-seed44
0.008,0.9,0.95,42,3.780645098838506,3.615438266006561,original_files_reaudited,0.16520683283194515,runs/packed4-awc-noclip-20m-batch128k-20260912/experiments/packed4-awc-noclip-lr0.008-beta1-0.9-beta2-0.95-seed42,runs/packed4-20m-batch128k-micro32-20260911/experiments/packed4-lr0.008-beta2-0.95-seed42
0.008,0.9,0.95,43,3.767291706039712,3.630263153383503,original_files_reaudited,0.13702855265620917,runs/packed4-awc-noclip-20m-batch128k-20260912/experiments/packed4-awc-noclip-lr0.008-beta1-0.9-beta2-0.95-seed43,runs/packed4-20m-batch128k-micro32-20260911/experiments/packed4-lr0.008-beta2-0.95-seed43
0.008,0.9,0.95,44,3.7426938784090407,3.6167713759402833,original_files_reaudited,0.12592250246875736,runs/packed4-awc-noclip-20m-batch128k-20260912/experiments/packed4-awc-noclip-lr0.008-beta1-0.9-beta2-0.95-seed44,runs/packed4-20m-batch128k-micro32-20260911/experiments/packed4-lr0.008-beta2-0.95-seed44
0.008,0.9,0.98,42,3.759918324245581,3.6007030836335767,original_files_reaudited,0.1592152406120042,runs/packed4-awc-noclip-20m-batch128k-20260912/experiments/packed4-awc-noclip-lr0.008-beta1-0.9-beta2-0.98-seed42,runs/packed4-20m-batch128k-micro32-20260911/experiments/packed4-lr0.008-beta2-0.98-seed42
0.008,0.9,0.98,43,3.799662302350933,3.609275129516022,original_files_reaudited,0.1903871728349107,runs/packed4-awc-noclip-20m-batch128k-20260912/experiments/packed4-awc-noclip-lr0.008-beta1-0.9-beta2-0.98-seed43,runs/packed4-20m-batch128k-micro32-20260911/experiments/packed4-lr0.008-beta2-0.98-seed43
0.008,0.9,0.98,44,3.6542549781741456,3.5957523767688087,original_files_reaudited,0.05850260140533692,runs/packed4-awc-noclip-20m-batch128k-20260912/experiments/packed4-awc-noclip-lr0.008-beta1-0.9-beta2-0.98-seed44,runs/packed4-20m-batch128k-micro32-20260911/experiments/packed4-lr0.008-beta2-0.98-seed44
0.008,0.9,0.99,42,3.811367647569368,3.615880949827964,original_files_reaudited,0.19548669774140404,runs/packed4-awc-noclip-20m-batch128k-20260912/experiments/packed4-awc-noclip-lr0.008-beta1-0.9-beta2-0.99-seed42,runs/packed4-awc-20m-beta99-lr016-20260911/experiments/packed4-awc-lr0.008-beta2-0.99-seed42
0.008,0.9,0.99,43,3.8393379083715233,3.609831246202854,original_files_reaudited,0.22950666216866944,runs/packed4-awc-noclip-20m-batch128k-20260912/experiments/packed4-awc-noclip-lr0.008-beta1-0.9-beta2-0.99-seed43,runs/packed4-awc-20m-beta99-lr016-20260911/experiments/packed4-awc-lr0.008-beta2-0.99-seed43
0.008,0.9,0.99,44,3.6927778310695647,3.599069250491942,original_files_reaudited,0.09370858057762277,runs/packed4-awc-noclip-20m-batch128k-20260912/experiments/packed4-awc-noclip-lr0.008-beta1-0.9-beta2-0.99-seed44,runs/packed4-awc-20m-beta99-lr016-20260911/experiments/packed4-awc-lr0.008-beta2-0.99-seed44
0.008,0.9,0.999,42,4.040000007051054,3.7234530852390364,original_files_reaudited,0.3165469218120176,runs/packed4-awc-noclip-20m-batch128k-20260912/experiments/packed4-awc-noclip-lr0.008-beta1-0.9-beta2-0.999-seed42,runs/packed4-20m-batch128k-micro32-20260911/experiments/packed4-lr0.008-beta2-0.999-seed42
0.008,0.9,0.999,43,3.826106598151257,3.744734024065677,original_files_reaudited,0.08137257408558041,runs/packed4-awc-noclip-20m-batch128k-20260912/experiments/packed4-awc-noclip-lr0.008-beta1-0.9-beta2-0.999-seed43,runs/packed4-20m-batch128k-micro32-20260911/experiments/packed4-lr0.008-beta2-0.999-seed43
0.008,0.9,0.999,44,3.850089050699714,3.627949880035921,original_files_reaudited,0.22213917066379274,runs/packed4-awc-noclip-20m-batch128k-20260912/experiments/packed4-awc-noclip-lr0.008-beta1-0.9-beta2-0.999-seed44,runs/packed4-20m-batch128k-micro32-20260911/experiments/packed4-lr0.008-beta2-0.999-seed44
0.008,0.925,0.95,42,3.8255722875301377,3.602624317552061,published_per_run_record,0.22294796997807653,runs/packed4-awc-noclip-20m-batch128k-20260912/experiments/packed4-awc-noclip-lr0.008-beta1-0.925-beta2-0.95-seed42,runs/packed4-20m-beta1-beta2-20260911/experiments/packed4-beta10.925-beta2-0.95-seed42
0.008,0.925,0.95,43,3.822247937712168,3.6203019706355803,published_per_run_record,0.20194596707658752,runs/packed4-awc-noclip-20m-batch128k-20260912/experiments/packed4-awc-noclip-lr0.008-beta1-0.925-beta2-0.95-seed43,runs/packed4-20m-beta1-beta2-20260911/experiments/packed4-beta10.925-beta2-0.95-seed43
0.008,0.925,0.95,44,3.7422580747357643,3.613581604095284,published_per_run_record,0.12867647064048038,runs/packed4-awc-noclip-20m-batch128k-20260912/experiments/packed4-awc-noclip-lr0.008-beta1-0.925-beta2-0.95-seed44,runs/packed4-20m-beta1-beta2-20260911/experiments/packed4-beta10.925-beta2-0.95-seed44
0.008,0.925,0.98,42,3.8510466158466286,3.608435405781798,published_per_run_record,0.24261121006483055,runs/packed4-awc-noclip-20m-batch128k-20260912/experiments/packed4-awc-noclip-lr0.008-beta1-0.925-beta2-0.98-seed42,runs/packed4-20m-beta1-beta2-20260911/experiments/packed4-beta10.925-beta2-0.98-seed42
0.008,0.925,0.98,43,3.755436226091744,3.6036127804224556,published_per_run_record,0.1518234456692884,runs/packed4-awc-noclip-20m-batch128k-20260912/experiments/packed4-awc-noclip-lr0.008-beta1-0.925-beta2-0.98-seed43,runs/packed4-20m-beta1-beta2-20260911/experiments/packed4-beta10.925-beta2-0.98-seed43
0.008,0.925,0.98,44,3.742282443789282,3.600412161572182,published_per_run_record,0.1418702822171003,runs/packed4-awc-noclip-20m-batch128k-20260912/experiments/packed4-awc-noclip-lr0.008-beta1-0.925-beta2-0.98-seed44,runs/packed4-20m-beta1-beta2-20260911/experiments/packed4-beta10.925-beta2-0.98-seed44
0.008,0.925,0.99,42,3.6973560517072057,3.680425856136735,original_files_reaudited,0.01693019557047082,runs/packed4-awc-noclip-20m-batch128k-20260912/experiments/packed4-awc-noclip-lr0.008-beta1-0.925-beta2-0.99-seed42,runs/packed4-awc-20m-beta1-fill-20260911/experiments/packed4-awc-lr0.008-beta1-0.925-beta2-0.99-seed42
0.008,0.925,0.99,43,3.609332567325115,3.6056249141568477,original_files_reaudited,0.0037076531682673775,runs/packed4-awc-noclip-20m-batch128k-20260912/experiments/packed4-awc-noclip-lr0.008-beta1-0.925-beta2-0.99-seed43,runs/packed4-awc-20m-beta1-fill-20260911/experiments/packed4-awc-lr0.008-beta1-0.925-beta2-0.99-seed43
0.008,0.925,0.99,44,3.7500335440091273,3.599603528388055,original_files_reaudited,0.15043001562107206,runs/packed4-awc-noclip-20m-batch128k-20260912/experiments/packed4-awc-noclip-lr0.008-beta1-0.925-beta2-0.99-seed44,runs/packed4-awc-20m-beta1-fill-20260911/experiments/packed4-awc-lr0.008-beta1-0.925-beta2-0.99-seed44
0.008,0.925,0.999,42,3.9884658461534506,3.636504664287374,published_per_run_record,0.3519611818660766,runs/packed4-awc-noclip-20m-batch128k-20260912/experiments/packed4-awc-noclip-lr0.008-beta1-0.925-beta2-0.999-seed42,runs/packed4-20m-beta1-beta2-20260911/experiments/packed4-beta10.925-beta2-0.999-seed42
0.008,0.925,0.999,43,3.791518414212971,3.620115303729385,published_per_run_record,0.17140311048358603,runs/packed4-awc-noclip-20m-batch128k-20260912/experiments/packed4-awc-noclip-lr0.008-beta1-0.925-beta2-0.999-seed43,runs/packed4-20m-beta1-beta2-20260911/experiments/packed4-beta10.925-beta2-0.999-seed43
0.008,0.925,0.999,44,4.026513321273011,3.625677914645191,published_per_run_record,0.40083540662782013,runs/packed4-awc-noclip-20m-batch128k-20260912/experiments/packed4-awc-noclip-lr0.008-beta1-0.925-beta2-0.999-seed44,runs/packed4-20m-beta1-beta2-20260911/experiments/packed4-beta10.925-beta2-0.999-seed44
0.008,0.95,0.95,42,3.7833762152877193,3.6131776766289283,published_per_run_record,0.17019853865879098,runs/packed4-awc-noclip-20m-batch128k-20260912/experiments/packed4-awc-noclip-lr0.008-beta1-0.95-beta2-0.95-seed42,runs/packed4-20m-beta1-beta2-20260911/experiments/packed4-beta10.95-beta2-0.95-seed42
0.008,0.95,0.95,43,3.7900400616573475,3.6325388444324647,published_per_run_record,0.15750121722488286,runs/packed4-awc-noclip-20m-batch128k-20260912/experiments/packed4-awc-noclip-lr0.008-beta1-0.95-beta2-0.95-seed43,runs/packed4-20m-beta1-beta2-20260911/experiments/packed4-beta10.95-beta2-0.95-seed43
0.008,0.95,0.95,44,3.757922760174461,3.6135931788398135,published_per_run_record,0.14432958133464746,runs/packed4-awc-noclip-20m-batch128k-20260912/experiments/packed4-awc-noclip-lr0.008-beta1-0.95-beta2-0.95-seed44,runs/packed4-20m-beta1-beta2-20260911/experiments/packed4-beta10.95-beta2-0.95-seed44
0.008,0.95,0.98,42,3.748650511807065,3.5892806301466837,published_per_run_record,0.15936988166038146,runs/packed4-awc-noclip-20m-batch128k-20260912/experiments/packed4-awc-noclip-lr0.008-beta1-0.95-beta2-0.98-seed42,runs/packed4-20m-beta1-beta2-20260911/experiments/packed4-beta10.95-beta2-0.98-seed42
0.008,0.95,0.98,43,3.7393433734916037,3.6149460466671512,published_per_run_record,0.12439732682445248,runs/packed4-awc-noclip-20m-batch128k-20260912/experiments/packed4-awc-noclip-lr0.008-beta1-0.95-beta2-0.98-seed43,runs/packed4-20m-beta1-beta2-20260911/experiments/packed4-beta10.95-beta2-0.98-seed43
0.008,0.95,0.98,44,3.7547548579962493,3.6041548539382435,published_per_run_record,0.15060000405800578,runs/packed4-awc-noclip-20m-batch128k-20260912/experiments/packed4-awc-noclip-lr0.008-beta1-0.95-beta2-0.98-seed44,runs/packed4-20m-beta1-beta2-20260911/experiments/packed4-beta10.95-beta2-0.98-seed44
0.008,0.95,0.99,42,3.8126833150681154,3.589973732468213,original_files_reaudited,0.2227095825999026,runs/packed4-awc-noclip-20m-batch128k-20260912/experiments/packed4-awc-noclip-lr0.008-beta1-0.95-beta2-0.99-seed42,runs/packed4-awc-20m-beta1-fill-20260911/experiments/packed4-awc-lr0.008-beta1-0.95-beta2-0.99-seed42
0.008,0.95,0.99,43,3.8856205504906467,3.5969862952951,original_files_reaudited,0.28863425519554653,runs/packed4-awc-noclip-20m-batch128k-20260912/experiments/packed4-awc-noclip-lr0.008-beta1-0.95-beta2-0.99-seed43,runs/packed4-awc-20m-beta1-fill-20260911/experiments/packed4-awc-lr0.008-beta1-0.95-beta2-0.99-seed43
0.008,0.95,0.99,44,3.754091211529644,3.5997156873995255,original_files_reaudited,0.15437552413011835,runs/packed4-awc-noclip-20m-batch128k-20260912/experiments/packed4-awc-noclip-lr0.008-beta1-0.95-beta2-0.99-seed44,runs/packed4-awc-20m-beta1-fill-20260911/experiments/packed4-awc-lr0.008-beta1-0.95-beta2-0.99-seed44
0.008,0.95,0.999,42,4.029081280762682,3.6235080270902267,published_per_run_record,0.40557325367245545,runs/packed4-awc-noclip-20m-batch128k-20260912/experiments/packed4-awc-noclip-lr0.008-beta1-0.95-beta2-0.999-seed42,runs/packed4-20m-beta1-beta2-20260911/experiments/packed4-beta10.95-beta2-0.999-seed42
0.008,0.95,0.999,43,3.9183992846868816,3.630440410840382,published_per_run_record,0.28795887384649976,runs/packed4-awc-noclip-20m-batch128k-20260912/experiments/packed4-awc-noclip-lr0.008-beta1-0.95-beta2-0.999-seed43,runs/packed4-20m-beta1-beta2-20260911/experiments/packed4-beta10.95-beta2-0.999-seed43
0.008,0.95,0.999,44,3.8578815149245114,3.6691430574582298,published_per_run_record,0.1887384574662816,runs/packed4-awc-noclip-20m-batch128k-20260912/experiments/packed4-awc-noclip-lr0.008-beta1-0.95-beta2-0.999-seed44,runs/packed4-20m-beta1-beta2-20260911/experiments/packed4-beta10.95-beta2-0.999-seed44
0.008,0.975,0.95,42,4.093791344774857,3.6948285489363926,published_per_run_record,0.3989627958384645,runs/packed4-awc-noclip-20m-batch128k-20260912/experiments/packed4-awc-noclip-lr0.008-beta1-0.975-beta2-0.95-seed42,runs/packed4-20m-beta1-beta2-20260911/experiments/packed4-beta10.975-beta2-0.95-seed42
0.008,0.975,0.95,43,4.04325383499412,3.6859406884765824,published_per_run_record,0.35731314651753765,runs/packed4-awc-noclip-20m-batch128k-20260912/experiments/packed4-awc-noclip-lr0.008-beta1-0.975-beta2-0.95-seed43,runs/packed4-20m-beta1-beta2-20260911/experiments/packed4-beta10.975-beta2-0.95-seed43
0.008,0.975,0.95,44,4.08451585205336,3.698421875766031,published_per_run_record,0.386093976287329,runs/packed4-awc-noclip-20m-batch128k-20260912/experiments/packed4-awc-noclip-lr0.008-beta1-0.975-beta2-0.95-seed44,runs/packed4-20m-beta1-beta2-20260911/experiments/packed4-beta10.975-beta2-0.95-seed44
0.008,0.975,0.98,42,3.9453931484768443,3.6515993349618583,published_per_run_record,0.293793813514986,runs/packed4-awc-noclip-20m-batch128k-20260912/experiments/packed4-awc-noclip-lr0.008-beta1-0.975-beta2-0.98-seed42,runs/packed4-20m-beta1-beta2-20260911/experiments/packed4-beta10.975-beta2-0.98-seed42
0.008,0.975,0.98,43,4.001340177067351,3.6660972990202882,published_per_run_record,0.33524287804706265,runs/packed4-awc-noclip-20m-batch128k-20260912/experiments/packed4-awc-noclip-lr0.008-beta1-0.975-beta2-0.98-seed43,runs/packed4-20m-beta1-beta2-20260911/experiments/packed4-beta10.975-beta2-0.98-seed43
0.008,0.975,0.98,44,4.010749422560386,3.671021443228994,published_per_run_record,0.3397279793313923,runs/packed4-awc-noclip-20m-batch128k-20260912/experiments/packed4-awc-noclip-lr0.008-beta1-0.975-beta2-0.98-seed44,runs/packed4-20m-beta1-beta2-20260911/experiments/packed4-beta10.975-beta2-0.98-seed44
0.008,0.975,0.99,42,3.965949614707933,3.688676795028814,original_files_reaudited,0.2772728196791192,runs/packed4-awc-noclip-20m-batch128k-20260912/experiments/packed4-awc-noclip-lr0.008-beta1-0.975-beta2-0.99-seed42,runs/packed4-awc-20m-beta1-fill-20260911/experiments/packed4-awc-lr0.008-beta1-0.975-beta2-0.99-seed42
0.008,0.975,0.99,43,3.7683483210504503,3.646338180720578,original_files_reaudited,0.12201014032987212,runs/packed4-awc-noclip-20m-batch128k-20260912/experiments/packed4-awc-noclip-lr0.008-beta1-0.975-beta2-0.99-seed43,runs/packed4-awc-20m-beta1-fill-20260911/experiments/packed4-awc-lr0.008-beta1-0.975-beta2-0.99-seed43
0.008,0.975,0.99,44,3.8749612851991952,3.6687880825165196,original_files_reaudited,0.2061732026826757,runs/packed4-awc-noclip-20m-batch128k-20260912/experiments/packed4-awc-noclip-lr0.008-beta1-0.975-beta2-0.99-seed44,runs/packed4-awc-20m-beta1-fill-20260911/experiments/packed4-awc-lr0.008-beta1-0.975-beta2-0.99-seed44
0.008,0.975,0.999,42,4.413119512408323,3.6840659433437213,published_per_run_record,0.7290535690646016,runs/packed4-awc-noclip-20m-batch128k-20260912/experiments/packed4-awc-noclip-lr0.008-beta1-0.975-beta2-0.999-seed42,runs/packed4-20m-beta1-beta2-20260911/experiments/packed4-beta10.975-beta2-0.999-seed42
0.008,0.975,0.999,43,3.9754078127131534,3.678963832315723,published_per_run_record,0.29644398039743036,runs/packed4-awc-noclip-20m-batch128k-20260912/experiments/packed4-awc-noclip-lr0.008-beta1-0.975-beta2-0.999-seed43,runs/packed4-20m-beta1-beta2-20260911/experiments/packed4-beta10.975-beta2-0.999-seed43
0.008,0.975,0.999,44,4.394154831328676,3.657190602442735,published_per_run_record,0.7369642288859404,runs/packed4-awc-noclip-20m-batch128k-20260912/experiments/packed4-awc-noclip-lr0.008-beta1-0.975-beta2-0.999-seed44,runs/packed4-20m-beta1-beta2-20260911/experiments/packed4-beta10.975-beta2-0.999-seed44
0.0112,0.9,0.95,42,3.7701014391752508,3.679491270028921,original_files_reaudited,0.09061016914632969,runs/packed4-awc-noclip-20m-batch128k-20260912/experiments/packed4-awc-noclip-lr0.0112-beta1-0.9-beta2-0.95-seed42,runs/packed4-20m-batch128k-micro32-20260911/experiments/packed4-lr0.0112-beta2-0.95-seed42
0.0112,0.9,0.95,43,3.8075617468117917,3.6941092158323796,original_files_reaudited,0.1134525309794121,runs/packed4-awc-noclip-20m-batch128k-20260912/experiments/packed4-awc-noclip-lr0.0112-beta1-0.9-beta2-0.95-seed43,runs/packed4-20m-batch128k-micro32-20260911/experiments/packed4-lr0.0112-beta2-0.95-seed43
0.0112,0.9,0.95,44,3.7581642354264186,3.6561118735829723,original_files_reaudited,0.10205236184344635,runs/packed4-awc-noclip-20m-batch128k-20260912/experiments/packed4-awc-noclip-lr0.0112-beta1-0.9-beta2-0.95-seed44,runs/packed4-20m-batch128k-micro32-20260911/experiments/packed4-lr0.0112-beta2-0.95-seed44
0.0112,0.9,0.98,42,3.770130657118757,3.6675003732052747,original_files_reaudited,0.1026302839134825,runs/packed4-awc-noclip-20m-batch128k-20260912/experiments/packed4-awc-noclip-lr0.0112-beta1-0.9-beta2-0.98-seed42,runs/packed4-20m-batch128k-micro32-20260911/experiments/packed4-lr0.0112-beta2-0.98-seed42
0.0112,0.9,0.98,43,3.842146753740414,3.701886113226706,original_files_reaudited,0.14026064051370835,runs/packed4-awc-noclip-20m-batch128k-20260912/experiments/packed4-awc-noclip-lr0.0112-beta1-0.9-beta2-0.98-seed43,runs/packed4-20m-batch128k-micro32-20260911/experiments/packed4-lr0.0112-beta2-0.98-seed43
0.0112,0.9,0.98,44,3.7921631030040075,3.741284177890576,original_files_reaudited,0.05087892511343162,runs/packed4-awc-noclip-20m-batch128k-20260912/experiments/packed4-awc-noclip-lr0.0112-beta1-0.9-beta2-0.98-seed44,runs/packed4-20m-batch128k-micro32-20260911/experiments/packed4-lr0.0112-beta2-0.98-seed44
0.0112,0.9,0.99,42,3.84892189562662,3.7097515203344558,original_files_reaudited,0.13917037529216403,runs/packed4-awc-noclip-20m-batch128k-20260912/experiments/packed4-awc-noclip-lr0.0112-beta1-0.9-beta2-0.99-seed42,runs/packed4-awc-20m-beta99-lr016-20260911/experiments/packed4-awc-lr0.0112-beta2-0.99-seed42
0.0112,0.9,0.99,43,3.807426590979558,3.7564864867302328,original_files_reaudited,0.05094010424932538,runs/packed4-awc-noclip-20m-batch128k-20260912/experiments/packed4-awc-noclip-lr0.0112-beta1-0.9-beta2-0.99-seed43,runs/packed4-awc-20m-beta99-lr016-20260911/experiments/packed4-awc-lr0.0112-beta2-0.99-seed43
0.0112,0.9,0.99,44,3.787344771060828,3.740385733406258,original_files_reaudited,0.046959037654570324,runs/packed4-awc-noclip-20m-batch128k-20260912/experiments/packed4-awc-noclip-lr0.0112-beta1-0.9-beta2-0.99-seed44,runs/packed4-awc-20m-beta99-lr016-20260911/experiments/packed4-awc-lr0.0112-beta2-0.99-seed44
0.0112,0.9,0.999,42,4.422860523901076,3.8853861595499546,original_files_reaudited,0.5374743643511217,runs/packed4-awc-noclip-20m-batch128k-20260912/experiments/packed4-awc-noclip-lr0.0112-beta1-0.9-beta2-0.999-seed42,runs/packed4-20m-batch128k-micro32-20260911/experiments/packed4-lr0.0112-beta2-0.999-seed42
0.0112,0.9,0.999,43,4.3921653869484425,4.146007753924175,original_files_reaudited,0.24615763302426785,runs/packed4-awc-noclip-20m-batch128k-20260912/experiments/packed4-awc-noclip-lr0.0112-beta1-0.9-beta2-0.999-seed43,runs/packed4-20m-batch128k-micro32-20260911/experiments/packed4-lr0.0112-beta2-0.999-seed43
0.0112,0.9,0.999,44,4.03122486201238,4.094701716434412,original_files_reaudited,-0.06347685442203232,runs/packed4-awc-noclip-20m-batch128k-20260912/experiments/packed4-awc-noclip-lr0.0112-beta1-0.9-beta2-0.999-seed44,runs/packed4-20m-batch128k-micro32-20260911/experiments/packed4-lr0.0112-beta2-0.999-seed44
0.016,0.9,0.95,42,3.8451791208892576,3.7806738247797003,original_files_reaudited,0.06450529610955735,runs/packed4-awc-noclip-20m-batch128k-20260912/experiments/packed4-awc-noclip-lr0.016-beta1-0.9-beta2-0.95-seed42,runs/packed4-20m-batch128k-micro32-20260911/experiments/packed4-lr0.016-beta2-0.95-seed42
0.016,0.9,0.95,43,3.922651657069677,3.8258502469313163,original_files_reaudited,0.09680141013836074,runs/packed4-awc-noclip-20m-batch128k-20260912/experiments/packed4-awc-noclip-lr0.016-beta1-0.9-beta2-0.95-seed43,runs/packed4-20m-batch128k-micro32-20260911/experiments/packed4-lr0.016-beta2-0.95-seed43
0.016,0.9,0.95,44,3.933763176485622,3.790435437075498,original_files_reaudited,0.143327739410124,runs/packed4-awc-noclip-20m-batch128k-20260912/experiments/packed4-awc-noclip-lr0.016-beta1-0.9-beta2-0.95-seed44,runs/packed4-20m-batch128k-micro32-20260911/experiments/packed4-lr0.016-beta2-0.95-seed44
0.016,0.9,0.98,42,4.078025384589683,3.8102593472816224,original_files_reaudited,0.2677660373080606,runs/packed4-awc-noclip-20m-batch128k-20260912/experiments/packed4-awc-noclip-lr0.016-beta1-0.9-beta2-0.98-seed42,runs/packed4-20m-batch128k-micro32-20260911/experiments/packed4-lr0.016-beta2-0.98-seed42
0.016,0.9,0.98,43,3.8858557490157293,3.936305829026284,original_files_reaudited,-0.05045008001055473,runs/packed4-awc-noclip-20m-batch128k-20260912/experiments/packed4-awc-noclip-lr0.016-beta1-0.9-beta2-0.98-seed43,runs/packed4-20m-batch128k-micro32-20260911/experiments/packed4-lr0.016-beta2-0.98-seed43
0.016,0.9,0.98,44,3.965255629058864,3.829416265053014,original_files_reaudited,0.13583936400585017,runs/packed4-awc-noclip-20m-batch128k-20260912/experiments/packed4-awc-noclip-lr0.016-beta1-0.9-beta2-0.98-seed44,runs/packed4-20m-batch128k-micro32-20260911/experiments/packed4-lr0.016-beta2-0.98-seed44
0.016,0.9,0.99,42,4.079825997008054,4.199815892085226,original_files_reaudited,-0.11998989507717184,runs/packed4-awc-noclip-20m-batch128k-20260912/experiments/packed4-awc-noclip-lr0.016-beta1-0.9-beta2-0.99-seed42,runs/packed4-awc-20m-beta99-lr016-20260911/experiments/packed4-awc-lr0.016-beta2-0.99-seed42
0.016,0.9,0.99,43,4.170403581396933,4.010615861951234,original_files_reaudited,0.15978771944569825,runs/packed4-awc-noclip-20m-batch128k-20260912/experiments/packed4-awc-noclip-lr0.016-beta1-0.9-beta2-0.99-seed43,runs/packed4-awc-20m-beta99-lr016-20260911/experiments/packed4-awc-lr0.016-beta2-0.99-seed43
0.016,0.9,0.99,44,4.029649518161895,4.069868565861545,original_files_reaudited,-0.04021904769965001,runs/packed4-awc-noclip-20m-batch128k-20260912/experiments/packed4-awc-noclip-lr0.016-beta1-0.9-beta2-0.99-seed44,runs/packed4-awc-20m-beta99-lr016-20260911/experiments/packed4-awc-lr0.016-beta2-0.99-seed44
0.016,0.9,0.999,42,4.831569338562953,4.719907424835914,original_files_reaudited,0.11166191372703871,runs/packed4-awc-noclip-20m-batch128k-20260912/experiments/packed4-awc-noclip-lr0.016-beta1-0.9-beta2-0.999-seed42,runs/packed4-20m-batch128k-micro32-20260911/experiments/packed4-lr0.016-beta2-0.999-seed42
0.016,0.9,0.999,43,4.524001316934845,4.5999432739263675,original_files_reaudited,-0.07594195699152273,runs/packed4-awc-noclip-20m-batch128k-20260912/experiments/packed4-awc-noclip-lr0.016-beta1-0.9-beta2-0.999-seed43,runs/packed4-20m-batch128k-micro32-20260911/experiments/packed4-lr0.016-beta2-0.999-seed43
0.016,0.9,0.999,44,5.025804293638293,4.559596323719771,original_files_reaudited,0.4662079699185222,runs/packed4-awc-noclip-20m-batch128k-20260912/experiments/packed4-awc-noclip-lr0.016-beta1-0.9-beta2-0.999-seed44,runs/packed4-20m-batch128k-micro32-20260911/experiments/packed4-lr0.016-beta2-0.999-seed44
